Fund House,Funds,Category,Rating,AUM(in Rs. cr),ExpenseRatio (%),inception_date,Benchmark Index,NAV,52 WeekHigh (NAV),52 WeekLow (NAV),Return (%)1 mo,Return (%)3 mo,Return (%)6 mo,Return (%)1 yr,Return (%)2 yrs,Return (%)3 yrs,Return (%)5 yrs,Return (%)10 yrs,Turnover Ratio (%),No. of Stocks,Avg. Market Cap(in Rs. cr),Large Cap(%),Mid Cap(%),Small Cap(%),Highest Sector,Avg. Maturity(in yrs),Mod. Duration(in yrs),Yield To Maturity (%),Alpha,Sharpe,Sortino,Beta,Standard Deviation,classification,category_average_return_1year,category_average_return_3years,Exit_load_Remarks
Aditya Birla Sun Life,Aditya Birla SL Active Debt Multi-Mgr FoF(G),FOF-DOM,Unrated,9.7,0.62,28-Dec-06,Crisil Composite Bond Fund Index,30.72,30.72,30.04,0.25,1.06,1.56,2.24,3.77,5.54,5.74,7.1,-,-,-,-,-,-,-,-,-,-,-0.43,-0.51,-0.62,0.17,0.99,FoFs : Domestic,-3.72,13.95,0.25% on or before 15D Nil after 15D
Aditya Birla Sun Life,Aditya Birla SL Arbitrage Fund(G),HY-ARB,3,5348.8,1.03,24-Jul-09,Nifty 50 Arbitrage,22.06,22.06,21.26,0.43,1.12,1.9,3.64,3.78,3.94,4.85,6.12,998,131,131930,47.59,12.81,4.25,Financials,0.46,0.43,5.99,0.86,0.98,2.03,-0.01,0.88,Hybrid : Arbitrage,3.56,3.65,0.25% on or before 30D Nil after 30D
Aditya Birla Sun Life,Aditya Birla SL Asset Allocator FoF(G),FOF-DOM,Unrated,142.2,1.6,17-Aug-06,CRISIL Hybrid 50+50 - Moderate Index,42.99,44.08,40.07,-0.49,3.1,-0.07,-1.97,15.15,13.97,9.15,11.82,-,-,-,-,-,-,-,-,-,-,-4.54,-0.63,-0.98,0.44,7.52,FoFs : Domestic,-3.72,13.95,1% on or before 365D Nil after 365D
Aditya Birla Sun Life,Aditya Birla SL Bal Bhavishya Yojna-Reg(G),HY-SOL,2,614.5,2.48,11-Feb-19,NIFTY 500 - TRI,13.59,14.53,11.76,-1.52,6.51,2.41,-4.97,12.91,9.56,-,-,45,58,99322,57.59,27.38,13.68,Financials,-,-,-,-5.97,-0.39,-0.61,1.03,16.61,Hybrid : Solution Oriented,-1.53,19.02,Nil
Aditya Birla Sun Life,Aditya Birla SL Balanced Advantage Fund(G),HY-DYN,4,6745.2,1.81,25-Apr-00,CRISIL Hybrid 50+50 - Moderate Index,74.3,75.64,68.36,-0.39,4.65,2.6,-0.56,14.29,11.02,8.05,10.85,308,112,193013,55.35,6.61,3.7,Financials,1.52,1.32,7.34,-2.37,-0.32,-0.5,0.54,8.35,Hybrid : Dynamic Asset Allocation,1.18,10.47,0.25% on or before 7D Nil after 7D
Aditya Birla Sun Life,Aditya Birla SL Banking & Financial Services Fund-Reg(G),EQ-FIN,4,2371.1,2.15,14-Dec-13,Nifty Financial Services - TRI,39.61,41.77,32.27,-1.62,12.45,5.41,-3.63,28.68,11.16,7.27,-,30,32,162461,74.95,10.17,10.21,Financials,-,-,-,2.29,-0.17,-0.27,1.08,21.3,Equity : Sectoral - Financial Services,-1.79,11.01,1% on or before 30D Nil after 30D
Aditya Birla Sun Life,Aditya Birla SL Banking & PSU Debt(G),DT-B&PSU,4,8506.4,0.7,5-May-08,NIFTY Banking and PSU Debt Index,300.3,300.4,291.91,0.08,1.03,1.47,2.83,3.65,6.02,6.65,8.31,0,-,-,-,-,-,-,2.86,1.98,7.23,0.23,0.13,0.17,0.19,1.01,Debt : Banking & PSU,2.42,5.6,Nil
Aditya Birla Sun Life,Aditya Birla SL Business Cycle Fund-Reg(G),EQ-THEM,Unrated,2306.7,1.98,3-Dec-21,S&P BSE 500 - TRI,10.24,10.55,8.76,-0.39,8.02,3.23,-,-,-,-,-,-,46,202940,82.05,12.3,2.55,Financials,-,-,-,-,-,-,-,-,Equity : Thematic,7.27,15.07,1% on or before 30D Nil after 30D
Aditya Birla Sun Life,Aditya Birla SL CEF-Global Agri-Reg(G),EQ-INTL,Unrated,15.7,1.74,7-Nov-08,S&P Global Agribusiness Index,36.82,42.75,31.7,-2.25,4.4,-15.13,8.07,28.38,15.78,9.35,7.72,9,20,31339,2.73,-,1.52,Chemicals,-,-,-,9.27,0.38,0.59,0.1,23.21,Equity : International,-18.69,6,1% on or before 30D Nil after 30D
Aditya Birla Sun Life,Aditya Birla SL Corp Bond Fund(G),DT-CORP,5,13504.1,0.46,3-Mar-97,NIFTY Corporate Bond Index,91.42,91.42,88.61,0.18,1.32,1.74,3.13,4.08,6.56,7.05,8.12,0,-,-,-,-,-,-,2.57,1.6,7.5,0.55,0.34,0.45,0.28,1.25,Debt : Corporate Bond,2.2,5.79,Nil
Aditya Birla Sun Life,Aditya Birla SL Credit Risk Fund-Reg(G),DT-CR,3,1204.7,1.55,22-Apr-15,NIFTY Credit Risk Bond Index,16.91,16.91,15.89,0.16,1.33,4.44,6.31,6.91,6.27,6.04,-,0,1,-,-,-,-,-,2.37,1.58,8.1,3.73,1.36,4.5,0.19,2.67,Debt : Credit Risk,3.6,5.53,Nil upto 15% of units For remaining units 3% on or before 1Y 2% after 1Y but on or before 2Y 1% after 2Y but on or before 3Y Nil after 3Y
Aditya Birla Sun Life,Aditya Birla SL Credit Risk Fund-Segregated Portfolio 1-Reg(G),DT-CR,Unrated,66.4,-,25-Nov-19,NIFTY Credit Risk Bond Index,0.16,0.4,0.16,0.06,0.18,-59.02,-59.02,-35.98,-,-,-,-,-,-,-,-,-,-,-,-,-,-66.4,-1.08,-1.08,0.07,61.49,Debt : Credit Risk,3.6,5.53,null
Aditya Birla Sun Life,Aditya Birla SL CRISIL IBX 50:50 Gilt Plus SDL Apr 2028 Index Fund-Reg(G),DT-M&LD,Unrated,-,-,13-Oct-22,CRISIL IBX 50:50 Gilt Plus SDL Index - April 2028,10.02,10.03,10,-,-,-,-,-,-,-,-,-,-,-,-,-,-,-,-,-,-,-,-,-,-,-,Debt : Medium to Long Duration,1.11,4.88,Nil
Aditya Birla Sun Life,Aditya Birla SL CRISIL IBX 60:40 SDL + AAA PSU - Apr 2025 Index Fund-Reg(G),DT-MD,Unrated,134.3,0.3,30-Mar-22,CRISIL IBX 60:40 PSU + AAA PSU Index - April 2025,9.97,10.01,9.77,0.09,0.89,0.54,-,-,-,-,-,0,-,-,-,-,-,-,2.33,2.04,7.44,-,-,-,-,-,Debt : Medium Duration,1.38,5.02,0.50% on or before 30D Nil after 30D
Aditya Birla Sun Life,Aditya Birla SL CRISIL IBX 60:40 SDL + AAA PSU - Apr 2027 Index Fund-Reg(G),DT-M&LD,Unrated,910.9,0.35,29-Mar-22,CRISIL IBX 60:40 PSU + AAA PSU Index - April 2027,9.96,10.02,9.67,-0.05,1,1.03,-,-,-,-,-,0,-,-,-,-,-,-,4.06,3.38,7.53,-,-,-,-,-,Debt : Medium to Long Duration,1.11,4.88,0.50% on or before 30D Nil after 30D
Aditya Birla Sun Life,Aditya Birla SL CRISIL IBX AAA - Jun 2023 Index Fund-Reg(G),DT-SD,Unrated,1381.3,0.3,22-Feb-22,CRISIL IBX AAA Index - June 2023,10.18,10.18,9.98,0.21,1.04,1.48,-,-,-,-,-,0,-,-,-,-,-,-,0.62,0.59,7.08,-,-,-,-,-,Debt : Short Duration,2.89,5.39,Nil
Aditya Birla Sun Life,Aditya Birla SL CRISIL IBX Gilt - April 2026 Index Fund-Reg(G),DT-MD,Unrated,-,-,7-Oct-22,CRISIL IBX Gilt Index - April 2026,10.04,10.04,9.99,-,-,-,-,-,-,-,-,-,-,-,-,-,-,-,-,-,-,-,-,-,-,-,Debt : Medium Duration,1.38,5.02,Nil
Aditya Birla Sun Life,Aditya Birla SL CRISIL IBX Gilt Apr 2029 Index Fund-Reg(G),DT-GILT,Unrated,-,-,-,CRISIL IBX Gilt Index - April 2029,-,-,-,-,-,-,-,-,-,-,-,-,-,-,-,-,-,-,-,-,-,-,-,-,-,-,Debt : Gilt,1.22,5.04,Nil
Aditya Birla Sun Life,Aditya Birla SL Digital India Fund(G),EQ-TECH,Unrated,3035.9,2.12,15-Jan-00,S&P BSE TECk Index - TRI,114.17,150.15,105.96,4.12,4.78,-10.27,-17.82,23.52,27.94,24.57,20.32,28,35,133936,66.74,12.98,12.73,Technology,-,-,-,-13.91,-0.88,-1.34,0.95,21.84,Equity : Sectoral - Technology,-17.82,26.86,1% on or before 30D Nil after 30D
Aditya Birla Sun Life,Aditya Birla SL Dividend Yield Fund(G),EQ-DIV,Unrated,810.4,2.47,10-Feb-03,NIFTY 500 - TRI,258.33,264.63,215.98,1.72,9.7,0.86,-3.06,25.91,18.57,7.83,11.03,23,55,48136,45.76,15.43,29.6,Technology,-,-,-,0.98,-0.2,-0.3,0.81,17.63,Equity : Thematic - Dividend Yield,-1.06,18.75,1% on or before 90D Nil after 90D
Aditya Birla Sun Life,Aditya Birla SL Dynamic Bond Fund-Reg(G),DT-DYN,1,1780.8,1.18,27-Sep-04,NIFTY Composite Debt Index,37.51,37.64,35.66,-0.03,1.43,4.45,5.17,5.21,4.76,4.38,6.97,0,-,-,-,-,-,-,2.91,2.11,7.63,2.6,0.8,2.4,0.34,3.04,Debt : Dynamic Bond,2.02,5.08,Nil upto 15% of units0.50% in excess of limit on or before 90D and Nil after 90D
Aditya Birla Sun Life,Aditya Birla SL Dynamic Bond Fund-Segregated Portfolio 1-DAP(G),DT-DYN,Unrated,50.1,-,25-Nov-19,NIFTY Composite Debt Index,0.4,0.97,0.4,0.1,0.18,-59.01,-59.01,-35.98,-,-,-,-,-,-,-,-,-,-,-,-,-,-66.4,-1.08,-1.08,0.08,61.48,Debt : Dynamic Bond,2.02,5.08,null
Aditya Birla Sun Life,Aditya Birla SL Dynamic Bond Fund-Segregated Portfolio 1-Reg(G),DT-DYN,Unrated,50.1,-,25-Nov-19,NIFTY Composite Debt Index,0.57,1.4,0.57,0.1,0.17,-59.01,-59.01,-35.98,-,-,-,-,-,-,-,-,-,-,-,-,-,-66.38,-1.08,-1.08,0.07,61.49,Debt : Dynamic Bond,2.02,5.08,null
Aditya Birla Sun Life,Aditya Birla SL Equity Advantage Fund(G),EQ-L&M,4,5378.6,2,24-Feb-95,S&P BSE 250 LargeMidCap Index - TRI,607.94,726.83,523.09,-1.38,7.55,-5.32,-16.18,20.5,14.62,6.76,14.82,56,64,85863,50.76,37.03,9.48,Financials,-,-,-,-12.52,-0.91,-1.37,1,19.83,Equity : Large & Mid Cap,-1.58,18.24,1% on or before 90D Nil after 90D
Aditya Birla Sun Life,Aditya Birla SL Equity Hybrid 95 Fund(G),HY-EQ,4,7687.6,1.88,10-Feb-95,CRISIL Hybrid 35+65 - Aggressive Index,1049.77,1111.64,951.46,-0.76,5,-2.8,-6.56,18.69,11.88,6.98,12.21,81,68,119057,49.34,20.48,4.84,Financials,2.6,1.98,7.35,-7.43,-0.57,-0.9,1.08,14.06,Hybrid : Equity Oriented,1.35,8.53,1% on or before 90D Nil after 90D
Aditya Birla Sun Life,Aditya Birla SL Equity Savings Fund-Reg(G),HY-EQ,2,505.2,2.31,28-Nov-14,NIFTY 50 Equity Savings Index - TRI,17.28,17.94,16.12,-0.06,3.54,0.29,-3.25,10.08,8.03,5.72,-,385,57,151451,49.8,13.59,6.09,Financials,0.75,0.7,7.16,-5.34,-0.73,-1.1,0.46,7.64,Hybrid : Equity Oriented,1.35,8.53,0.25% on or before 7D Nil after 7D
Aditya Birla Sun Life,Aditya Birla SL ESG Fund-Reg(G),EQ-THEM,Unrated,970.1,2.32,24-Dec-20,NIFTY100 ESG - TRI,12.25,14.26,10.4,0.33,7.86,-3.25,-13.76,-,-,-,-,-,41,96384,61.51,23.32,11.67,Financials,-,-,-,-10.18,-0.8,-1.21,0.98,19.56,Equity : Thematic,7.27,15.07,1% on or before 30D Nil after 30D
Aditya Birla Sun Life,Aditya Birla SL Financial Planning FOF Aggressive Plan(G),FOF-DOM,Unrated,160,1.09,9-May-11,CRISIL Hybrid 35+65 - Aggressive Index,34.19,35.07,30.58,-0.31,6.01,0.65,-1.75,18.23,14.71,9.38,12.08,-,-,-,-,-,-,-,-,-,-,-3.78,-0.32,-0.5,0.59,12.61,FoFs : Domestic,-3.72,13.95,1% on or before 365D Nil after 365D
Aditya Birla Sun Life,Aditya Birla SL Financial Planning FOF Conservative Plan(G),FOF-DOM,Unrated,14.3,0.8,9-May-11,CRISIL Short Term Debt Hybrid 75+25 Fund Index,24.5,24.72,23.33,0.1,2.83,0.83,1.25,9.8,9.6,7.22,7.95,-,-,-,-,-,-,-,-,-,-,-1.36,-0.32,-0.52,0.28,4.59,FoFs : Domestic,-3.72,13.95,1% on or before 1Y Nil after 1Y
Aditya Birla Sun Life,Aditya Birla SL Financial Planning FOF Moderate Plan(G),FOF-DOM,Unrated,28.6,0.96,9-May-11,CRISIL Hybrid 50+50 - Moderate Index,28.52,28.98,26.42,-0.07,4.21,0.77,-0.04,13.92,12.21,8.44,9.77,-,-,-,-,-,-,-,-,-,-,-2.47,-0.33,-0.52,0.41,8.04,FoFs : Domestic,-3.72,13.95,1% on or before 365D Nil after 365D
Aditya Birla Sun Life,Aditya Birla SL Flexi Cap Fund(G),EQ-FLEX,3,15735,1.82,27-Aug-98,NIFTY 500 - TRI,1118.84,1203.91,966.11,0.41,8.03,-0.57,-7.83,23.15,15.82,9.66,15.61,18,67,135484,73.4,14.37,9.55,Financials,-,-,-,-3.58,-0.49,-0.76,0.94,17.96,Equity : Flexi Cap,-2.7,16.46,1% on or before 90D Nil after 90D
Aditya Birla Sun Life,Aditya Birla SL Floating Rate Fund(G),DT-FL,3,13617.8,0.45,25-Mar-09,CRISIL Low Duration Debt Index,283.98,283.98,273.2,0.36,1.29,2.1,3.91,4.13,5.66,6.52,7.78,0,-,-,-,-,-,-,1.34,0.61,7.16,1.29,2.04,3.16,0.09,0.61,Debt : Floater,3.09,5.61,Nil
Aditya Birla Sun Life,Aditya Birla SL Focused Equity Fund(G),EQ-LC,3,5712.3,1.93,24-Oct-05,NIFTY 500 - TRI,90.68,96.43,79.58,-0.33,6.32,1.44,-5.2,21.8,14.74,9.68,14,39,31,235961,84.15,8.85,-,Financials,-,-,-,-0.98,-0.35,-0.56,0.93,17.26,Equity : Large Cap,-3.51,14.3,1% on or before 90D Nil after 90D
Aditya Birla Sun Life,Aditya Birla SL Frontline Equity Fund(G),EQ-LC,4,21457.6,1.77,30-Aug-02,NIFTY 100 - TRI,342.98,356.11,296.86,-0.51,7.22,2.41,-4.28,24,15.38,9.81,13.87,41,76,221474,83.61,9,2.06,Financials,-,-,-,0.18,-0.29,-0.45,0.92,17.13,Equity : Large Cap,-3.51,14.3,1% on or before 90D Nil after 90D
Aditya Birla Sun Life,Aditya Birla SL G-Sec Fund(G),DT-GILT,3,1273.1,0.94,11-Oct-99,Nifty All Duration G-Sec Index,66.08,66.43,64.5,0.07,0.98,0.65,0.73,2.56,5.43,6.24,8.44,0,-,-,-,-,-,-,3.38,2.87,7.42,-1.81,-0.94,-1.27,0.52,2.19,Debt : Gilt,1.22,5.04,Nil
Aditya Birla Sun Life,Aditya Birla SL Global Emerging Opp Fund(G),FOF-OVR,Unrated,244.1,1.19,17-Sep-08,S&P Global 1200,17.6,22.25,17.17,-4.22,-4.23,-14.78,-16.79,2.68,10.63,6.72,2.64,0.2,1,-,-,-,-,-,-,-,-,-19.23,-0.82,-1.36,-0.25,23.34,FoFs : Overseas,-21.18,4.44,0.25% on or before 28D Nil after 28D
Aditya Birla Sun Life,Aditya Birla SL Global Excellence Equity FoF(G),FOF-OVR,Unrated,138.7,1.29,31-Dec-07,MSCI World,19.14,25.79,18.27,-1.94,-4.32,-13.09,-20.46,2.61,-3.14,1.56,3.64,0.06,1,-,-,-,-,-,-,-,-,-22.78,-0.95,-1.64,0.39,24.32,FoFs : Overseas,-21.18,4.44,0.25% on or before 28D Nil after 28D
Aditya Birla Sun Life,Aditya Birla SL Gold ETF,GOLD-ETF,Unrated,331.8,0.54,13-May-11,Gold-India,45.33,4529.69,43.3,1.73,-1.32,-6.45,5.26,-1.48,8.5,10.25,3.96,-,-,-,-,-,-,-,-,-,-,1.66,0.14,0.25,-0.37,13.37,Gold : ETFs,-3.32,12.35,Nil
Aditya Birla Sun Life,Aditya Birla SL Gold Fund(G),GOLD-MF,Unrated,251.9,0.51,20-Mar-12,Gold-India,15.22,16.84,14.51,1.51,-1.24,-6.88,4.49,-1.94,8.12,9.73,3.58,-,-,-,-,-,-,-,-,-,-,2.02,0.17,0.31,-0.63,13.43,Gold : MFs,3.72,7.87,1% on or before 15D Nil after 15D
Aditya Birla Sun Life,Aditya Birla SL Income Fund(G),DT-M&LD,5,1541.6,0.89,21-Oct-95,CRISIL Medium to Long Term Debt Index,102.66,103.15,100.28,0.03,1.18,0.76,1.43,3.17,6.03,6.07,7.31,0,-,-,-,-,-,-,3.3,2.68,7.2,-1.16,-0.65,-0.91,0.53,2.15,Debt : Medium to Long Duration,1.11,4.88,Nil
Aditya Birla Sun Life,Aditya Birla SL India GenNext Fund(G),EQ-CONS,3,3137.6,2.17,5-Aug-05,Nifty India Consumption - TRI,144.75,148.06,120.17,-0.35,8.63,7.64,0.37,28.91,17.97,13.58,17.28,11,75,96733,60.02,25.3,10.92,Financials,-,-,-,3.98,-0.05,-0.08,0.87,17.43,Equity : Thematic - Consumption,7.84,17.57,1% on or before 30D Nil after 30D
Aditya Birla Sun Life,Aditya Birla SL Infrastructure Fund(G),EQ-INFRA,4,549.7,2.55,17-Mar-06,Nifty Infrastructure - TRI,50.46,52.53,40.62,-1.25,13.16,0.92,-2.96,40.18,19.95,5.97,12.53,46,44,34379,37.82,18.73,37.89,Infrastructure,-,-,-,1.49,-0.17,-0.26,0.88,19.66,Equity : Sectoral - Infrastructure,5.4,20.87,1% on or before 30D Nil after 30D
Aditya Birla Sun Life,Aditya Birla SL Intl. Equity Fund-A(G),EQ-INTL,Unrated,95.3,2.51,31-Oct-07,S&P Global 1200,26.87,31.2,25.83,-2.49,-5.24,-10.49,-14.47,3.45,6.48,8.89,8.65,85,69,-,-,-,-,-,-,-,-,-13.13,-0.8,-1.3,0.3,18.57,Equity : International,-18.69,6,1% on or before 30D Nil after 30D
Aditya Birla Sun Life,Aditya Birla SL Intl. Equity Fund-B(G),EQ-INTL,Unrated,90.1,2.56,31-Oct-07,S&P BSE 200,25.44,28.29,22.99,-0.8,3.34,-5.07,-11.62,17.16,12,6.88,9.9,60,99,248175,64.48,7.65,-,Financials,-,-,-,-8.29,-0.79,-1.25,0.77,15.79,Equity : International,-18.69,6,1% on or before 30D Nil after 30D
Aditya Birla Sun Life,Aditya Birla SL Liquid Fund(G),DT-LIQ,3,32807.1,0.34,30-Mar-04,Crisil Liquid Fund Index,349.2,349.2,335.2,0.45,1.31,2.38,4.18,3.68,4.03,5.28,6.79,0,-,-,-,-,-,-,0.12,0.12,6.39,0.08,0.68,0.69,0.01,0.08,Debt : Liquid,4.1,3.86,0.007% for Day 1 0.0065% on Day 2 0.0060% on Day 3 0.0055% on Day 4 0.0050% on Day 5 0.0045% on Day 6 NIL after 7D
Aditya Birla Sun Life,Aditya Birla SL Long Duration Fund-Reg(G),DT-LD,Unrated,37.7,-,8-Aug-22,NIFTY Long Duration Debt Index,10.15,10.34,10,-0.78,-,-,-,-,-,-,-,0,-,-,-,-,-,-,9.83,6.8,7.53,-,-,-,-,-,Debt : Long Duration,-0.06,4.44,Nil
Aditya Birla Sun Life,Aditya Birla SL Low Duration Fund(G),DT-LOWD,3,11969.9,1.22,14-May-98,CRISIL Low Duration Debt Index,546.2,546.2,527.69,0.26,1.12,1.87,3.5,3.73,5.11,6.05,7.17,0,-,-,-,-,-,-,1.01,0.69,7.24,0.86,1.62,2.4,0.08,0.51,Debt : Low Duration,3.28,4.97,Nil
Aditya Birla Sun Life,Aditya Birla SL Medium Term Plan-Reg(G),DT-MD,2,1613.9,1.51,25-Mar-09,CRISIL Medium Term Debt Index,30.98,31.03,25.04,0.11,1.57,17.69,23.68,15.21,10.05,7.58,8.88,0,1,-,-,-,-,-,3.42,2.37,7.82,20.61,1.27,16.92,0.56,15.97,Debt : Medium Duration,1.38,5.02,Nil upto 15% of units For remaining units 2% on or before 1Y 1 % after 1Y but on or before 2Y Nil after 2Y
Aditya Birla Sun Life,Aditya Birla SL Medium Term Plan-Segregated Portfolio 1-Reg(G),DT-MD,1,130.7,-,25-Nov-19,CRISIL Medium Term Debt Index,0.55,1.33,0.54,0.09,0.17,-59.02,-59.02,-35.98,-,-,-,-,-,-,-,-,-,-,-,-,-,-66.38,-1.08,-1.08,0.08,61.49,Debt : Medium Duration,1.38,5.02,null
Aditya Birla Sun Life,Aditya Birla SL Mfg. Equity Fund-Reg(G),EQ-CONS,4,662.6,2.51,3-Feb-15,S&P BSE India Manufacturing Index - TRI,19.4,20.77,16.94,-49.13,-45.7,-49.39,-53.22,18.18,14.6,6.78,-,2,42,53104,49.34,24.84,20.45,FMCG,-,-,-,-5.75,-0.59,-0.9,0.81,17.41,Equity : Thematic - Consumption,7.84,17.57,1% on or before 90D Nil after 90D
Aditya Birla Sun Life,Aditya Birla SL Midcap Fund(G),EQ-MID,2,3550.1,2.1,3-Oct-02,Nifty Midcap 150 - TRI,463.16,498.8,401.08,-2.01,5.14,-0.7,-5.71,32.34,20.42,7.91,15.32,18,71,28709,13.33,69.8,13.29,Financials,-,-,-,-0.78,-0.3,-0.44,0.88,19.05,Equity : Mid Cap,0.53,23.53,1% on or before 90D Nil after 90D
Aditya Birla Sun Life,Aditya Birla SL MNC Fund-Reg(G),EQ-MNC,Unrated,3547.9,2.06,27-Dec-99,NIFTY MNC - TRI,946.52,1011.78,848.26,-2.23,2.36,0.18,-6.42,11.25,7.68,5.92,14.15,10,37,31383,17.5,68.45,13.79,FMCG,-,-,-,-5.09,-0.6,-0.92,0.62,14.22,Equity : Thematic - MNC,-1.1,14.53,1% on or before 90D Nil after 90D
Aditya Birla Sun Life,Aditya Birla SL Money Manager Fund(G),DT-MM,5,12964.9,0.33,13-Oct-05,Nifty Money Market Index,303.14,303.14,291.07,0.38,1.23,2.15,4.15,4.02,5.02,6.21,7.28,0,-,-,-,-,-,-,0.42,0.42,7,1.49,3.94,6.03,0.05,0.37,Debt : Money Market,3.75,4.5,Nil
Aditya Birla Sun Life,Aditya Birla SL Multi-Cap Fund-Reg(G),EQ-MLC,Unrated,3678.7,2.11,7-May-21,Nifty500 Multicap 50:25:25 - TRI,12.31,13,10.67,-0.65,6.13,0.57,-4.65,-,-,-,-,-,79,53923,44.39,24.42,27.83,Financials,-,-,-,-0.83,-0.33,-0.5,0.87,17.13,Equity : Multi Cap,0.07,20.3,1% on or before 90D Nil after 90D
Aditya Birla Sun Life,Aditya Birla SL Multi-Index FoF-Reg(G),FOF-DOM,Unrated,-,-,-,NIFTY 500 - TRI,10,10,10,-,-,-,-,-,-,-,-,-,-,-,-,-,-,-,-,-,-,-,-,-,-,-,FoFs : Domestic,-3.72,13.95,0.50% on or before 15D Nil after 15D
Aditya Birla Sun Life,Aditya Birla SL NASDAQ 100 FOF-Reg(G),FOF-OVR,Unrated,96.8,0.65,1-Nov-21,Nasdaq-100 - TRI,7.52,10.19,7.22,-2.71,-4.6,-14.8,-,-,-,-,-,-,-,-,-,-,-,-,-,-,-,-,-,-,-,-,FoFs : Overseas,-21.18,4.44,Nil
Aditya Birla Sun Life,Aditya Birla SL Nifty 200 Momentum 30 ETF,EQ-ETF,Unrated,6.1,0.23,12-Aug-22,Nifty200 Momentum 30 - TRI,19.5,20.22,18.64,-1.45,-,-,-,-,-,-,-,-,30,137272,86.08,13.79,-,Energy,-,-,-,-,-,-,-,-,Equity : ETFs,-3.32,12.35,null
Aditya Birla Sun Life,Aditya Birla SL Nifty 200 Quality 30 ETF,EQ-ETF,Unrated,5.5,0.17,12-Aug-22,NIFTY200 Quality 30 - TRI,14.4,14.82,14.04,1.61,-,-,-,-,-,-,-,-,30,120008,78.54,18.96,2.38,FMCG,-,-,-,-,-,-,-,-,Equity : ETFs,-3.32,12.35,null
Aditya Birla Sun Life,Aditya Birla SL Nifty 50 Equal Weight Index Fund-Reg(G),EQ-INDX,Unrated,133,1.02,8-Jun-21,NIFTY50 Equal Weight - TRI,11.24,11.73,9.67,-1.28,7.48,1.37,-3.56,-,-,-,-,-,51,192405,99.72,-,-,Financials,-,-,-,0.81,-0.24,-0.38,0.92,17.79,Equity : Index Funds,-2.76,15.7,Nil
Aditya Birla Sun Life,Aditya Birla SL Nifty 50 ETF,EQ-ETF,Unrated,902.2,0.05,21-Jul-11,NIFTY 50 - TRI,19.67,202.67,17.11,-0.25,7.72,2.79,-4.07,22.94,15.68,12.62,13,1,51,397399,99.91,-,-,Financials,-,-,-,0.93,-0.25,-0.41,0.99,18.16,Equity : ETFs,-3.32,12.35,Nil
Aditya Birla Sun Life,Aditya Birla SL Nifty 50 Index Fund-Reg(G),EQ-INDX,3,442,0.6,18-Sep-02,NIFTY 50 - TRI,174.19,180.93,151.9,-0.31,7.53,2.42,-4.71,22.07,14.94,11.7,11.97,12,51,397413,99.83,-,-,Financials,-,-,-,0.23,-0.29,-0.47,0.99,18.13,Equity : Index Funds,-2.76,15.7,Nil
Aditya Birla Sun Life,Aditya Birla SL Nifty Bank ETF,EQ-ETF,Unrated,78.2,0.15,23-Oct-19,NIFTY BANK - TRI,40.41,410.58,32.61,-1.19,14.16,10.44,2.13,29.43,-,-,-,-,12,355122,93.33,6.67,-,Financials,-,-,-,8.85,0.12,0.2,1.1,22.44,Equity : ETFs,-3.32,12.35,null
Aditya Birla Sun Life,Aditya Birla SL Nifty Financial Services ETF,EQ-ETF,Unrated,-,-,-,Nifty Financial Services - TRI,-,-,-,-,-,-,-,-,-,-,-,-,-,-,-,-,-,-,-,-,-,-,-,-,-,-,Equity : ETFs,-3.32,12.35,null
Aditya Birla Sun Life,Aditya Birla SL Nifty Healthcare ETF,EQ-ETF,Unrated,27.4,0.09,21-Oct-21,Nifty Healthcare Index - TRI,8.3,8.96,7.32,5.62,4.32,-3.67,-,-,-,-,-,-,20,70082,67.52,29.25,3.07,Healthcare,-,-,-,-,-,-,-,-,Equity : ETFs,-3.32,12.35,null
Aditya Birla Sun Life,Aditya Birla SL Nifty IT ETF,EQ-ETF,Unrated,18.8,0.22,29-Oct-21,NIFTY IT - TRI,28.43,39.3,26.73,6.01,3.94,-12.62,-,-,-,-,-,-,10,293184,85.45,14.45,-,Technology,-,-,-,-,-,-,-,-,Equity : ETFs,-3.32,12.35,null
Aditya Birla Sun Life,Aditya Birla SL Nifty Midcap 150 Index Fund-Reg(G),EQ-INDX,Unrated,74.6,1.02,5-Apr-21,Nifty Midcap 150 - TRI,13,13.58,10.61,-1.85,9.12,2.87,-3.99,-,-,-,-,-,161,30995,8.09,87.1,4.41,Financials,-,-,-,1.34,-0.19,-0.28,0.93,20.29,Equity : Index Funds,-2.76,15.7,0.50% on or before 15D Nil after 15D
Aditya Birla Sun Life,Aditya Birla SL Nifty Next 50 ETF,EQ-ETF,Unrated,114.9,0.05,18-Dec-18,NIFTY NEXT 50 - TRI,43.01,450.37,36.24,-4.83,6.5,-2.64,-5.01,24.68,15.08,-,-,-,50,83547,87.91,11.91,-,Financials,-,-,-,-0.35,-0.27,-0.41,0.95,20.6,Equity : ETFs,-3.32,12.35,null
Aditya Birla Sun Life,Aditya Birla SL Nifty Next 50 Index Fund-Reg(G),EQ-INDX,Unrated,32.5,1.03,18-Feb-22,NIFTY NEXT 50 - TRI,10.28,11.15,8.69,-4.92,6.32,-3.07,-,-,-,-,-,-,50,83541,87.62,11.86,-,Financials,-,-,-,-,-,-,-,-,Equity : Index Funds,-2.76,15.7,0.25% on or before 3D Nil after 3D
Aditya Birla Sun Life,Aditya Birla SL Nifty SDL Apr 2027 Index Fund-Reg(G),DT-M&LD,Unrated,3271.1,0.5,28-Jan-22,Nifty SDL Apr 2027 Index,10.08,10.14,9.77,0.13,1.23,1.06,-,-,-,-,-,0,-,-,-,-,-,-,4.04,3.39,7.54,-,-,-,-,-,Debt : Medium to Long Duration,1.11,4.88,Nil
Aditya Birla Sun Life,Aditya Birla SL Nifty SDL Plus PSU Bond Sep 2026 60:40 Index Fund-Reg(G),DT-M&LD,Unrated,7477.2,0.31,24-Sep-21,Nifty SDL Plus PSU Bond Sep 2026 60:40 Index,10.12,10.18,9.85,-0.02,1.02,0.78,1.08,-,-,-,-,0,-,-,-,-,-,-,3.48,2.95,7.51,-1.39,-0.69,-0.9,0.49,2.34,Debt : Medium to Long Duration,1.11,4.88,0.50% on or before 30D Nil after 30D
Aditya Birla Sun Life,Aditya Birla SL Nifty SDL Sep 2025 Index Fund-Reg(G),DT-MD,Unrated,63.9,-,28-Sep-22,Nifty SDL Sep 2025 Index,10.03,10.03,10,-,-,-,-,-,-,-,-,0,-,-,-,-,-,-,2.64,2.28,7.51,-,-,-,-,-,Debt : Medium Duration,1.38,5.02,Nil
Aditya Birla Sun Life,Aditya Birla SL Nifty Smallcap 50 Index Fund-Reg(G),EQ-INDX,Unrated,42.1,1.01,5-Apr-21,Nifty Smallcap 50 - TRI,10.54,13.57,8.83,-2.54,7.43,-10.61,-24.64,-,-,-,-,-,62,10408,-,1.21,98.42,Financials,-,-,-,-21.87,-1.11,-1.62,1.05,24.87,Equity : Index Funds,-2.76,15.7,0.50% on or before 15D Nil after 15D
Aditya Birla Sun Life,Aditya Birla SL Overnight Fund-Reg(G),DT-ON,4,11156.4,0.18,1-Nov-18,CRISIL Overnight Index,1174.06,1174.06,1128.48,0.47,1.32,2.36,4.04,3.53,3.57,-,-,0,-,-,-,-,-,-,-,-,5.99,-0.03,-0.76,-0.4,-,0.04,Debt : Overnight,4.1,3.6,Nil
Aditya Birla Sun Life,Aditya Birla SL Pharma & Healthcare Fund-Reg(G),EQ-PHRM,Unrated,474.7,2.53,10-Jul-19,S&P BSE Health Care - TRI,17.24,19.64,15.85,2.98,1.47,-6.04,-12.74,7.31,18.89,-,-,28,27,45211,54.68,21.96,20.96,Healthcare,-,-,-,-12.9,-1.05,-1.72,0.55,15.25,Equity : Sectoral - Pharma,-7.13,24.5,1% on or before 30D Nil after 30D
Aditya Birla Sun Life,Aditya Birla SL PSU Equity Fund-Reg(G),EQ-THEM,Unrated,877.5,2.33,30-Dec-19,S&P BSE PSU - TRI,15.53,16.15,12.85,-1.7,12.22,-0.38,4.41,39.24,-,-,-,39,33,65816,62.11,17.99,13.52,Energy,-,-,-,10.16,0.28,0.43,0.81,20.31,Equity : Thematic,7.27,15.07,1% on or before 30D Nil after 30D
Aditya Birla Sun Life,Aditya Birla SL Pure Value Fund(G),EQ-VAL,3,3916,2.05,27-Mar-08,NIFTY 500 - TRI,72.31,77.58,59.8,-0.1,9.38,-1.79,-6.5,27.1,16.03,2.87,15.36,132,71,36616,39.06,25.72,28.54,Financials,-,-,-,-0.86,-0.31,-0.45,1.04,21.63,Equity : Value / Contra,3.04,21.88,1% on or before 90D Nil after 90D
Aditya Birla Sun Life,Aditya Birla SL Regular Savings Fund(G),HY-DT(CO),3,1654,1.88,22-May-04,CRISIL Hybrid 85+15 - Conservative Index,52.11,52.47,49.22,0.01,2.61,1.56,3.45,12.94,9.24,5.95,9.98,136,49,132499,16.75,3.61,3.42,Financials,2.61,1.94,7.4,1.23,0.2,0.35,0.51,4.94,Hybrid : Debt Oriented (Conservative),0.59,9.76,1% on or before 90D Nil after 90D
Aditya Birla Sun Life,Aditya Birla SL Retirement Fund-30-Reg(G),HY-SOL,3,253.1,2.5,11-Mar-19,NIFTY 500 - TRI,13.24,14.07,11.48,-0.75,6.16,3.37,-4.78,13.58,10.05,-,-,50,42,128338,59.62,19.2,16.13,Financials,-,-,-,-5.92,-0.4,-0.63,0.98,16.13,Hybrid : Solution Oriented,-1.53,19.02,Nil
Aditya Birla Sun Life,Aditya Birla SL Retirement Fund-40-Reg(G),HY-SOL,Unrated,93.1,2.47,11-Mar-19,CRISIL Hybrid 35+65 - Aggressive Index,13.05,13.69,11.59,-0.64,5.08,2.73,-3.71,11.27,9.18,-,-,43,39,129990,48.75,16.18,12.76,Financials,3.43,2.74,7.5,-5.32,-0.44,-0.7,0.82,13.01,Hybrid : Solution Oriented,-1.53,19.02,Nil
Aditya Birla Sun Life,Aditya Birla SL Retirement Fund-50 Plus-Debt Plan-Reg(G),HY-SOL,Unrated,29.5,2.1,11-Mar-19,Crisil Short Term Bond Fund Index,11.26,11.36,11.08,-0.21,0.5,0.32,-0.09,1.19,2.8,-,-,9,-,-,-,-,-,-,3.92,3.09,7.4,-2.67,-1.44,-1.98,0.5,2.03,Hybrid : Solution Oriented,-1.53,19.02,Nil
Aditya Birla Sun Life,Aditya Birla SL Retirement Fund-50-Reg(G),HY-SOL,Unrated,27.6,1.97,11-Mar-19,CRISIL Short Term Debt Hybrid 75+25 Fund Index,11.5,11.61,10.95,-0.01,2.4,1.15,0.07,1.32,3.44,-,-,52,31,166815,16.71,5,2.08,Financials,2.2,1.74,6.74,-2.37,-0.62,-0.96,0.56,4.21,Hybrid : Solution Oriented,-1.53,19.02,Nil
Aditya Birla Sun Life,Aditya Birla SL S&P BSE Sensex ETF,EQ-ETF,Unrated,109.9,0.08,18-Jul-16,S&P BSE SENSEX - TRI,57.01,585.3,49.4,0.22,8.41,4.06,-3.39,22.18,15.74,11.12,-,-,30,483575,99.92,-,-,Financials,-,-,-,1.69,-0.21,-0.34,1,18.26,Equity : ETFs,-3.32,12.35,null
Aditya Birla Sun Life,Aditya Birla SL Savings Fund-Reg(G),DT-USD,5,14371.1,0.52,16-Apr-03,NIFTY Ultra Short Duration Debt Index,450.26,450.26,432.47,0.36,1.15,2.14,4.11,4.12,5.19,6.26,7.64,0,-,-,-,-,-,-,0.51,0.49,7.16,1.46,3.11,4.52,0.07,0.46,Debt : Ultra Short Duration,3.68,4.48,Nil
Aditya Birla Sun Life,Aditya Birla SL Short Term Fund(G),DT-SD,4,5813.4,1.1,9-May-03,Nifty Short Duration Debt Index,38.94,38.95,37.67,0.12,1.14,1.92,3.33,4.05,6.13,6.54,8.08,0,-,-,-,-,-,-,2.06,1.55,7.55,0.73,0.62,0.87,0.2,1.05,Debt : Short Duration,2.89,5.39,Nil
Aditya Birla Sun Life,Aditya Birla SL Silver ETF,GOLD-ETF,Unrated,147.1,0.37,31-Jan-22,Silver,56.97,73.58,53.29,1.2,2.25,-20.45,-,-,-,-,-,-,-,-,-,-,-,-,-,-,-,-,-,-,-,-,Gold : ETFs,-3.32,12.35,null
Aditya Birla Sun Life,Aditya Birla SL Silver ETF FOF-Reg(G),FOF-DOM,Unrated,76.2,0.64,3-Feb-22,Silver,9.18,11.55,8.66,1.58,0.25,-19.55,-,-,-,-,-,-,-,-,-,-,-,-,-,-,-,-,-,-,-,-,FoFs : Domestic,-3.72,13.95,0.50% on or before 30D Nil after 30D
Aditya Birla Sun Life,Aditya Birla SL Small Cap Fund(G),EQ-SML,1,2972,2.09,31-May-07,S&P BSE 250 Small Cap - TRI,52.71,57.95,43.96,-1.79,8.19,-0.52,-11.06,32.02,20.4,5.26,15.44,41,93,8688,3.18,18.16,72.66,Capital Goods,-,-,-,-7.94,-0.66,-0.94,0.81,18.85,Equity : Small Cap,2.94,30.51,1% on or before 90D Nil after 90D
Aditya Birla Sun Life,Aditya Birla SL Special Opp Fund-Reg(G),EQ-THEM,Unrated,643.9,2.56,23-Oct-20,S&P BSE 500 - TRI,15.12,16.5,13.1,-1.04,6.53,-0.78,-8.72,-,-,-,-,-,54,98999,61.91,27.92,6.49,Financials,-,-,-,-3.63,-0.48,-0.73,0.94,18.45,Equity : Thematic,7.27,15.07,1% on or before 30D Nil after 30D
Aditya Birla Sun Life,Aditya Birla SL Tax Plan(G),EQ-ELSS,1,357.3,2.52,3-Oct-06,NIFTY 500 - TRI,49.07,53.65,43.61,-1.75,4.6,-0.06,-7.89,11.68,8.79,5.43,12.95,25,40,104731,53.8,32.57,12.02,Financials,-,-,-,-5.37,-0.63,-0.98,0.81,15.73,Equity : Tax Saving (ELSS),-1.86,16.69,Nil
Aditya Birla Sun Life,Aditya Birla SL Tax Relief 96(G),EQ-ELSS,1,13555.4,1.77,10-Mar-08,NIFTY 500 - TRI,40.62,44.08,35.92,-1.72,4.98,0.92,-7.11,12.4,9.65,6.21,13.72,27,48,100768,54.99,30.55,12.91,Financials,-,-,-,-4.46,-0.57,-0.89,0.82,15.82,Equity : Tax Saving (ELSS),-1.86,16.69,Nil
Axis Mutual Fund,Axis All Seasons Debt FOFs-Reg(G),FOF-DOM,Unrated,163.4,0.62,28-Jan-20,NIFTY Composite Debt Index,11.67,11.72,11.38,0.08,1.19,1.69,2.61,4.26,-,-,-,-,-,-,-,-,-,-,-,-,-,-,-0.12,-0.17,0.36,1.49,FoFs : Domestic,-3.72,13.95,Nil for 10% of investment and 1% for remaining investment on or before 12M Nil after 12M
Axis Mutual Fund,Axis Arbitrage Fund-Reg(G),HY-ARB,3,3999.3,1.05,14-Aug-14,Nifty 50 Arbitrage,15.56,15.56,14.94,0.41,1.06,1.9,4.06,3.83,3.94,4.84,-,0,85,144270,56.79,9.24,1.56,Financials,0.33,0.32,6.61,1.26,1.37,2.82,-0.02,0.93,Hybrid : Arbitrage,3.56,3.65,0.25% on or before 7D Nil after 7D
Axis Mutual Fund,Axis Balanced Advantage Fund-Reg(G),HY-DYN,2,2377,2.04,1-Aug-17,NIFTY 50 Hybrid Composite Debt 50:50 Index,14.27,14.69,13.19,-0.21,4.16,2.66,-2.46,10.96,8.27,6.94,-,0,62,213079,60.24,7.82,1.3,Financials,2.5,1.95,7.01,-4.54,-0.56,-0.88,0.67,8.75,Hybrid : Dynamic Asset Allocation,1.18,10.47,Nil for 10% of investments and 1% for remaining investments on or before 12M Nil after 12M
Axis Mutual Fund,Axis Banking & PSU Debt Fund-Reg(G),DT-B&PSU,3,13314.2,0.63,8-Jun-12,NIFTY Banking and PSU Debt Index,2169.05,2173.12,2108.52,0.03,0.64,1.3,2.87,3.4,5.54,6.83,7.68,0,-,-,-,-,-,-,2.13,1.79,7.08,0.23,0.29,0.41,0.1,0.62,Debt : Banking & PSU,2.42,5.6,Nil
Axis Mutual Fund,Axis Bluechip Fund-Reg(G),EQ-LC,3,35822.4,1.64,5-Jan-10,S&P BSE 100 - TRI,43.75,48.48,38.11,-0.5,7.18,0.28,-10.62,16.85,11.66,12.28,14.29,45,37,359360,88.52,1.27,-,Financials,-,-,-,-7.53,-0.72,-1.13,0.93,17.49,Equity : Large Cap,-3.51,14.3,Nil for 10% of investments and 1% for remaining investments on or before 12M Nil after 12M
Axis Mutual Fund,Axis Childrens Gift Fund-Compulsory Lock in-Reg(G),HY-SOL,4,702.6,2.45,8-Dec-15,NIFTY 50 Hybrid Composite Debt 65:35 Index,19.61,21.66,17.64,-1.01,5.37,-1.63,-7.79,16.77,11.8,10.01,-,0,39,186471,56.86,7.3,7.42,Financials,5.4,2.6,7.16,-9.53,-0.73,-1.12,0.86,13.59,Hybrid : Solution Oriented,-1.53,19.02,NIL
Axis Mutual Fund,Axis Childrens Gift Fund-No Lock in-Reg(G),HY-SOL,3,702.6,2.45,8-Dec-15,NIFTY 50 Hybrid Composite Debt 65:35 Index,19.6,21.66,17.64,-1.01,5.37,-1.63,-7.79,16.77,11.8,10.01,-,0,39,186471,56.86,7.3,7.42,Financials,5.4,2.6,7.16,-9.5,-0.73,-1.12,0.86,13.59,Hybrid : Solution Oriented,-1.53,19.02,3% on or before 1Y 2% after 1Y but on or before 2Y 1% after 2Y but on or before 3Y Nil after 3Y
Axis Mutual Fund,Axis Corp Debt Fund-Reg(G),DT-CORP,4,3179.2,0.94,13-Jul-17,NIFTY Corporate Bond Index,13.92,13.94,13.54,0.07,1.05,1.63,2.82,3.69,6.28,6.42,-,0,-,-,-,-,-,-,2.67,1.66,7.43,0.23,0.13,0.18,0.22,1,Debt : Corporate Bond,2.2,5.79,Nil
Axis Mutual Fund,Axis Credit Risk Fund-Reg(G),DT-CR,4,652.7,1.69,15-Jul-14,NIFTY Credit Risk Bond Index,17.45,17.46,16.89,0.11,1.1,1.56,3.27,5.11,6.12,5.45,-,0,-,-,-,-,-,-,1.93,1.45,8.23,0.68,0.59,0.76,0.21,1,Debt : Credit Risk,3.6,5.53,Nil for 10% of investments and 1% for remaining investment on or before 12M Nil after 12M
Axis Mutual Fund,Axis CRISIL IBX 70:30 CPSE Plus SDL April 2025 Index Fund-Reg(G),DT-MD,Unrated,588.9,0.3,28-Jan-22,CRISIL IBX 70:30 CPSE Plus SDL - April 2025,10.02,10.08,9.82,0.01,0.84,0.41,-,-,-,-,-,0,-,-,-,-,-,-,2.35,2.03,7.39,-,-,-,-,-,Debt : Medium Duration,1.38,5.02,Nil
Axis Mutual Fund,Axis CRISIL IBX SDL May 2027 Index Fund-Reg(G),DT-M&LD,Unrated,1359.5,0.3,23-Feb-22,CRISIL IBX SDL Index - May 2027,9.98,10.04,9.65,0.13,1.24,1.19,-,-,-,-,-,0,-,-,-,-,-,-,4.39,3.6,7.54,-,-,-,-,-,Debt : Medium to Long Duration,1.11,4.88,Nil
Axis Mutual Fund,Axis Dynamic Bond Fund-Reg(G),DT-DYN,5,1686,0.66,27-Apr-11,NIFTY Composite Debt Index,23.99,24.22,23.24,-0.72,1.39,1.31,1.09,2.68,6.07,6.48,7.66,0,-,-,-,-,-,-,7.23,5.2,7.59,-1.44,-0.55,-0.68,0.65,3.14,Debt : Dynamic Bond,2.02,5.08,Nil
Axis Mutual Fund,Axis Equity ETFs FoF-Reg(G),EQ-ETF,Unrated,16,0.27,24-Feb-22,NIFTY 500 - TRI,10.52,10.9,8.99,-1.21,7.81,1.13,-,-,-,-,-,-,-,-,-,-,-,-,-,-,-,-,-,-,-,-,Equity : ETFs,-3.32,12.35,1% on or before 15D Nil after 15D
Axis Mutual Fund,Axis Equity Hybrid Fund-Reg(G),HY-EQ,3,1864.4,2.16,9-Aug-18,CRISIL Hybrid 35+65 - Aggressive Index,15.1,16.43,13.52,-1.05,4.87,-0.26,-7.72,16.11,11.15,-,-,0,41,221832,60.33,9.66,3.6,Financials,4.22,2.65,7.66,-9.48,-0.71,-1.08,0.85,14.06,Hybrid : Equity Oriented,1.35,8.53,Nil for 10% of investments and 1% for remaining investments on or before 12M Nil after 12M
Axis Mutual Fund,Axis Equity Saver Fund-Reg(G),HY-EQ,2,1151.2,2.18,14-Aug-15,NIFTY 50 Equity Savings Index,16.81,17.29,15.69,-0.18,3.64,1.82,-2.5,10.69,8.1,7.73,-,0,60,300475,61.76,4.62,1.07,Financials,3.15,1.55,7,-4.59,-0.64,-1,0.56,7.66,Hybrid : Equity Oriented,1.35,8.53,Nil upto 10% of investments and 1% for remaining investments on or before 1M Nil after 1M
Axis Mutual Fund,Axis ESG Equity Fund-Reg(G),EQ-THEM,Unrated,1655.5,2.16,12-Feb-20,NIFTY100 ESG - TRI,14.46,17.27,12.99,-1.44,2.86,-5.7,-16.95,14.39,-,-,-,22,59,191215,61.57,7.25,3.98,Financials,-,-,-,-15.6,-1.19,-1.84,0.8,16.83,Equity : Thematic,7.27,15.07,Nil for 10% of investment and 1% for remaining investment on or before 12M Nil after 12M
Axis Mutual Fund,Axis Flexi Cap Fund-Reg(G),EQ-FLEX,3,11039.2,1.86,17-Nov-17,NIFTY 500 - TRI,18.08,20.25,15.61,-0.77,8,0.17,-11.1,20.03,12.95,-,-,50,56,173640,70.01,10.36,10.03,Financials,0.67,-,-,-8.11,-0.74,-1.11,0.92,17.87,Equity : Flexi Cap,-2.7,16.46,NIL for 10% of investments and 1% for remaining investments on or before 12M Nil after 12M
Axis Mutual Fund,Axis Floater Fund-Reg(G),DT-FL,Unrated,696,0.52,29-Jul-21,CRISIL Low Duration Debt Index,1042.19,1046.23,1009.23,0.21,1.03,1.77,3.24,-,-,-,-,0,-,-,-,-,-,-,3.94,2.47,7.3,0.68,0.52,0.89,0.2,1.15,Debt : Floater,3.09,5.61,NIL
Axis Mutual Fund,Axis Focused 25 Fund-Reg(G),EQ-MLC,3,18087.2,1.77,29-Jun-12,NIFTY 500 - TRI,40.64,48.79,35.77,-2.52,5,-4.83,-18.99,16,10.74,10.11,13.9,139,24,204957,74.53,9.33,0.53,Financials,-,-,-,-17.31,-1.18,-1.8,0.97,19.28,Equity : Multi Cap,0.07,20.3,Nil for 10% of investments and 1% for remaining investments on or before 12M Nil after 12M
Axis Mutual Fund,Axis Gilt Fund-Reg(G),DT-GILT,4,126.2,1,23-Jan-12,Nifty All Duration G-Sec Index,20.65,20.77,20.16,-0.04,1.51,1.79,1.74,2.84,5.84,6.35,7.05,0,-,-,-,-,-,-,5.72,2.67,7.12,-0.81,-0.5,-0.81,0.46,2.01,Debt : Gilt,1.22,5.04,Nil
Axis Mutual Fund,Axis Global Equity Alpha FoF-Reg(G),FOF-OVR,Unrated,1014.3,1.66,24-Sep-20,MSCI World,11.41,13.52,10.73,1.14,-2.11,-7.79,-13.49,5.66,-,-,-,-,-,-,-,-,-,-,-,-,-,-17.84,-0.84,-1.36,-0.32,20.99,FoFs : Overseas,-21.18,4.44,NIL upto 10% of investments and 1% for remaining investments on or before 12M Nil after 12M
Axis Mutual Fund,Axis Global Innovation FoF-Reg(G),FOF-OVR,Unrated,1127.6,1.6,28-May-21,MSCI AC World Index,8.12,11.15,7.63,-1.69,-4.02,-12.78,-24.18,-,-,-,-,-,-,-,-,-,-,-,-,-,-,-30.9,-1.17,-1.9,-0.14,26.49,FoFs : Overseas,-21.18,4.44,Nil upto 10% of investment and 1% for remaining investment on or before 12M Nil after 12M
Axis Mutual Fund,Axis Gold ETF,GOLD-ETF,Unrated,690.5,0.53,10-Nov-10,Gold-India,43.06,47.43,41.05,1.77,-1.19,-6.27,5.46,-1.36,8.37,10.31,3.66,6,-,-,-,-,-,-,-,-,-,1.84,0.15,0.27,-0.37,13.31,Gold : ETFs,-3.32,12.35,Nil
Axis Mutual Fund,Axis Gold Fund-Reg(G),GOLD-MF,Unrated,256.9,0.6,20-Oct-11,Gold-India,15.29,16.39,14.54,1.85,-0.99,-6.66,5.44,-1.44,8.64,10.27,2.84,-,-,-,-,-,-,-,-,-,-,1.66,0.17,0.29,-0.64,12.07,Gold : MFs,3.72,7.87,1% on or before 1Y Nil after 1Y
Axis Mutual Fund,Axis Greater China Equity FoF-Reg(G),FOF-OVR,Unrated,102.3,1.58,10-Feb-21,MSCI Golden Dragon Index (Total Return Net),6.22,9.02,5.94,-6.33,-17.83,-13.85,-29.4,-,-,-,-,-,-,-,-,-,-,-,-,-,-,-36.41,-1.46,-2.53,-0.28,24.92,FoFs : Overseas,-21.18,4.44,Nil for 10% of investments and 1% for remaining investments on or before 12M Nil after 12M
Axis Mutual Fund,Axis Growth Opp Fund-Reg(G),EQ-L&M,5,8334.1,1.97,22-Oct-18,NIFTY LargeMidcap 250 - TRI,19.9,21.91,17.15,-2.22,5.69,-2.84,-9.69,26.38,20.05,-,-,26,93,70240,42.33,35.4,4.83,Financials,-,-,-,-6.48,-0.62,-0.92,0.78,17.44,Equity : Large & Mid Cap,-1.58,18.24,Nil for 10% of investments and 1% for remaining investments on or before 12M Nil after 12M
Axis Mutual Fund,Axis Liquid Fund-Reg(G),DT-LIQ,4,22527.8,0.22,9-Oct-09,Nifty Liquid Fund Index,2411.43,2411.43,2313.55,0.46,1.33,2.41,4.23,3.71,4.05,5.29,6.77,0,-,-,-,-,-,-,0.12,0.12,6.32,0.1,1.3,1.18,0.01,0.07,Debt : Liquid,4.1,3.86,0.007% for Day 1 0.0065% on Day 2 0.0060% on Day 3 0.0055% on Day 4 0.0050% on Day 5 0.0045% on Day 6 NIL on or after 7D
Axis Mutual Fund,Axis Long Term Equity Fund-Reg(G),EQ-ELSS,3,31268.5,1.63,29-Dec-09,NIFTY 500 - TRI,66.46,78.1,57.09,-2.26,6.62,-3.17,-16.35,18.14,11.43,10.8,16.64,19,40,140846,76.93,19.14,2.51,Financials,-,-,-,-14.26,-1,-1.52,0.96,19.5,Equity : Tax Saving (ELSS),-1.86,16.69,Nil
Axis Mutual Fund,Axis Midcap Fund-Reg(G),EQ-MID,3,19461.8,1.79,18-Feb-11,S&P BSE 150 MidCap - TRI,68.32,73.07,58,-1.36,7.6,2.45,-7.11,27.21,20.88,16.5,18.8,24,65,48927,24.38,61.29,2.54,Financials,-,-,-,-3.68,-0.47,-0.7,0.83,17.68,Equity : Mid Cap,0.53,23.53,Nil for 10% of investments and 1% for remaining investments on or before 12M Nil after 12M
Axis Mutual Fund,Axis Money Market Fund-Reg(G),DT-MM,2,3624.3,0.36,6-Aug-19,Nifty Money Market Index,1173.26,1173.26,1127.35,0.35,1.17,2.14,4.07,3.94,4.86,-,-,0,-,-,-,-,-,-,0.48,0.47,6.92,1.41,4,6.16,0.05,0.35,Debt : Money Market,3.75,4.5,Nil
Axis Mutual Fund,Axis Multicap Fund-Reg(G),EQ-MLC,Unrated,5411,1.86,17-Dec-21,Nifty500 Multicap 50:25:25 - TRI,9.88,10.18,8.36,0,8.67,3.45,-,-,-,-,-,-,68,58543,40.29,29.84,26.14,Financials,-,-,-,-,-,-,-,-,Equity : Multi Cap,0.07,20.3,Nil for 10% of investment and 1% for remaining investment on or before 12M Nil after 12M
Axis Mutual Fund,Axis NASDAQ 100 FoF-Reg(G),FOF-OVR,Unrated,-,-,-,Nasdaq-100 - TRI,-,-,-,-,-,-,-,-,-,-,-,-,-,-,-,-,-,-,-,-,-,-,-,-,-,-,FoFs : Overseas,-21.18,4.44,1% on or before 7D Nil after 7D
Axis Mutual Fund,Axis Nifty 100 Index Fund-Reg(G),EQ-INDX,Unrated,850,1,18-Oct-19,NIFTY 100 - TRI,15.04,15.65,13.08,-1.17,7.23,1.43,-4.99,21.9,14.54,-,-,-,100,322798,98.15,1.68,-,Financials,-,-,-,-0.25,-0.31,-0.5,0.98,18.08,Equity : Index Funds,-2.76,15.7,Nil
Axis Mutual Fund,Axis NIFTY 50 ETF,EQ-ETF,Unrated,142.8,0.07,3-Jul-17,NIFTY 50 - TRI,185.88,192.11,161.71,-0.23,7.73,2.77,-4.09,22.9,15.63,12.64,-,-,50,397172,99.97,-,-,Financials,-,-,-,0.91,-0.25,-0.41,0.99,18.16,Equity : ETFs,-3.32,12.35,null
Axis Mutual Fund,Axis Nifty 50 Index Fund-Reg(G),EQ-INDX,Unrated,168.6,0.42,3-Dec-21,NIFTY 50 - TRI,10.23,10.62,8.93,-0.36,7.53,2.51,-,-,-,-,-,-,50,398105,98.93,-,-,Financials,-,-,-,-,-,-,-,-,Equity : Index Funds,-2.76,15.7,Nil
Axis Mutual Fund,Axis Nifty AAA Bond Plus SDL Apr 2026 50:50 ETF,DT-ETF,Unrated,1123.9,0.12,11-May-21,Nifty AAA Bond Plus SDL Apr 2026 50:50 Index,10.48,10.55,10.22,-0.06,0.91,0.51,1.06,-,-,-,-,0,-,-,-,-,-,-,3.09,2.61,7.47,-1.44,-0.76,-0.95,0.44,2.14,Debt : ETFs,-3.32,12.35,null
Axis Mutual Fund,Axis Nifty AAA Bond Plus SDL Apr 2026 50:50 ETF FoF-Reg(G),DT-M&LD,Unrated,222,0.22,20-Oct-21,Nifty AAA Bond Plus SDL Apr 2026 50:50 Index,10.08,10.17,9.82,-0.21,0.97,0.1,-,-,-,-,-,-,-,-,-,-,-,-,3.62,3.07,6.02,-1.64,-0.58,-0.88,0.36,3.1,Debt : Medium to Long Duration,1.11,4.88,null
Axis Mutual Fund,Axis NIFTY Bank ETF,EQ-ETF,Unrated,45.9,0.15,3-Nov-20,NIFTY BANK - TRI,407.09,418.36,328.44,-1.18,14.16,10.46,2.14,-,-,-,-,-,12,363460,93.59,6.36,-,Financials,-,-,-,8.87,0.12,0.2,1.1,22.43,Equity : ETFs,-3.32,12.35,null
Axis Mutual Fund,Axis NIFTY Healthcare ETF,EQ-ETF,Unrated,20.7,0.2,17-May-21,Nifty Healthcare Index - TRI,83.09,89.85,73.33,5.59,4.28,-3.74,-8.24,-,-,-,-,-,20,70077,67.46,29.26,3.09,Healthcare,-,-,-,-7.18,-0.59,-1,0.63,17.98,Equity : ETFs,-3.32,12.35,null
Axis Mutual Fund,Axis NIFTY India Consumption ETF,EQ-ETF,Unrated,12.3,0.3,17-Sep-21,Nifty India Consumption - TRI,78.22,81.92,62.88,-1.48,6.52,10.95,4.09,-,-,-,-,-,30,195883,92.19,7.49,-,FMCG,-,-,-,7.01,0.13,0.22,0.83,17.92,Equity : ETFs,-3.32,12.35,null
Axis Mutual Fund,Axis NIFTY IT ETF,EQ-ETF,Unrated,27.5,0.2,25-Mar-21,NIFTY IT - TRI,288.65,398.43,271.15,6.1,4.04,-12.45,-20.52,-,-,-,-,-,10,290759,85.17,14.7,-,Technology,-,-,-,-15.65,-0.86,-1.32,1.02,24.85,Equity : ETFs,-3.32,12.35,null
Axis Mutual Fund,Axis Nifty Midcap 50 Index Fund-Reg(G),EQ-INDX,Unrated,31.7,0.98,28-Mar-22,Nifty Midcap 50 - TRI,10.28,10.7,8.52,-0.99,8.14,2.08,-,-,-,-,-,-,50,35428,5.8,93.42,-,Financials,-,-,-,-,-,-,-,-,Equity : Index Funds,-2.76,15.7,0.25% on or before 7D Nil after 7D
Axis Mutual Fund,Axis Nifty Next 50 Index Fund-Reg(G),EQ-INDX,Unrated,71.1,0.83,28-Jan-22,NIFTY NEXT 50 - TRI,10.21,11.05,8.6,-4.7,6.62,-2.48,-,-,-,-,-,-,50,83517,87.64,11.84,-,Financials,-,-,-,-,-,-,-,-,Equity : Index Funds,-2.76,15.7,Nil
Axis Mutual Fund,Axis Nifty Smallcap 50 Index Fund-Reg(G),EQ-INDX,Unrated,38.6,1,-,Nifty Smallcap 50 - TRI,9.21,10.76,7.76,-2.82,6.91,-10.55,-,-,-,-,-,-,50,10411,-,1.09,97.95,Financials,-,-,-,-22,-0.63,-0.95,0.96,21.92,Equity : Index Funds,-2.76,15.7,Nil
Axis Mutual Fund,Axis Overnight Fund-Reg(G),DT-ON,5,10852,0.11,15-Mar-19,Nifty 1D Rate Index,1150.92,1150.92,1105.39,0.47,1.34,2.4,4.12,3.6,3.65,-,-,0,-,-,-,-,-,-,0.01,0.01,5.99,0.03,0.64,0.33,-,0.04,Debt : Overnight,4.1,3.6,Nil
Axis Mutual Fund,Axis Quant Fund-Reg(G),EQ-THEM,Unrated,1306.6,2.08,1-Jul-21,S&P BSE 200 - TRI,11.09,11.59,9.23,0.09,11.14,3.17,-4.32,-,-,-,-,120,42,138710,71.31,19.75,5.27,Financials,-,-,-,-0.45,-0.3,-0.47,0.86,17.15,Equity : Thematic,7.27,15.07,Nil upto 10% of investments and 1% for remaining investments on or before 12M Nil after 12M
Axis Mutual Fund,Axis Regular Saver Fund-Reg(G),HY-DT(CO),3,449.3,2.17,16-Jul-10,NIFTY 50 Hybrid Composite Debt 15:85 Index,24.44,24.78,23.19,-0.17,2.72,0.84,-0.27,8.21,8.38,6.08,7.84,0,38,189861,18.02,3.03,2.25,Financials,4.65,2.29,7.54,-2.72,-0.62,-0.98,0.48,4.73,Hybrid : Debt Oriented (Conservative),0.59,9.76,Nil upto 10% of investments and 1% for remaining investments on or before 1M Nil after 1M
Axis Mutual Fund,Axis Retirement Savings Fund-Aggressive Plan-Reg(G),HY-SOL,Unrated,657.5,2.34,20-Dec-19,NIFTY 50 Hybrid Composite Debt 70:30 Index,12.75,14.11,11.29,-1.93,5.82,-0.78,-11.66,13.6,-,-,-,0,18,108625,47.56,21.59,5.15,Financials,6.34,2.89,7.06,-14.14,-1.05,-1.58,1.04,14.09,Hybrid : Solution Oriented,-1.53,19.02,Nil
Axis Mutual Fund,Axis Retirement Savings Fund-Conservative Plan-Reg(G),HY-SOL,Unrated,90.8,2.08,20-Dec-19,NIFTY 50 Hybrid Short Duration Debt 25:75 Index,12.19,12.9,11.73,-0.77,1.41,-2.21,-4.76,7.7,-,-,-,0,16,221272,29.01,6.16,-,Automobile and Ancillaries,6.83,4.06,7.19,-7.16,-1.05,-1.65,0.49,7.05,Hybrid : Solution Oriented,-1.53,19.02,Nil
Axis Mutual Fund,Axis Retirement Savings Fund-Dynamic Plan-Reg(G),HY-SOL,Unrated,294.2,2.34,20-Dec-19,NIFTY 50 Hybrid Composite Debt 65:35 Index,13.39,14.6,11.97,-2.05,5.76,1.67,-8.09,15.89,-,-,-,0,17,115103,48.42,18.07,8.67,Financials,2.45,1.57,6.33,-10.33,-0.91,-1.4,0.86,11.86,Hybrid : Solution Oriented,-1.53,19.02,Nil
Axis Mutual Fund,Axis Short Term Fund-Reg(G),DT-SD,3,7511,0.99,22-Jan-10,Nifty Short Duration Debt Index,25.24,25.26,24.55,0.06,1,1.53,2.8,3.54,5.78,6.41,7.41,0,-,-,-,-,-,-,2.21,1.66,7.45,0.2,0.11,0.15,0.22,0.97,Debt : Short Duration,2.89,5.39,Nil
Axis Mutual Fund,Axis Silver ETF,GOLD-ETF,Unrated,30.8,0.37,21-Sep-22,Silver,56.83,62.47,56,-,-,-,-,-,-,-,-,-,-,-,-,-,-,-,-,-,-,-,-,-,-,-,Gold : ETFs,-3.32,12.35,null
Axis Mutual Fund,Axis Silver FoF-Reg(G),GOLD-MF,Unrated,24,0.7,21-Sep-22,Silver,10.12,11,9.64,-,-,-,-,-,-,-,-,-,-,-,-,-,-,-,-,-,-,-,-,-,-,-,Gold : MFs,3.72,7.87,0.25% on or before 7D Nil after 7D
Axis Mutual Fund,Axis Small Cap Fund-Reg(G),EQ-SML,2,10761.1,1.94,29-Nov-13,Nifty Smallcap 250 - TRI,63.67,65.37,53.74,-0.67,10.16,3.62,3.32,37.68,27.22,19.11,-,10,75,10158,2.67,17.08,62.32,Chemicals,-,-,-,6.07,0.14,0.2,0.69,16.19,Equity : Small Cap,2.94,30.51,Nil for 10% of investments and 1% for remaining investments on or before 12M Nil after 12M
Axis Mutual Fund,Axis Special Situations Fund-Reg(G),EQ-THEM,Unrated,1750.1,2.07,24-Dec-20,NIFTY 500 - TRI,11.78,13.98,10.58,-3.38,2.8,-5.48,-15.61,-,-,-,-,26,78,152615,58.88,12.96,3.78,Financials,-,-,-,-12.95,-0.97,-1.48,0.85,18.18,Equity : Thematic,7.27,15.07,Nil for 10% of investment and 1% for remaining investment on or before 12M Nil after 12M
Axis Mutual Fund,Axis Strategic Bond Fund-Reg(G),DT-MD,4,1660.1,1.09,28-Mar-12,NIFTY Medium Duration Debt Index,22.59,22.68,21.92,0.02,1.28,1.84,3.06,4.74,6.55,6.42,7.83,0,-,-,-,-,-,-,3.47,2.25,7.78,0.55,0.24,0.35,0.37,1.56,Debt : Medium Duration,1.38,5.02,Nil for 10% of investment and 1% for remaining investment on or before 12M Nil after 12M
Axis Mutual Fund,Axis Treasury Advantage Fund-Reg(G),DT-LOWD,3,5399.9,0.61,9-Oct-09,NIFTY Low Duration Debt Index,2545.93,2545.93,2456.06,0.3,1.15,1.94,3.66,3.86,5.12,6.22,7.31,0,-,-,-,-,-,-,1.06,0.74,7.09,1.03,1.95,2.77,0.09,0.5,Debt : Low Duration,3.28,4.97,Nil
Axis Mutual Fund,Axis Triple Advantage Fund-Reg(G),HY-MULTI,Unrated,1744.8,2.11,23-Aug-10,NIFTY 50 - TRI,29.22,32.21,26.45,-0.82,4.17,-2.2,-8.33,15.02,11.77,10.15,9.01,0,43,202323,58.59,10.66,4.1,Financials,2.65,1.91,6.95,-10.41,-0.8,-1.22,0.77,13.56,Hybrid : Multi Asset Allocation,1.62,13.98,Nil on or before 12M for 10% of Investment and 1% for remaining investments Nil after 12M
Axis Mutual Fund,Axis Ultra Short Term Fund-Reg(G),DT-USD,3,4157.5,1.19,10-Sep-18,NIFTY Ultra Short Duration Debt Index,12.32,12.32,11.91,0.32,1.04,1.85,3.45,3.42,4.16,-,-,0,-,-,-,-,-,-,0.47,0.45,7.02,0.78,2.3,3.52,0.05,0.33,Debt : Ultra Short Duration,3.68,4.48,Nil
Axis Mutual Fund,Axis Value Fund-Reg(G),EQ-VAL,Unrated,263.6,2.52,22-Sep-21,NIFTY500 Value 50 - TRI,10.11,10.74,8.51,-0.68,7.29,1.91,-5.58,-,-,-,-,-,34,99347,64.19,17.38,10.39,Financials,-,-,-,-1.36,-0.35,-0.53,0.91,18.44,Equity : Value / Contra,3.04,21.88,Nil upto 10% of investment and 1% for remaining investment on or before 12M Nil after 12M
Bank of India Mutual Fund,Bank of India Arbitrage Fund-Reg(G),HY-ARB,Unrated,15.2,1,18-Jun-18,Nifty 50 Arbitrage,11.67,11.67,11.37,0.36,0.86,1.4,2.52,2.39,2.67,-,-,0,23,137666,58.61,6.16,8.14,Financials,0.67,0.63,6.39,-0.25,-0.26,-0.48,-0.03,0.92,Hybrid : Arbitrage,3.56,3.65,Nil for 10% of units and 0.50% for remaining units on or before 30D Nil after 30D
Bank of India Mutual Fund,Bank of India Balanced Advantage Fund-Reg(G),HY-DYN,Unrated,80.7,2.72,14-Mar-14,NIFTY 50 Hybrid Composite Debt 50:50 Index,18.4,18.88,15.57,-0.52,4.93,0.5,10.4,12.05,9.22,4.34,-,0,53,344159,80.76,-,-,Financials,0.6,0.56,6.33,8.59,0.52,1.19,0.69,15.86,Hybrid : Dynamic Asset Allocation,1.18,10.47,NIL upto 10% of units and 1% for in execss of above Limit on or before 1Y NIL after 1Y
Bank of India Mutual Fund,Bank of India Bluechip Fund-Reg(G),EQ-LC,Unrated,133.1,2.59,29-Jun-21,NIFTY 100 - TRI,10.6,11.58,9.03,-0.19,8.15,2.02,-9.78,-,-,-,-,56,40,281357,88.81,9.24,-,Financials,-,-,-,-6.07,-0.64,-0.98,0.95,17.8,Equity : Large Cap,-3.51,14.3,Nil upto 10% of units and 1% for remaining units on or before 1Y Nil after 1Y
Bank of India Mutual Fund,Bank of India Conservative Hybrid Fund-Reg(G),HY-DT(CO),Unrated,56.1,2.3,18-Mar-09,CRISIL Hybrid 85+15 - Conservative Index,27.6,27.83,22.52,-0.09,2.23,1.3,18.85,15.87,13.86,6.03,8.08,0,22,141850,18.87,2.16,2.52,Financials,1.77,1.4,6.79,17.21,0.87,5.44,0.31,19.52,Hybrid : Debt Oriented (Conservative),0.59,9.76,Nil for 10% of investment and 1% for remaining investment on or before 1Y Nil after 1Y
Bank of India Mutual Fund,Bank of India Credit Risk Fund-Reg(G),DT-CR,2,165,1.53,27-Feb-15,CRISIL Short Term Credit Risk Fund,10.42,10.42,4.32,0.06,0.77,1.31,10.98,6.85,14.09,-4.19,-,0,-,-,-,-,-,-,1.13,0.97,6.68,131.85,1.06,194.48,0.11,123.91,Debt : Credit Risk,3.6,5.53,4% on or before 12M 3% after 12M but on or before 24M 2% after 24M but on or before 36M Nil after 36M
Bank of India Mutual Fund,Bank of India Flexi Cap Fund-Reg(G),EQ-FLEX,Unrated,323.9,2.59,29-Jun-20,S&P BSE 500 - TRI,19.52,21,16.43,-1.71,9.24,-0.76,-4.46,29.17,-,-,-,52,50,76725,49.74,23.77,20.1,Financials,-,-,-,0.15,-0.26,-0.39,0.91,19.03,Equity : Flexi Cap,-2.7,16.46,Nil upto 10% of units and 1% for remaining units on or before 1Y Nil after 1Y
Bank of India Mutual Fund,Bank of India Large & Mid Cap Equity Fund-Reg(G),EQ-L&M,3,206.6,2.6,21-Oct-08,S&P BSE 250 LargeMidCap Index - TRI,55.41,58.5,46.82,-2.14,8.14,3.03,-5.39,24.46,17.12,8.84,11.93,61,43,94043,54.37,32.07,9.01,Financials,-,-,-,-1.16,-0.34,-0.51,0.9,18.11,Equity : Large & Mid Cap,-1.58,18.24,NIL upto 10% of units and 1% for in execss of above Limit on or before 1Y NIL after 1Y
Bank of India Mutual Fund,Bank of India Liquid Fund-Reg(G),DT-LIQ,2,365.5,0.22,16-Jul-08,Crisil Liquid Fund Index,2492.62,2492.62,2390.46,0.46,1.33,2.43,4.27,3.72,3.98,5.21,6.72,0,-,-,-,-,-,-,0.13,0.12,6.33,0.13,1.54,1.52,0.01,0.08,Debt : Liquid,4.1,3.86,0.007% for Day 1 0.0065% on Day 2 0.0060% on Day 3 0.0055% on Day 4 0.0050% on Day 5 0.0045% on Day 6 NIL on or after 7D
Bank of India Mutual Fund,Bank of India Mfg & Infra Fund-Reg(G),EQ-INFRA,Unrated,82.7,2.54,5-Mar-10,S&P BSE India Infrastructure Index - TRI,29.84,31.03,24.35,-1.03,11.09,2.12,2.54,35.47,25.47,12.59,13.58,50,45,40698,35.14,34.23,22.88,Automobile and Ancillaries,-,-,-,7.31,0.14,0.2,0.84,19.48,Equity : Sectoral - Infrastructure,5.4,20.87,NIL upto 10% of units and 1% for in execss of above Limit on or before 1Y NIL after 1Y
Bank of India Mutual Fund,Bank of India Mid & Small Cap Equity & Debt Fund-Reg(G),HY-EQ,5,382,2.6,20-Jul-16,Nifty MidSmallcap 400 - TRI,22.61,25.08,19.61,-1.44,8.08,-3.58,-6.03,28,24.4,10.95,-,108,46,18211,3.83,46.75,29.15,Financials,0.95,0.77,6.63,-6.73,-0.4,-0.61,0.38,17.18,Hybrid : Equity Oriented,1.35,8.53,NIL upto 10% of units and 1% for in execss of above Limit on or before 1Y NIL after 1Y
Bank of India Mutual Fund,Bank of India Overnight Fund-Reg(G),DT-ON,2,37,0.15,28-Jan-20,CRISIL Overnight Index,1102.34,1102.34,1057.84,0.47,1.34,2.43,4.21,3.65,-,-,-,0,-,-,-,-,-,-,-,-,6.09,0.08,2.31,1.11,-,0.04,Debt : Overnight,4.1,3.6,Nil
Bank of India Mutual Fund,Bank of India Short Term Income Fund-Reg(G),DT-SD,Unrated,46.1,1.04,18-Dec-08,Crisil Short Term Bond Fund Index,20.47,20.5,17.42,0.1,0.86,1.21,17.59,10.2,6.66,1.92,5.19,0,-,-,-,-,-,-,2.13,1.71,6.68,15.12,0.98,19.76,0.21,15.32,Debt : Short Duration,2.89,5.39,Nil
Bank of India Mutual Fund,Bank of India Small Cap Fund-Reg(G),EQ-SML,5,378.1,2.66,19-Dec-18,Nifty Smallcap 250 - TRI,27.26,28.5,21.88,0.4,12.77,4.04,0.48,42.05,39.1,-,-,67,65,14318,5.27,28.89,61.26,Automobile and Ancillaries,-,-,-,4.28,-0.01,-0.01,0.8,18.82,Equity : Small Cap,2.94,30.51,Nil upto 10% of units and 1% for excess units on or before 1Y Nil after 1Y
Bank of India Mutual Fund,Bank of India Tax Advantage Fund-Reg(G),EQ-ELSS,5,645.6,2.5,25-Feb-09,S&P BSE 500 - TRI,99.88,106.1,83.08,-0.87,10.77,3.19,-6.81,26.5,23.37,13.62,15.98,81,50,110411,59.89,30.92,9.26,Financials,-,-,-,-2.72,-0.42,-0.63,0.93,18.66,Equity : Tax Saving (ELSS),-1.86,16.69,Nil
Bank of India Mutual Fund,Bank of India Ultra Short Duration Fund-Reg(G),DT-USD,3,132.2,0.56,16-Jul-08,CRISIL Ultra Short Term Debt Index,2660.33,2660.33,2565.72,0.34,1.11,1.96,3.68,3.42,4.09,5.48,7.21,0,-,-,-,-,-,-,0.34,0.31,7.65,1.01,2.97,4.58,0.04,0.34,Debt : Ultra Short Duration,3.68,4.48,Nil
Baroda BNP Paribas Mutual Fund,Baroda BNP Paribas Aggressive Hybrid Fund-Reg(G),HY-EQ,4,768.5,2.26,7-Apr-17,CRISIL Hybrid 35+65 - Aggressive Index,18.59,19.16,16.61,-0.6,6.1,1.66,-3.32,19,13.76,11.66,-,119,39,225546,61.51,6.4,4.29,Financials,2.56,1.53,7.57,-4.18,-0.34,-0.52,0.85,13.76,Hybrid : Equity Oriented,1.35,8.53,Nil upto 10% of units and 1 % for in excess of limits on or before 12M Nil after 12M
Baroda BNP Paribas Mutual Fund,Baroda BNP Paribas Arbitrage Fund-Reg(G),HY-ARB,4,494.5,1.1,28-Dec-16,Nifty 50 Arbitrage,13.37,13.37,12.93,0.38,1.03,1.64,3.3,3.6,3.93,4.87,-,2108,72,52352,29.08,20.77,17.84,Financials,0.52,0.48,6.5,0.53,0.6,1.19,-0.01,0.91,Hybrid : Arbitrage,3.56,3.65,0.25% on or before 1M Nil after 1M
Baroda BNP Paribas Mutual Fund,Baroda BNP Paribas Balanced Advantage Fund-Reg(G),HY-DYN,5,3341.5,1.92,14-Nov-18,S&P BSE 200,16.49,16.83,14.61,-0.22,6.55,2.6,-1.38,13.23,14.87,-,-,189,43,148713,51.44,9.38,5.28,Financials,3.88,1.47,7.38,-2.77,-0.3,-0.48,0.74,10.48,Hybrid : Dynamic Asset Allocation,1.18,10.47,Nil upto 10% of units and 1% for remaining units on or before 1Y Nil after 1Y
Baroda BNP Paribas Mutual Fund,Baroda BNP Paribas Banking and Fin Serv Fund-Reg(G),EQ-FIN,Unrated,61.7,2.65,22-Jun-12,NIFTY BANK - TRI,30.58,32.32,25.16,-1.52,11.73,7.76,-2.75,21.75,8.78,8.46,10.83,66,21,273073,83.14,6.73,4.82,Financials,-,-,-,3.25,-0.12,-0.19,1.04,20.84,Equity : Sectoral - Financial Services,-1.79,11.01,1% on or before 365D Nil after 365D
Baroda BNP Paribas Mutual Fund,Baroda BNP Paribas Banking and PSU Bond Fund-Reg(G),DT-B&PSU,1,81.7,0.8,17-Dec-20,CRISIL Banking and PSU Debt Index,10.41,10.45,10.23,0.06,0.87,0.46,1.29,-,-,-,-,0,-,-,-,-,-,-,2.41,1.11,7.24,-1.39,-0.93,-1.17,0.32,1.64,Debt : Banking & PSU,2.42,5.6,Nil
Baroda BNP Paribas Mutual Fund,Baroda BNP Paribas Business Cycle Fund-Reg(G),EQ-THEM,Unrated,848.9,2.25,15-Sep-21,S&P BSE 500 - TRI,9.84,10.41,8.44,-0.91,7.49,0.55,-5.41,-,-,-,-,66,41,220781,76.69,10.97,7.75,Financials,-,-,-,-0.78,-0.33,-0.53,0.93,17.7,Equity : Thematic,7.27,15.07,Nil upto 10% of units and 1% for remaining units on or beofre 1Y Nil after 1Y
Baroda BNP Paribas Mutual Fund,Baroda BNP Paribas Conservative Hybrid Fund-Reg(G),HY-DT(CO),2,510.8,2.42,23-Sep-04,CRISIL Hybrid 85+15 - Conservative Index,35.25,35.56,33.54,-0.03,2.51,1.62,0.15,6.19,6.05,5.67,7.79,0,42,227678,18.53,2.43,1.52,Financials,3.78,1.85,7.58,-2.14,-0.54,-0.83,0.56,4.4,Hybrid : Debt Oriented (Conservative),0.59,9.76,1% on or before 6M Nil after 6M
Baroda BNP Paribas Mutual Fund,Baroda BNP Paribas Corp Bond Fund(G),DT-CORP,Unrated,27.7,0.64,8-Nov-08,CRISIL Corporate Bond Index,22.28,22.39,21.86,0.1,0.93,0.75,0.78,1.87,4.5,3.74,6.19,0,-,-,-,-,-,-,2.45,1.16,7.37,-1.79,-1.08,-1.3,0.33,1.81,Debt : Corporate Bond,2.2,5.79,Nil
Baroda BNP Paribas Mutual Fund,Baroda BNP Paribas Credit Risk Fund-Reg(G),DT-CR,4,202,1.6,23-Jan-15,CRISIL Short Term Credit Risk Fund,18.03,18.04,17.36,0.43,1.63,1.98,3.85,11.97,8.19,6.53,-,0,-,-,-,-,-,-,2.86,1.41,7.71,1.29,1.03,1.49,0.23,1.15,Debt : Credit Risk,3.6,5.53,Nil upto 10% of units and 1% for remaining units on or before 1Y Nil after 1Y
Baroda BNP Paribas Mutual Fund,Baroda BNP Paribas Dynamic Bond Fund(G),DT-DYN,2,120.6,1.69,23-Sep-04,CRISIL Dynamic Debt Index,37.43,37.46,36.37,0.34,2.03,2.18,2.4,2.27,4.48,4.75,7.13,0,-,-,-,-,-,-,4.7,1.67,6.76,-0.2,-0.23,-0.36,0.46,1.84,Debt : Dynamic Bond,2.02,5.08,Nil
Baroda BNP Paribas Mutual Fund,Baroda BNP Paribas ELSS Fund-Reg(G),EQ-ELSS,2,676.6,2.33,5-Jan-06,NIFTY 500 - TRI,57.78,63.04,50.5,-0.25,6.5,0.27,-8.63,17.62,13.05,8.97,13.94,59,55,170345,70.91,16.98,9.23,Financials,-,-,-,-4.91,-0.57,-0.87,0.92,17.43,Equity : Tax Saving (ELSS),-1.86,16.69,Nil
Baroda BNP Paribas Mutual Fund,Baroda BNP Paribas Equity Savings Fund-Reg(G),HY-EQ,Unrated,284.4,2.51,25-Jul-19,NIFTY 50 Equity Savings Index - TRI,12.61,12.74,11.73,0.17,3.99,2.78,1.53,5.94,7.15,-,-,517,45,272853,60.32,5.86,0.92,Financials,3.45,1.97,7.53,-0.58,-0.14,-0.23,0.54,6.21,Hybrid : Equity Oriented,1.35,8.53,Nil upto 10% of units and 1% for the above on or before 1Y Nil after 1Y
Baroda BNP Paribas Mutual Fund,Baroda BNP Paribas Flexi Cap Fund-Reg(G),EQ-FLEX,Unrated,1448.6,2.13,17-Aug-22,NIFTY 500 - TRI,9.94,10.21,9.53,-0.4,-,-,-,-,-,-,-,24,46,146977,71.47,17.76,3.54,Financials,-,-,-,-,-,-,-,-,Equity : Flexi Cap,-2.7,16.46,Nil upto 10% of units and 1% for remaining units on or before 12M Nil after 12M
Baroda BNP Paribas Mutual Fund,Baroda BNP Paribas Focused Fund-Reg(G),EQ-FLEX,2,270.3,2.43,6-Oct-17,NIFTY 500 - TRI,14.83,15.32,12.88,-1.91,6.8,1.41,-4.59,21.79,14.42,8.04,-,97,22,208886,75.55,16.82,1.15,Financials,-,-,-,-0.1,-0.29,-0.44,0.93,18.12,Equity : Flexi Cap,-2.7,16.46,Nil upto 10% of units within 12M In excess of limit - 1% on or before 12M and Nil after 12M
Baroda BNP Paribas Mutual Fund,Baroda BNP Paribas Funds Aqua FoF-Reg(G),FOF-OVR,Unrated,84.5,1.62,7-May-21,MSCI World,8.85,11.34,8.27,0.98,0.47,-9.04,-17.33,-,-,-,-,12,-,-,-,-,-,-,-,-,-,-19.56,-0.95,-1.65,0.65,20.82,FoFs : Overseas,-21.18,4.44,1% on or before 12M Nil after 12M
Baroda BNP Paribas Mutual Fund,Baroda BNP Paribas Gilt Fund-Reg(G),DT-GILT,Unrated,26,1.86,21-Mar-02,CRISIL Dynamic Gilt Index,34.16,34.33,33.33,0.27,1.4,1.38,0.46,1.63,4.11,5.09,6.83,0,-,-,-,-,-,-,4.49,1.88,6.77,-2.24,-1.25,-1.85,0.48,1.98,Debt : Gilt,1.22,5.04,Nil
Baroda BNP Paribas Mutual Fund,Baroda BNP Paribas India Consumption Fund-Reg(G),EQ-CONS,4,942.6,2.25,10-Sep-18,Nifty India Consumption - TRI,20.68,21.28,17.28,-1.31,7.55,6.39,-0.49,26.24,18.51,-,-,68,42,135307,67.26,20.5,8.09,FMCG,-,-,-,2.72,-0.11,-0.16,0.8,16.13,Equity : Thematic - Consumption,7.84,17.57,Nil upto 10% of units and 1% for excess units on or before 12M Nil after 12M
Baroda BNP Paribas Mutual Fund,Baroda BNP Paribas Large & Mid Cap Fund-Reg(G),EQ-L&M,Unrated,745,2.47,4-Sep-20,S&P BSE 250 LargeMidCap Index - TRI,16.18,17.49,13.96,-0.92,7.3,0.84,-8.68,25.72,-,-,-,71,44,116548,51.07,37.79,4.93,Financials,-,-,-,-3.6,-0.48,-0.74,0.93,18.27,Equity : Large & Mid Cap,-1.58,18.24,Nil upto 10% of units and 1% for remaining units on or before 365D Nil after 365D
Baroda BNP Paribas Mutual Fund,Baroda BNP Paribas Large Cap Fund-Reg(G),EQ-LC,2,1326.8,2.14,23-Sep-04,NIFTY 100 - TRI,141.12,146.62,123.24,-0.11,7.07,3.04,-4.31,20.49,13.83,11.37,14.37,42,47,288117,85.61,4.79,0.85,Financials,-,-,-,-0.18,-0.31,-0.49,0.93,17.16,Equity : Large Cap,-3.51,14.3,Nil upto 10% of Units within 12M 1% exceding 10% of Units within 12M Nil after 12M
Baroda BNP Paribas Mutual Fund,Baroda BNP Paribas Liquid Fund(G),DT-LIQ,2,3961.2,0.26,5-Feb-09,Crisil Liquid Fund Index,2495.31,2495.31,2393.59,0.47,1.34,2.43,4.25,3.75,4.03,5.27,6.78,0,-,-,-,-,-,-,0.14,0.13,6.52,0.13,1.39,1.33,0.01,0.08,Debt : Liquid,4.1,3.86,0.007% for Day 1 0.0065% on Day 2 0.0060% on Day 3 0.0055% on Day 4 0.0050% on Day 5 0.0045% on Day 6 NIL on or after 7D
Baroda BNP Paribas Mutual Fund,Baroda BNP Paribas Low Duration Fund(G),DT-LOWD,3,196.6,1.02,21-Oct-05,CRISIL Low Duration Debt Index,33.39,33.39,32.42,0.22,1.06,1.55,2.96,3.36,4.77,5.62,6.88,0,-,-,-,-,-,-,1.62,0.74,7.32,0.33,0.43,0.56,0.11,0.62,Debt : Low Duration,3.28,4.97,Nil
Baroda BNP Paribas Mutual Fund,Baroda BNP Paribas Medium Duration Fund-Reg(G),DT-MD,Unrated,34.8,0.97,5-Mar-14,CRISIL Medium Term Debt Index,15.48,15.55,15.04,-0.09,1.57,1.61,1.77,2.41,4.08,2.53,-,0,-,-,-,-,-,-,4.85,3.06,7.38,-0.73,-0.5,-0.71,0.49,1.92,Debt : Medium Duration,1.38,5.02,1% on or before 12M Nil after 12M
Baroda BNP Paribas Mutual Fund,Baroda BNP Paribas Mid Cap Fund-Reg(G),EQ-MID,4,1200.8,2.19,2-May-06,Nifty Midcap 150 - TRI,59.87,61.7,50.35,-0.66,8.68,2.01,-3.6,32.95,24.12,11.04,18.04,62,52,36417,14.53,69.97,9.23,Financials,-,-,-,0.93,-0.21,-0.31,0.86,18.47,Equity : Mid Cap,0.53,23.53,Nil upto 10% of Units within 12M 1% exceding 10% of Units within 12M Nil after 12M
Baroda BNP Paribas Mutual Fund,Baroda BNP Paribas Money Market Fund-Reg(G),DT-MM,Unrated,17.9,0.39,19-Jun-19,CRISIL Money Market Index,1141.88,1141.88,1102.26,0.36,1.1,1.83,3.6,3.19,3.63,-,-,0,-,-,-,-,-,-,0.28,0.26,6.4,0.91,3.3,4.65,0.03,0.27,Debt : Money Market,3.75,4.5,Nil
Baroda BNP Paribas Mutual Fund,Baroda BNP Paribas Multi Cap Fund-Reg(G),EQ-MLC,4,1655.8,2.27,12-Sep-03,Nifty500 Multicap 50:25:25 - TRI,169.66,183.69,144.91,-0.35,8.33,-0.41,-8.43,29.73,20.28,11.16,13.42,61,60,65462,41.64,27.36,25.42,Financials,-,-,-,-3.18,-0.45,-0.68,0.94,18.55,Equity : Multi Cap,0.07,20.3,1% on or before 365D Nil after 365D
Baroda BNP Paribas Mutual Fund,Baroda BNP Paribas Overnight Fund-Reg(G),DT-ON,4,835.6,0.14,25-Apr-19,CRISIL Overnight Index,1143.27,1143.27,1098.45,0.47,1.33,2.39,4.08,3.58,3.65,-,-,0,-,-,-,-,-,-,0.01,-,6.06,-,-0.01,-0.01,-,0.04,Debt : Overnight,4.1,3.6,Nil
Baroda BNP Paribas Mutual Fund,Baroda BNP Paribas Short Duration Fund-Reg(G),DT-SD,2,283,1.04,30-Jun-10,Crisil Short Term Bond Fund Index,23.95,23.95,23.44,0.15,1.05,1.1,2.16,3.14,4.76,5.88,7.35,0,-,-,-,-,-,-,2,1.22,7.53,-0.45,-0.49,-0.61,0.24,1.15,Debt : Short Duration,2.89,5.39,Nil
Baroda BNP Paribas Mutual Fund,Baroda BNP Paribas Ultra Short Duration Fund-Reg(G),DT-USD,3,518.6,0.34,1-Jun-18,CRISIL Ultra Short Term Debt Index,1271.92,1271.92,1220.17,0.44,1.35,2.27,4.24,3.93,4.48,-,-,0,-,-,-,-,-,-,0.44,0.4,6.89,1.59,4.01,6.1,0.05,0.39,Debt : Ultra Short Duration,3.68,4.48,Nil
BHARAT Bond,Bharat 22 ETF,EQ-ETF,Unrated,9038.6,0.05,24-Nov-17,S&P BSE Bharat 22 Index - TRI,53.72,55.11,42.78,-1.27,11.42,4.24,8.97,47.96,14.98,-,-,13,22,179985,94,2.33,3.57,Energy,-,-,-,10,0.51,0.81,0.22,19.2,Equity : ETFs,-3.32,12.35,Nil
BHARAT Bond,BHARAT Bond ETF - April 2023,DT-ETF,Unrated,6580,0,30-Dec-19,NIFTY BHARAT Bond Index - April 2023,1191.05,1191.05,1149.65,0.32,1.22,1.79,3.53,4.2,-,-,-,0,-,-,-,-,-,-,0.5,0.46,6.9,0.91,1.13,1.51,0.12,0.76,Debt : ETFs,-3.32,12.35,null
BHARAT Bond,BHARAT Bond ETF - April 2025,DT-ETF,Unrated,10012.7,0,27-Jul-20,NIFTY BHARAT Bond Index - April 2025,1078.59,1084.56,1056.41,-0.04,0.8,0.42,1.28,3.33,-,-,-,0,-,-,-,-,-,-,2.4,2.09,7.4,-1.26,-0.73,-0.92,0.41,2.01,Debt : ETFs,-3.32,12.35,null
BHARAT Bond,BHARAT Bond ETF - April 2030,DT-ETF,Unrated,14369.4,0,30-Dec-19,NIFTY BHARAT Bond Index - April 2030,1207.56,1219.6,1163.73,-0.54,1.56,1.76,2.44,3.97,-,-,-,0,-,-,-,-,-,-,7.23,5.2,7.61,-0.03,-0.1,-0.12,0.61,3.3,Debt : ETFs,-3.32,12.35,null
BHARAT Bond,BHARAT Bond ETF - April 2031,DT-ETF,Unrated,11081,0,27-Jul-20,NIFTY BHARAT Bond Index - April 2031,1074.95,1089.61,1037.14,-0.8,1.8,1.35,2.07,3.52,-,-,-,0,-,-,-,-,-,-,8.28,5.95,7.66,-0.45,-0.21,-0.26,0.66,3.61,Debt : ETFs,-3.32,12.35,null
BHARAT Bond,BHARAT Bond ETF - April 2032,DT-ETF,Unrated,7582.7,0,13-Dec-21,NIFTY BHARAT Bond Index - April 2032,1005.73,1019.81,969.41,-0.87,1.81,1.19,-,-,-,-,-,0,-,-,-,-,-,-,9.48,6.38,7.69,-,-,-,-,-,Debt : ETFs,-3.32,12.35,null
BHARAT Bond,BHARAT Bond ETF FOF - April 2032 -Reg(G),FOF-DOM,Unrated,2118.2,0.06,15-Dec-21,NIFTY BHARAT Bond Index - April 2032,10.07,10.25,9.7,-1.32,1.83,1.23,-,-,-,-,-,0,-,-,-,-,-,-,9.36,6.3,7.66,-,-,-,-,-,FoFs : Domestic,-3.72,13.95,0.10% on or before 30D Nil after 30D
BHARAT Bond,BHARAT Bond FOF - April 2023 -Reg(G),FOF-DOM,Unrated,3154.8,0.06,30-Dec-19,NIFTY BHARAT Bond Index - April 2023,11.92,11.92,11.47,0.54,1.12,1.97,3.67,4.3,-,-,-,0,-,-,-,-,-,-,0.5,0.46,6.89,1.06,1.01,1.57,0.13,1,FoFs : Domestic,-3.72,13.95,0.10% on or before 30D Nil after 30D
BHARAT Bond,BHARAT Bond FOF - April 2025 -Reg(G),FOF-DOM,Unrated,3974.5,0.06,23-Jul-20,NIFTY BHARAT Bond Index - April 2023,10.78,10.85,10.54,-0.45,0.92,0.45,1.29,3.31,-,-,-,0,-,-,-,-,-,-,2.39,2.08,7.4,-1.29,-0.69,-0.89,0.36,2.12,FoFs : Domestic,-3.72,13.95,0.10% on or before 30D Nil after 30D
BHARAT Bond,BHARAT Bond FOF - April 2030 -Reg(G),FOF-DOM,Unrated,4536.1,0.06,30-Dec-19,NIFTY BHARAT Bond Index - April 2030,12.06,12.22,11.61,-1.13,1.46,1.65,2.3,3.95,-,-,-,0,-,-,-,-,-,-,7.21,5.19,7.61,-0.2,-0.13,-0.16,0.56,3.54,FoFs : Domestic,-3.72,13.95,0.10% on or before 30D Nil after 30D
BHARAT Bond,BHARAT Bond FOF - April 2031 -Reg(G),FOF-DOM,Unrated,3207.8,0.06,23-Jul-20,NIFTY BHARAT Bond Index - April 2031,10.76,10.91,10.36,-1.48,1.66,0.91,1.59,3.57,-,-,-,0,-,-,-,-,-,-,8.24,5.92,7.65,-0.96,-0.34,-0.42,0.61,3.7,FoFs : Domestic,-3.72,13.95,0.10% on or before 30D Nil after 30D
Canara Robeco,Canara Rob Banking and PSU Debt Fund-Reg(G),DT-B&PSU,Unrated,440.9,0.71,22-Aug-22,CRISIL Banking and PSU Debt Index,10,10.05,9.97,-0.23,-,-,-,-,-,-,-,0,-,-,-,-,-,-,3.36,2.63,7.34,-,-,-,-,-,Debt : Banking & PSU,2.42,5.6,Nil
Canara Robeco,Canara Rob Bluechip Equity Fund-Reg(G),EQ-LC,5,7988,1.86,20-Aug-10,S&P BSE 100 - TRI,41.2,43.6,35.83,-0.27,7.19,2.69,-6.01,20.34,16.46,13.25,13.52,45,46,304355,88.12,7.8,-,Financials,2.75,2.05,4.4,-1.92,-0.41,-0.65,0.93,17.19,Equity : Large Cap,-3.51,14.3,1% on or before 1Y Nil after 1Y
Canara Robeco,Canara Rob Conservative Hybrid Fund-Reg(G),HY-DT(CO),4,1138.5,1.8,31-Mar-96,CRISIL Hybrid 85+15 - Conservative Index,76.27,77.13,72.87,-0.34,2.52,1.58,0.7,8.06,8.87,7.64,8.6,244,38,166891,16.32,2.96,3.14,Financials,3,2.42,7.16,-1.76,-0.45,-0.69,0.47,4.44,Hybrid : Debt Oriented (Conservative),0.59,9.76,Nil upto 10% of units on or before 1Y 1% for more than 10% of units on or before 1Y Nil after 1Y
Canara Robeco,Canara Rob Consumer Trends Fund-Reg(G),EQ-CONS,4,937.5,2.38,14-Sep-09,S&P BSE 100 - TRI,71.6,73.31,58.07,-0.21,10.17,9.51,2.24,28.49,19.41,15.32,16.85,55,36,125286,67.52,20.71,7.19,Financials,0.01,-,-,6.17,0.07,0.1,0.9,18.15,Equity : Thematic - Consumption,7.84,17.57,1% on or before 1Y Nil after 1Y
Canara Robeco,Canara Rob Corp Bond Fund-Reg(G),DT-CORP,2,203.1,1.03,7-Feb-14,CRISIL Corporate Bond Index,18.11,18.13,17.75,0.04,0.76,1.02,2.03,2.79,5.03,5.65,-,0,-,-,-,-,-,-,2.06,1.72,7.13,-0.6,-0.74,-1,0.21,0.95,Debt : Corporate Bond,2.2,5.79,0.50% on or before 90D Nil after 90D
Canara Robeco,Canara Rob Dynamic Bond Fund-Reg(G),DT-DYN,2,120.8,1.75,29-May-09,CRISIL Dynamic Debt Index,24.54,24.62,24.02,0.14,1.01,1.17,1.42,1.57,4.08,4.63,7.14,0,-,-,-,-,-,-,4.09,3.08,6.96,-1.16,-0.78,-1.25,0.44,1.76,Debt : Dynamic Bond,2.02,5.08,0.50% on or before 6M Nil after 6M
Canara Robeco,Canara Rob Emerg Equities Fund-Reg(G),EQ-L&M,4,14868.7,1.82,11-Mar-05,NIFTY LargeMidcap 250 - TRI,162.84,172.08,139.48,-1.09,7.62,2.96,-5.71,26.54,20.79,12.48,20.22,25,54,130991,55.91,35.98,3.22,Financials,0.01,-,-,-1.71,-0.38,-0.58,0.9,17.67,Equity : Large & Mid Cap,-1.58,18.24,1% on or before 1Y Nil after 1Y
Canara Robeco,Canara Rob Equity Hybrid Fund-Reg(G),HY-EQ,4,8178.6,1.84,1-Feb-93,CRISIL Hybrid 35+65 - Aggressive Index,246.15,256.28,218.87,-0.65,6.13,2.1,-3.31,17.44,14.78,11.39,13.6,93,50,196802,53.65,16.61,0.95,Financials,2.25,1.86,6.89,-4.41,-0.37,-0.58,0.88,13.06,Hybrid : Equity Oriented,1.35,8.53,Nil upto 10% of units on or before 1Y 1% for more than 10% of units on or before 1Y Nil after 1Y
Canara Robeco,Canara Rob Equity Tax Saver Fund-Reg(G),EQ-ELSS,4,4176.1,1.97,2-Feb-09,S&P BSE 500 - TRI,116.49,122.66,99.21,-1.03,7.99,4.12,-4.35,24.79,20.54,15.42,15.14,37,55,179682,71.42,23.84,1.86,Financials,0.01,-,-,-,-0.29,-0.45,0.93,17.59,Equity : Tax Saving (ELSS),-1.86,16.69,Nil
Canara Robeco,Canara Rob Flexi Cap Fund-Reg(G),EQ-FLEX,4,8243,1.85,16-Sep-03,S&P BSE 500 - TRI,221.87,239.72,193.2,-1.2,7.06,1.45,-7.15,21.79,17.44,13.2,13.76,36,55,199474,70.97,22.86,1.88,Financials,0.01,-,-,-3.15,-0.47,-0.73,0.93,17.49,Equity : Flexi Cap,-2.7,16.46,1% on or before 1Y Nil after 1Y
Canara Robeco,Canara Rob Focused Equity Fund-Reg(G),EQ-MLC,Unrated,1665.3,2.14,17-May-21,S&P BSE 500 - TRI,12.42,12.91,10.49,-0.4,9.32,5.52,-0.88,-,-,-,-,58,29,219742,69.01,24.37,2.32,Financials,-,-,-,2.95,-0.12,-0.18,0.89,16.92,Equity : Multi Cap,0.07,20.3,1% on or before 365D Nil after 365D
Canara Robeco,Canara Rob Gilt Fund-Reg(G),DT-GILT,Unrated,86.2,1.25,29-Dec-99,CRISIL Dynamic Gilt Index,61.88,62.16,60.54,0.08,0.98,0.99,1.32,1.85,4.41,5.11,7.57,0,-,-,-,-,-,-,4.46,3.37,7.07,-1.26,-0.77,-1.2,0.48,1.92,Debt : Gilt,1.22,5.04,Nil
Canara Robeco,Canara Rob Income Fund-Reg(G),DT-M&LD,3,126.5,1.88,19-Sep-02,CRISIL Medium to Long Term Debt Index,46.34,46.81,45.46,-0.26,0.92,0.89,0.67,1.51,4.28,5.21,6.92,0,-,-,-,-,-,-,5.35,4.01,7.27,-1.94,-0.97,-1.54,0.58,2.27,Debt : Medium to Long Duration,1.11,4.88,1% on or before 12M Nil after 12M
Canara Robeco,Canara Rob Infrastructure Fund-Reg(G),EQ-INFRA,3,242.1,2.54,2-Dec-05,S&P BSE India Infrastructure Index - TRI,81.99,88.11,67.29,-4.8,9.96,7.7,8.72,42.92,22.99,10.61,13.6,25,31,64424,56.13,22.26,17.56,Capital Goods,0.01,-,-,12.55,0.46,0.72,0.79,17.79,Equity : Sectoral - Infrastructure,5.4,20.87,1% on or before 1Y Nil after 1Y
Canara Robeco,Canara Rob Liquid Fund-Reg(G),DT-LIQ,1,2053.8,0.15,15-Jul-08,Crisil Liquid Fund Index,2607.76,2607.76,2502.91,0.47,1.35,2.43,4.19,3.67,3.81,5.07,6.62,0,-,-,-,-,-,-,0.11,0.1,6.22,0.08,1.14,0.93,-,0.06,Debt : Liquid,4.1,3.86,0.007% for Day 1 0.0065% on Day 2 0.0060% on Day 3 0.0055% on Day 4 0.0050% on Day 5 0.0045% on Day 6 NIL on or after 7D
Canara Robeco,Canara Rob Overnight Fund-Reg(G),DT-ON,3,282.1,0.11,24-Jul-19,CRISIL Overnight Index,1128.28,1128.28,1083.64,0.47,1.33,2.4,4.12,3.6,3.67,-,-,0,-,-,-,-,-,-,0.01,0.01,6.01,0.03,0.65,0.33,-,0.04,Debt : Overnight,4.1,3.6,Nil
Canara Robeco,Canara Rob Savings Fund-Reg(G),DT-LOWD,2,1006.6,0.58,4-Mar-05,CRISIL Low Duration Debt Index,34.82,34.82,33.71,0.24,0.98,1.69,3.3,3.32,4.45,5.62,7.04,0,-,-,-,-,-,-,1,0.88,6.96,0.66,1.39,2.04,0.07,0.44,Debt : Low Duration,3.28,4.97,Nil
Canara Robeco,Canara Rob Short Duration Fund-Reg(G),DT-SD,2,556.5,1.02,25-Apr-11,Crisil Short Term Bond Fund Index,21.12,21.15,20.7,0.05,0.72,1.06,1.97,2.72,4.81,5.49,6.46,0,-,-,-,-,-,-,1.79,1.57,7.18,-0.66,-0.78,-1.06,0.21,0.95,Debt : Short Duration,2.89,5.39,Nil
Canara Robeco,Canara Rob Small Cap Fund-Reg(G),EQ-SML,4,3767.5,2.08,15-Feb-19,Nifty Smallcap 250 - TRI,24.6,25.89,20.77,-2.69,7.38,0.16,3.71,46.58,38.46,-,-,8,73,13032,6.86,25.39,62.19,Financials,-,-,-,8.32,0.2,0.3,0.8,19.2,Equity : Small Cap,2.94,30.51,1% on or before 1Y Nil after 1Y
Canara Robeco,Canara Rob Ultra Short Term Fund-Reg(G),DT-USD,2,566.1,0.95,11-Jul-08,CRISIL Ultra Short Term Debt Index,3190.92,3190.92,3091.24,0.33,1.03,1.79,3.22,2.94,3.63,4.71,6.39,0,-,-,-,-,-,-,0.35,0.33,6.54,0.55,1.88,3.05,0.04,0.28,Debt : Ultra Short Duration,3.68,4.48,Nil
Nippon India Mutual Fund,CPSE ETF,EQ-ETF,Unrated,17917.1,0.05,28-Mar-14,Nifty CPSE - TRI,36.45,38.03,28.59,-2.56,12.28,-1.08,12.74,50.18,13.74,4.52,-,24,11,112062,91.06,6.21,2.64,Energy,-,-,-,12.8,0.59,0.94,-1.03,22.65,Equity : ETFs,-3.32,12.35,Nil
DSP Mutual Fund,DSP 10Y G-Sec Fund-Reg(G),DT-GL10Y,Unrated,54.1,0.52,26-Sep-14,Crisil 10 Yr Gilt Index,17.35,17.77,16.84,-0.62,1.57,1.52,-1.09,0.01,3.8,4.9,-,0,-,-,-,-,-,-,7.94,5.71,7.24,-3.6,-0.84,-1.3,1.14,4.9,Debt : Gilt (10 Yr Constant Duration),-1.27,4.6,NIL
DSP Mutual Fund,DSP Arbitrage Fund-Reg(G),HY-ARB,2,977,0.97,25-Jan-18,Nifty 50 Arbitrage,12.42,12.42,11.99,0.4,1.12,1.91,3.51,3.5,3.73,-,-,1055,122,67755,34.47,23.23,8.33,Financials,0.17,0.22,6.27,0.73,0.77,1.52,-0.03,0.96,Hybrid : Arbitrage,3.56,3.65,Nil upto 10% of units and 0.25% for Excess units on or before 30D Nil after 30D
DSP Mutual Fund,DSP Banking & PSU Debt Fund-Reg(G),DT-B&PSU,4,2515.1,0.57,14-Sep-13,NIFTY Banking and PSU Debt Index,19.65,19.66,19.19,0.16,0.88,1.31,2.36,3.07,5.68,6.33,-,0,-,-,-,-,-,-,2.06,1.45,6.98,-0.25,-0.39,-0.59,0.2,0.89,Debt : Banking & PSU,2.42,5.6,Nil
DSP Mutual Fund,DSP Bond Fund-Reg(G),DT-MD,3,340.5,0.73,29-Apr-97,CRISIL Medium Term Debt Index,66.46,66.85,64.99,-0.13,1.03,1.23,1.88,2.98,5.2,4.2,6.34,0,-,-,-,-,-,-,3.8,2.98,7.21,-0.68,-0.47,-0.63,0.42,1.86,Debt : Medium Duration,1.38,5.02,Nil
DSP Mutual Fund,DSP Corp Bond Fund-Reg(G),DT-CORP,3,2531,0.5,10-Sep-18,CRISIL Corporate Bond Index,13.07,13.2,12.78,-0.36,0.59,0.51,0.72,2.2,4.75,-,-,0,-,-,-,-,-,-,4.2,3.43,7.47,-1.71,-0.83,-1,0.52,2.37,Debt : Corporate Bond,2.2,5.79,NIL
DSP Mutual Fund,DSP Credit Risk Fund-Reg(G),DT-CR,3,243.8,1.51,13-May-03,CRISIL Short Term Credit Risk Fund,33.2,33.27,30.7,0,0.61,0.91,8.06,5.68,5.58,3.43,6.33,0,-,-,-,-,-,-,1.81,1.55,7.49,5.54,0.81,6.79,0.21,6.73,Debt : Credit Risk,3.6,5.53,Nil for 10% of investment and 1% for remaining Investment on or before 12M Nil after 12M
DSP Mutual Fund,DSP Dynamic Asset Allocation Fund-Reg(G),HY-DYN,3,4483.7,1.89,6-Feb-14,CRISIL Hybrid 50+50 - Moderate Index,19.88,20.42,18.46,-1.35,3.22,1.75,-1.33,8.45,7.65,6.83,-,704,108,131322,45.18,17.79,3.02,Financials,1.9,1.63,6.98,-3.5,-0.53,-0.83,0.61,7.27,Hybrid : Dynamic Asset Allocation,1.18,10.47,Nil for 10% of investment and 1% for remaining Investment on or before 12M Nil after 12M
DSP Mutual Fund,DSP Equity & Bond Fund-Reg(G),HY-EQ,4,7509.2,1.85,27-May-99,CRISIL Hybrid 35+65 - Aggressive Index,229.07,244.41,202.66,-1.21,5.77,0.86,-7.14,17.9,12.67,9.81,12.76,105,53,109532,45.98,21.63,7.22,Financials,1.75,1.53,7.09,-8.52,-0.67,-1.01,0.96,13.61,Hybrid : Equity Oriented,1.35,8.53,NIL upto 10% of investment within 12M 1% exceding 10% of investment within 12M NIL after 12M
DSP Mutual Fund,DSP Equity Opportunities Fund-Reg(G),EQ-L&M,3,7011.1,1.88,16-May-00,NIFTY LargeMidcap 250 - TRI,355.88,375.81,303.35,-1.06,7.2,3.09,-5.97,25.86,16.14,10.69,15.5,45,63,84451,52.01,35.43,8.45,Financials,-,-,-,-2.04,-0.4,-0.61,0.86,16.89,Equity : Large & Mid Cap,-1.58,18.24,1% before 12M Nil on or after 12M
DSP Mutual Fund,DSP Equity Savings Fund-Reg(G),HY-EQ,2,519,1.45,28-Mar-16,NIFTY 50 Equity Savings Index - TRI,16.47,16.59,15.59,0.17,2.33,1.88,1.03,11.65,8.44,6.25,-,414,79,104202,45.82,12.91,7.24,Financials,1.64,1.41,6.8,-1.36,-0.3,-0.49,0.26,5.04,Hybrid : Equity Oriented,1.35,8.53,Nil
DSP Mutual Fund,DSP Flexi Cap Fund-Reg(G),EQ-FLEX,4,7822,1.85,7-Jun-07,NIFTY 500 - TRI,63.57,69.88,54.31,-1.78,7.21,1.05,-10.31,23.4,15.03,11.59,14.24,28,54,110842,61.12,29.46,8.85,Financials,-,-,-,-6.65,-0.65,-1,0.91,18,Equity : Flexi Cap,-2.7,16.46,1% on or before 12M Nil after 12M
DSP Mutual Fund,DSP Floater Fund-Reg(G),DT-FL,Unrated,1283.3,0.51,19-Mar-21,CRISIL Short Term Gilt Index,10.6,10.6,10.4,0.43,1.09,1.4,1.92,-,-,-,-,0,-,-,-,-,-,-,2.1,0.87,6.64,-0.71,-0.68,-1.16,0.12,1.1,Debt : Floater,3.09,5.61,Nil
DSP Mutual Fund,DSP Focus Fund-Reg(G),EQ-MLC,2,1920.4,2.13,10-Jun-10,NIFTY 500 - TRI,33.68,35.88,28.33,-0.3,8.4,3.23,-4.54,18.67,11.55,8.33,12.7,36,27,86930,57.1,35.02,4.34,Financials,-,-,-,-0.71,-0.32,-0.5,0.81,16.51,Equity : Multi Cap,0.07,20.3,1% before 12M Nil on or after 12M
DSP Mutual Fund,DSP G-Sec Fund-Reg(G),DT-GILT,4,399,1.06,30-Sep-99,CRISIL Dynamic Gilt Index,77.08,77.53,75.39,0.03,1.33,1.56,1.77,2.94,6,6.89,7.71,0,-,-,-,-,-,-,5.23,2.58,6.92,-0.86,-0.58,-0.97,0.45,1.85,Debt : Gilt,1.22,5.04,Nil
DSP Mutual Fund,DSP Global Allocation Fund-Reg(G),FOF-OVR,Unrated,64.2,2.02,21-Aug-14,S&P 500 Composite,15.54,17.76,15.14,-0.06,-0.92,-5.02,-11.36,1.22,6.57,6.2,-,-,-,-,-,-,-,-,-,-,-,-14.84,-1.1,-1.77,0.02,13.5,FoFs : Overseas,-21.18,4.44,Nil
DSP Mutual Fund,DSP Global Innovation FoF-Reg(G),FOF-OVR,Unrated,268.8,2.19,14-Feb-22,MSCI AC World Index,7.63,10.42,7.5,-6.69,-8.49,-19.01,-,-,-,-,-,-,-,-,-,-,-,-,-,-,-,-,-,-,-,-,FoFs : Overseas,-21.18,4.44,Nil
DSP Mutual Fund,DSP Healthcare Fund-Reg(G),EQ-PHRM,5,1177.3,2.2,30-Nov-18,S&P BSE Health Care - TRI,21.06,23.77,18.77,3.37,4.12,-3.93,-9.47,9.53,27.53,-,-,7,23,37638,41.22,24.56,20.02,Healthcare,-,-,-,-8.59,-0.76,-1.25,0.57,15.44,Equity : Sectoral - Pharma,-7.13,24.5,1% on or before 12M Nil after 12M
DSP Mutual Fund,DSP India T.I.G.E.R Fund-Reg(G),EQ-INFRA,3,1661.7,2.23,11-Jun-04,S&P BSE 100 - TRI,156.64,163.16,129.24,-2.09,10.43,4.78,4.9,43.58,19.7,10.84,13.52,33,59,35761,35.37,26.49,34.06,Capital Goods,-,-,-,8.85,0.26,0.39,0.78,17.49,Equity : Sectoral - Infrastructure,5.4,20.87,1% before 12M Nil on or after 12M
DSP Mutual Fund,DSP Liquidity Fund-Reg(G),DT-LIQ,3,10612,0.25,22-Nov-05,Crisil Liquid Fund Index,3096.23,3096.23,2971.57,0.46,1.32,2.39,4.19,3.68,3.98,5.21,6.71,0,-,-,-,-,-,-,0.09,0.08,6.26,0.08,0.98,0.84,0.01,0.07,Debt : Liquid,4.1,3.86,0.007% for Day 1 0.0065% on Day 2 0.0060% on Day 3 0.0055% on Day 4 0.0050% on Day 5 0.0045% on Day 6 NIL after 7D
DSP Mutual Fund,DSP Low Duration Fund-Reg(G),DT-LOWD,4,3037.1,0.61,10-Mar-15,NIFTY Low Duration Debt Index,16.39,16.39,15.85,0.25,1,1.73,3.42,3.56,4.71,5.95,-,0,-,-,-,-,-,-,0.85,0.65,6.88,0.78,1.63,2.46,0.08,0.46,Debt : Low Duration,3.28,4.97,Nil
DSP Mutual Fund,DSP Midcap Fund-Reg(G),EQ-MID,2,14145.4,1.76,14-Nov-06,Nifty Midcap 150 - TRI,87.64,96.36,75.19,-1.43,6.38,-0.02,-10.1,19.49,16.97,9.8,16.7,28,53,28390,11.96,68.07,16.1,Financials,-,-,-,-7.08,-0.66,-0.99,0.8,17.42,Equity : Mid Cap,0.53,23.53,1% before 12M Nil on or after 12M
DSP Mutual Fund,DSP Natural Res & New Energy Fund-Reg(G),EQ-POWER,Unrated,638.8,2.36,25-Apr-08,S&P BSE OIL & GAS Index,50.58,60.09,45.37,-2.67,5.77,-14.4,-12.8,33.59,16.77,6.63,14.23,39,19,77302,46.19,26.61,5.37,Energy,-,-,-,-7.18,-0.56,-0.84,0.86,22.89,Equity : Sectoral - Energy / Power,-8.12,20.34,Nil
DSP Mutual Fund,DSP NIFTY 1D Rate Liquid ETF,DT-ETF,Unrated,130.7,0.64,14-Mar-18,Nifty 1D Rate Index,1000,1000,1000,0.43,1.2,2.18,3.65,3.12,3.05,-,-,-,-,-,-,-,-,-,-,-,-,0.2,2.17,3.17,-,0.1,Debt : ETFs,-3.32,12.35,null
DSP Mutual Fund,DSP Nifty 50 Equal Weight ETF,EQ-ETF,Unrated,49,0.29,8-Nov-21,NIFTY50 Equal Weight,202.07,210.5,172.97,-1.09,7.97,2.06,-,-,-,-,-,36,50,192734,99.96,-,-,Financials,-,-,-,-,-,-,-,-,Equity : ETFs,-3.32,12.35,null
DSP Mutual Fund,DSP Nifty 50 Equal Weight Index Fund-Reg(G),EQ-INDX,5,416,0.91,23-Oct-17,NIFTY50 Equal Weight - TRI,15.93,16.61,13.67,-1.16,7.81,1.77,-3.15,30.23,18.1,-,-,34,51,192734,100.06,-,-,Financials,-,-,-,1.26,-0.22,-0.34,0.92,17.81,Equity : Index Funds,-2.76,15.7,Nil
DSP Mutual Fund,DSP Nifty 50 ETF,EQ-ETF,Unrated,37.9,0.07,23-Dec-21,NIFTY 50 - TRI,176.94,182.88,154.02,-0.26,7.69,2.72,-,-,-,-,-,126,50,397417,99.89,-,-,Financials,-,-,-,-,-,-,-,-,Equity : ETFs,-3.32,12.35,null
DSP Mutual Fund,DSP NIFTY 50 Index Fund-Reg(G),EQ-INDX,3,218.9,0.4,21-Feb-19,NIFTY 50 - TRI,16.56,17.17,14.43,-0.28,7.61,2.56,-4.51,22.36,15.06,-,-,16,51,397414,100.06,-,-,Financials,-,-,-,0.45,-0.28,-0.45,0.99,18.15,Equity : Index Funds,-2.76,15.7,Nil
DSP Mutual Fund,DSP Nifty Midcap 150 Quality 50 ETF,EQ-ETF,Unrated,69.9,0.3,23-Dec-21,NIFTY Midcap150 Quality 50 - TRI,166.14,183.33,145.76,-2.14,5.55,-1.24,-,-,-,-,-,29,50,28624,16.43,68.18,15.33,Chemicals,-,-,-,-,-,-,-,-,Equity : ETFs,-3.32,12.35,null
DSP Mutual Fund,DSP Nifty Midcap 150 Quality 50 Index Fund-Reg(G),EQ-INDX,Unrated,128,0.94,4-Aug-22,NIFTY Midcap150 Quality 50 - TRI,9.86,10.43,9.81,-2.17,-,-,-,-,-,-,-,1,50,28624,16.49,68.44,15.39,Chemicals,-,-,-,-,-,-,-,-,Equity : Index Funds,-2.76,15.7,Nil
DSP Mutual Fund,DSP NIFTY Next 50 Index Fund-Reg(G),EQ-INDX,3,228.4,0.6,21-Feb-19,NIFTY NEXT 50 - TRI,16.17,17.52,13.64,-4.86,6.37,-2.84,-5.42,24.05,14.35,-,-,52,50,83358,88.16,11.92,-,Financials,-,-,-,-0.78,-0.29,-0.44,0.95,20.61,Equity : Index Funds,-2.76,15.7,Nil
DSP Mutual Fund,DSP Nifty SDL Plus G-Sec Jun 2028 30:70 Index Fund-Reg(G),DT-M&LD,Unrated,725.7,0.27,21-Mar-22,Nifty SDL Plus G-Sec Jun 2028 30:70 Index,10.03,10.1,9.75,-0.14,1.16,1.35,-,-,-,-,-,0,-,-,-,-,-,-,5.23,4.15,7.38,-,-,-,-,-,Debt : Medium to Long Duration,1.11,4.88,Nil
DSP Mutual Fund,DSP Overnight Fund-Reg(G),DT-ON,5,6008.2,0.15,9-Jan-19,CRISIL Overnight Index,1164.46,1164.46,1118.86,0.47,1.33,2.38,4.08,3.56,3.66,-,-,0,-,-,-,-,-,-,0.01,-,6.12,0.55,5.61,7.21,-,0.1,Debt : Overnight,4.1,3.6,Nil
DSP Mutual Fund,DSP Quant Fund-Reg(G),EQ-THEM,Unrated,1352.6,1.29,10-Jun-19,S&P BSE 200 - TRI,15.88,17.74,13.75,-0.51,6.54,-0.15,-10.35,17.64,15.05,-,-,61,45,148307,83.46,16.03,-,Financials,-,-,-,-6.9,-0.68,-1.05,0.9,17.57,Equity : Thematic,7.27,15.07,Nil
DSP Mutual Fund,DSP Regular Savings Fund-Reg(G),HY-DT(CO),2,202.4,1.21,11-Jun-04,CRISIL Hybrid 85+15 - Conservative Index,44.26,44.71,42.43,-0.12,1.41,0.42,0.58,6.97,6.59,4.2,7.11,0,21,110329,17,3.01,3.69,Financials,2.18,1.87,7.29,-1.97,-0.52,-0.84,0.44,4.18,Hybrid : Debt Oriented (Conservative),0.59,9.76,Nil
DSP Mutual Fund,DSP Savings Fund-Reg(G),DT-MM,3,3189.2,0.51,30-Sep-99,CRISIL Money Market Index,43.5,43.5,42.12,0.35,1.12,1.62,3.25,3.44,4.34,5.61,6.64,0,-,-,-,-,-,-,0.4,0.37,6.88,0.6,1.04,1.27,0.08,0.54,Debt : Money Market,3.75,4.5,Nil
DSP Mutual Fund,DSP Short Term Fund-Reg(G),DT-SD,3,2776.8,0.91,9-Sep-02,Crisil Short Term Bond Fund Index,38.34,38.41,37.57,0.03,0.73,1.05,2,2.81,5.01,5.69,7.11,0,-,-,-,-,-,-,2.24,1.65,7.16,-0.6,-0.74,-1.01,0.21,0.95,Debt : Short Duration,2.89,5.39,Nil
DSP Mutual Fund,DSP Silver ETF,GOLD-ETF,Unrated,19.5,0.55,19-Aug-22,Silver,55.29,60.95,52.06,0.57,-,-,-,-,-,-,-,-,-,-,-,-,-,-,-,-,-,-,-,-,-,-,Gold : ETFs,-3.32,12.35,null
DSP Mutual Fund,DSP Small Cap Fund-Reg(G),EQ-SML,3,9065.9,1.84,14-Jun-07,S&P BSE 250 Small Cap - TRI,113.68,119.23,95.02,-1.21,7.54,-1.79,1.1,38.04,30.9,12.75,20.89,20,71,6568,-,15.3,79.96,Chemicals,-,-,-,5.37,0.06,0.09,0.76,18.62,Equity : Small Cap,2.94,30.51,1% before 12M Nil on or after 12M
DSP Mutual Fund,DSP Strategic Bond Fund-Reg(G),DT-DYN,5,507.4,1.14,9-May-07,CRISIL Dynamic Debt Index,2708.97,2723.62,2678.55,-0.13,0.54,0.7,1.04,2.18,5.39,6,7.52,0,-,-,-,-,-,-,1.96,1.13,6.88,-1.69,-1.35,-2,0.29,1.34,Debt : Dynamic Bond,2.02,5.08,Nil
DSP Mutual Fund,DSP Tax Saver Fund-Reg(G),EQ-ELSS,4,10002.3,1.74,18-Jan-07,NIFTY 500 - TRI,81.08,84.75,70.15,-1.18,6.16,0.35,-4.66,27.69,17.32,11.98,16.45,44,56,114926,66.59,19.3,11.34,Financials,-,-,-,-0.28,-0.3,-0.46,0.89,17.24,Equity : Tax Saving (ELSS),-1.86,16.69,Nil
DSP Mutual Fund,DSP Top 100 Equity Fund-Reg(G),EQ-LC,1,2654.8,2.08,10-Mar-03,S&P BSE 100 - TRI,289.35,305.33,247.19,-0.64,7.12,4.08,-5.7,18.18,10.3,7.73,10.61,49,33,168620,84.26,13.5,0.91,Financials,-,-,-,-1.97,-0.4,-0.63,0.88,17.04,Equity : Large Cap,-3.51,14.3,1% before 12M Nil on or after 12M
DSP Mutual Fund,DSP Ultra Short Fund-Reg(G),DT-USD,2,2259.7,1.02,31-Jul-06,CRISIL Ultra Short Term Debt Index,2842.41,2842.41,2749.94,0.29,1,1.79,3.36,3.15,3.83,4.74,6.35,0,-,-,-,-,-,-,0.43,0.4,6.86,0.68,2.08,3.26,0.04,0.32,Debt : Ultra Short Duration,3.68,4.48,Nil
DSP Mutual Fund,DSP US Flexible Equity Fund-Reg(G),FOF-OVR,Unrated,642,2.39,3-Aug-12,Russell 1000 Index,38.71,43.06,36.6,0.65,-1.23,-6.25,-6.5,10.45,14.12,12.64,13.95,-,-,-,-,-,-,-,-,-,-,-8.04,-0.35,-0.59,-0.05,22.72,FoFs : Overseas,-21.18,4.44,Nil
DSP Mutual Fund,DSP Value Fund-Reg(G),EQ-VAL,Unrated,573.7,1.71,10-Dec-20,NIFTY500 Value 50 - TRI,12.84,13.67,11.38,-1.06,4.87,-1.57,-6.19,-,-,-,-,113,54,56003,40.06,12.72,15.43,Technology,-,-,-,-4.21,-0.56,-0.89,0.58,13.15,Equity : Value / Contra,3.04,21.88,1% on or before 12M Nil after 12M
DSP Mutual Fund,DSP World Agriculture Fund-Reg(G),FOF-OVR,Unrated,53.2,2.36,19-Oct-11,MSCI AC World Index,18.74,23.41,17.68,0,-3.54,-14.66,-17.58,-1.76,4.29,3.25,4.63,33,-,-,-,-,-,-,-,-,-,-22.5,-1.19,-1.91,-,18.91,FoFs : Overseas,-21.18,4.44,Nil
DSP Mutual Fund,DSP World Energy Fund-Reg(G),FOF-OVR,Unrated,132,2.17,14-Aug-09,MSCI World,14.42,18.48,13.52,-2.9,2.28,-6.81,-20.62,11.77,4.24,2.58,2.04,49,-,-,-,-,-,-,-,-,-,-24.8,-0.97,-1.6,0.18,25.67,FoFs : Overseas,-21.18,4.44,Nil
DSP Mutual Fund,DSP World Gold Fund-Reg(G),FOF-OVR,Unrated,667.1,2.37,14-Sep-07,FTSE Gold Mines,13.05,19.89,12.25,2.53,-4.12,-34.06,-26.63,-21.17,-1.28,0.95,-3.86,22,-,-,-,-,-,-,-,-,-,-31.98,-0.95,-1.55,-0.98,33.43,FoFs : Overseas,-21.18,4.44,Nil
DSP Mutual Fund,DSP World Mining Fund-Reg(G),FOF-OVR,Unrated,143.2,2.26,29-Dec-09,MSCI ACWI Metals & Mining 30% Buffer 10/40 (1994) Net TRI,13.6,18.54,12.18,2.59,6.6,-25.62,-5.87,14.01,18.84,11.38,2.72,51,-,-,-,-,-,-,-,-,-,-3.55,-0.1,-0.16,-1.18,34.02,FoFs : Overseas,-21.18,4.44,Nil
Edelweiss Mutual Fund,Edelweiss Aggressive Hybrid Fund-Reg(G),HY-MULTI,Unrated,339,2.48,11-Aug-09,CRISIL Hybrid 35+65 - Aggressive Index,39.79,40.38,35.03,0.4,7.83,3.14,1.82,23.14,15.19,10.76,11.99,178,66,166111,53.22,10.56,2.93,Financials,2.26,1.86,6.63,0.86,0.04,0.06,0.66,13.45,Hybrid : Multi Asset Allocation,1.62,13.98,Nil upto 10% of units and 1% for remaining units on or before 365D Nil after 365D
Edelweiss Mutual Fund,Edelweiss Arbitrage Fund-Reg(G),HY-ARB,4,5586.3,1.07,27-Jun-14,Nifty 50 Arbitrage,16.06,16.06,15.43,0.43,1.15,2.01,3.98,3.88,4.12,4.99,-,1496,156,83054,40.75,19.98,6.73,Financials,0.35,0.34,6.37,1.18,1.34,2.7,-0.02,0.9,Hybrid : Arbitrage,3.56,3.65,0.10% on or before 30D Nil after 30D
Edelweiss Mutual Fund,Edelweiss ASEAN Equity Off-Shore Fund-Reg(G),FOF-OVR,Unrated,63.4,2.37,1-Jul-11,MSCI AC ASEAN 10/40 Index,22,24.83,21.37,-3.74,1.81,-8.83,-11.72,8.29,1.57,3.1,5.36,-,-,-,-,-,-,-,-,-,-,-15.2,-1.22,-2.01,0.39,12.42,FoFs : Overseas,-21.18,4.44,1% on or before 12M Nil after 12M
Edelweiss Mutual Fund,Edelweiss Balanced Advantage Fund-Reg(G),HY-DYN,5,8682.9,1.77,20-Aug-09,NIFTY 50 Hybrid Composite Debt 50:50 Index,36.18,36.87,32.99,-0.25,5.27,1.66,-1.95,15.72,14.41,10.43,11.18,347,84,188140,58.93,10.42,2.94,Financials,1.5,1.28,6.65,-3.63,-0.42,-0.67,0.56,9.47,Hybrid : Dynamic Asset Allocation,1.18,10.47,Nil for 10% of Units on or before 365D For remaining units 1% on or before 365D and Nil after 365D
Edelweiss Mutual Fund,Edelweiss Banking and PSU Debt Fund-Reg(G),DT-B&PSU,5,360.8,0.63,13-Sep-13,NIFTY Banking and PSU Debt Index,20.07,20.28,19.46,-0.53,1.24,1.49,1.69,3.38,6.74,7.33,-,0,-,-,-,-,-,-,6.6,4.85,7.54,-0.81,-0.36,-0.46,0.57,3,Debt : Banking & PSU,2.42,5.6,NIL
Edelweiss Mutual Fund,Edelweiss CRISIL IBX 50:50 Gilt Plus SDL April 2037 Index Fund-Reg(G),DT-LD,Unrated,-,-,11-Oct-22,CRISIL IBX 50:50 Gilt Plus SDL Index - April 2037,10.04,10.05,10,-,-,-,-,-,-,-,-,-,-,-,-,-,-,-,-,-,-,-,-,-,-,-,Debt : Long Duration,-0.06,4.44,0.10% on or before 30D Nil after 30D
Edelweiss Mutual Fund,Edelweiss CRISIL IBX 50:50 Gilt Plus SDL June 2027 Index Fund-Reg(G),DT-M&LD,Unrated,-,-,-,CRISIL IBX 50:50 Gilt Plus SDL Index - June 2027,-,-,-,-,-,-,-,-,-,-,-,-,-,-,-,-,-,-,-,-,-,-,-,-,-,-,Debt : Medium to Long Duration,1.11,4.88,0.10% on or before 30D Nil after 30D
Edelweiss Mutual Fund,Edelweiss CRISIL PSU Plus SDL 50:50 Oct 2025 Index Fund-Reg(G),DT-MD,Unrated,805.3,0.36,10-Mar-22,CRISIL IBX 50:50 PSU + SDL Index - October 2025,10,10.05,9.77,-0.01,0.9,0.61,-,-,-,-,-,0,-,-,-,-,-,-,2.7,2.31,7.36,-,-,-,-,-,Debt : Medium Duration,1.38,5.02,0.10% upto 30D Nil after 30D
Edelweiss Mutual Fund,Edelweiss Emerging Markets Opp Eq. Offshore Fund-Reg(G),FOF-OVR,Unrated,109,2.33,7-Jul-14,MSCI Emerging Market Index,12.21,17.58,11.87,-3.52,-6.89,-14.25,-29.19,-9.51,-1.76,0.48,-,-,-,-,-,-,-,-,-,-,-,-37.42,-1.83,-2.99,0.42,20.52,FoFs : Overseas,-21.18,4.44,1% on or before 12M Nil after 12M
Edelweiss Mutual Fund,Edelweiss Equity Savings Fund-Reg(G),HY-EQ,2,294.5,2.07,13-Oct-14,NIFTY 50 Equity Savings Index,18.65,18.8,17.58,0.24,3.73,1.9,0.31,10.09,9.25,7.93,-,538,72,186812,56.31,6.15,3.01,Financials,1.85,1.6,6.71,-2.02,-0.37,-0.61,0.29,5.81,Hybrid : Equity Oriented,1.35,8.53,Nil
Edelweiss Mutual Fund,Edelweiss ETF - Nifty Bank,EQ-ETF,Unrated,1.5,0.05,15-Dec-15,NIFTY BANK - TRI,4118.25,4229.99,3322,-1.13,14.18,10.58,2.32,29.64,11.52,10.88,-,13,13,363584,93.19,6.33,-,Financials,-,-,-,9,0.13,0.21,1.09,22.33,Equity : ETFs,-3.32,12.35,null
Edelweiss Mutual Fund,Edelweiss Eur Dynamic Equity Off-shr Fund-Reg(G),FOF-OVR,Unrated,72,2.36,7-Feb-14,MSCI Europe Index (Total Return Net),13.11,16.05,12.17,0.4,0.58,-8.65,-15.95,6.26,5.77,2.95,-,-,-,-,-,-,-,-,-,-,-,-19.4,-0.9,-1.4,0.06,21.65,FoFs : Overseas,-21.18,4.44,1% on or before 12M Nil after 12M
Edelweiss Mutual Fund,Edelweiss Flexi Cap Fund-Reg(G),EQ-FLEX,3,1018.8,2.23,3-Feb-15,NIFTY 500 - TRI,23.1,24.13,19.68,-0.89,8.18,2.85,-3.56,25.36,16.29,11.59,-,38,54,176758,74.35,15.35,7.14,Financials,-,-,-,0.91,-0.24,-0.37,0.93,17.76,Equity : Flexi Cap,-2.7,16.46,1% on or before 12M Nil after 12M
Edelweiss Mutual Fund,Edelweiss Focused Equity Fund-Reg(G),EQ-FLEX,Unrated,419.9,2.45,-,NIFTY 500 - TRI,10.25,10.59,9.87,-0.75,-,-,-,-,-,-,-,-,30,203239,76.37,15.72,3.23,Financials,-,-,-,1.59,0.7,1.14,0.9,14.96,Equity : Flexi Cap,-2.7,16.46,1% on or before 365D Nil after 365D
Edelweiss Mutual Fund,Edelweiss Gold and Silver ETF FoF-Reg(G),FOF-DOM,Unrated,23,-,14-Sep-22,Gold-London AM,9.92,10.49,9.69,1.54,-,-,-,-,-,-,-,-,-,-,-,-,-,-,-,-,-,-,-,-,-,-,FoFs : Domestic,-3.72,13.95,0.10% on or before 30D Nil after 30D
Edelweiss Mutual Fund,Edelweiss Government Securities Fund-Reg(G),DT-GILT,5,114.9,1.34,13-Feb-14,Nifty All Duration G-Sec Index,19.99,20.18,19.53,-0.15,1.58,1.4,1.39,3.74,6.28,7.23,-,0,-,-,-,-,-,-,6.4,4.14,6.92,-1.16,-0.58,-0.97,0.56,2.45,Debt : Gilt,1.22,5.04,NIL
Edelweiss Mutual Fund,Edelweiss Gr China Equity Off-Shore Fund-Reg(G),FOF-OVR,Unrated,1440.8,2.38,26-Aug-09,MSCI Golden Dragon Index (Total Return Net),31.43,51.49,30.61,-8.98,-18.13,-18.77,-37.04,-16.7,2.09,3.65,9.32,-,-,-,-,-,-,-,-,-,-,-48.46,-1.87,-3.27,0.3,26.05,FoFs : Overseas,-21.18,4.44,1% on or before 12M Nil after 12M
Edelweiss Mutual Fund,Edelweiss Large & Mid Cap Fund-Reg(G),EQ-L&M,4,1542.9,2.21,14-Jun-07,NIFTY LargeMidcap 250 - TRI,53.7,55.61,45.05,-0.91,8.67,3.81,-2.56,27.48,18.92,13.08,14.6,23,67,100461,56.46,31.56,7.55,Financials,-,-,-,2.02,-0.17,-0.26,0.91,17.9,Equity : Large & Mid Cap,-1.58,18.24,1% on or before 12M Nil after 12M
Edelweiss Mutual Fund,Edelweiss Large Cap Fund-Reg(G),EQ-LC,3,354.4,2.56,20-May-09,NIFTY 100 - TRI,54.85,56.92,47.16,0.13,8.43,2.72,-4.86,20.83,14.51,11.32,13.52,207,66,207980,79.66,11.07,-,Financials,-,-,-,-0.66,-0.33,-0.53,0.94,17.55,Equity : Large Cap,-3.51,14.3,1% on or before 365D Nil after 365D
Edelweiss Mutual Fund,Edelweiss Liquid Fund-Reg(G),DT-LIQ,3,1057.5,0.39,16-Sep-08,Nifty Liquid Fund Index,2777.13,2777.13,2670.01,0.45,1.3,2.3,4.01,3.59,3.91,5.19,6.61,0,-,-,-,-,-,-,0.14,0.14,6.38,-0.03,-0.61,-0.62,0.01,0.09,Debt : Liquid,4.1,3.86,0.007% for Day 1 0.0065% on Day 2 0.0060% on Day 3 0.0055% on Day 4 0.0050% on Day 5 0.0045% on Day 6 NIL on or after 7D
Edelweiss Mutual Fund,Edelweiss Long Term Equity Fund (Tax Savings)-Reg(G),EQ-ELSS,3,200.3,2.42,30-Dec-08,NIFTY 500 - TRI,70.91,74.87,60.81,-0.95,7.7,1.79,-3.86,22.9,14.62,9.37,13.26,42,53,178902,73.89,15.37,6.95,Financials,-,-,-,0.71,-0.25,-0.39,0.95,18.06,Equity : Tax Saving (ELSS),-1.86,16.69,Nil
Edelweiss Mutual Fund,Edelweiss Mid Cap Fund-Reg(G),EQ-MID,4,2290.5,2.08,26-Dec-07,Nifty Midcap 150 - TRI,52.91,55.1,42.95,-1.86,9.72,4.92,-1.49,36.63,26.38,14.45,20.09,37,61,26051,12.36,62.53,20.41,Financials,-,-,-,3.65,-0.07,-0.1,0.9,19.83,Equity : Mid Cap,0.53,23.53,1% on or before 12M Nil after 12M
Edelweiss Mutual Fund,Edelweiss Money Market Fund-Reg(G),DT-DYN,2,362.4,0.98,27-Jun-08,Nifty Money Market Index,23.78,23.79,23.15,0.13,0.75,1.31,2.76,2.82,4.22,5.77,6.65,0,-,-,-,-,-,-,0.75,0.75,6.92,0.1,0.16,0.23,0.06,0.4,Debt : Dynamic Bond,2.02,5.08,Nil
Edelweiss Mutual Fund,Edelweiss MSCI India Domestic & World Healthcare 45 Index Fund-Reg(G),EQ-INDX,Unrated,145.3,1.05,26-Oct-20,MSCI India Domestic & World Healthcare 45 Index,12.08,13.06,10.93,3.52,2.66,-3.79,-4.91,-,-,-,-,-,45,62304,45.08,20.81,4.96,Healthcare,-,-,-,-3.3,-0.58,-1.03,0.45,14.05,Equity : Index Funds,-2.76,15.7,Nil
Edelweiss Mutual Fund,Edelweiss Nifty 100 Quality 30 Index Fund-Reg(G),EQ-INDX,Unrated,11.5,0.93,7-Oct-21,NIFTY100 Quality 30 - TRI,9.66,10.11,8.38,1.07,5.37,2.9,-5.9,-,-,-,-,-,30,193172,94.5,4.75,-,FMCG,-,-,-,-2.72,-0.43,-0.7,0.84,16.93,Equity : Index Funds,-2.76,15.7,Nil
Edelweiss Mutual Fund,Edelweiss Nifty 50 Index Fund-Reg(G),EQ-INDX,Unrated,8.9,0.6,8-Oct-21,NIFTY 50 - TRI,9.84,10.23,8.58,-0.3,7.52,2.49,-4.86,-,-,-,-,-,51,397589,99.46,-,-,Financials,-,-,-,-0.05,-0.3,-0.49,0.98,17.92,Equity : Index Funds,-2.76,15.7,Nil
Edelweiss Mutual Fund,Edelweiss NIFTY Large Mid Cap 250 Index Fund-Reg(G),EQ-INDX,Unrated,47.6,1.03,1-Dec-21,NIFTY LargeMidcap 250 - TRI,10.14,10.56,8.55,-1.43,8.28,2.31,-,-,-,-,-,-,250,99286,52.53,44.48,2.2,Financials,-,-,-,-,-,-,-,-,Equity : Index Funds,-2.76,15.7,Nil
Edelweiss Mutual Fund,Edelweiss Nifty PSU Bond Plus SDL Apr 2026 50:50 Index Fund-Reg(G),DT-B&PSU,Unrated,7249.1,0.33,18-Mar-21,Nifty PSU Bond Plus SDL Apr 2026 50:50 Index,10.67,10.73,10.4,-0.05,0.95,0.71,1.31,-,-,-,-,0,-,-,-,-,-,-,3.37,2.85,7.46,-1.18,-0.61,-0.79,0.47,2.28,Debt : Banking & PSU,2.42,5.6,0.10% on or before 30D Nil after 30D
Edelweiss Mutual Fund,Edelweiss Nifty PSU Bond Plus SDL Apr 2027 50:50 Index Fund-Reg(G),DT-M&LD,Unrated,2593.3,0.34,14-Oct-21,Nifty PSU Bond Plus SDL Apr 2027 50:50 Index,10.12,10.2,9.84,-0.16,0.76,0.74,1.07,-,-,-,-,0,-,-,-,-,-,-,4.29,3.52,7.46,-1.34,-0.59,-0.78,0.59,2.7,Debt : Medium to Long Duration,1.11,4.88,0.15% upto 30D Nil after 30D
Edelweiss Mutual Fund,Edelweiss Overnight Fund-Reg(G),DT-ON,3,542.3,0.16,24-Jul-19,Nifty 1D Rate Index,1128.13,1128.13,1084.58,0.46,1.3,2.35,4.02,3.54,3.67,-,-,0,-,-,-,-,-,-,0.01,0.01,5.92,-0.05,-1.21,-0.62,-,0.04,Debt : Overnight,4.1,3.6,Nil
Edelweiss Mutual Fund,Edelweiss Recently Listed IPO Fund-Reg(G),EQ-THEM,4,1030.1,2.24,22-Feb-18,India Recent 100 IPO Index,17.93,21.69,15.21,-1.81,9.92,-5.27,-17.31,25.4,22.96,-,-,169,45,14388,11.24,26.99,57.75,Financials,-,-,-,-14.26,-0.92,-1.34,0.86,20.71,Equity : Thematic,7.27,15.07,2% upto 180D Nil after 180D
Edelweiss Mutual Fund,Edelweiss Small Cap Fund-Reg(G),EQ-SML,4,1333.6,2.15,7-Feb-19,Nifty Smallcap 250 - TRI,25.42,26.36,20.73,-1.18,10.86,4.2,2.3,42.8,33.06,-,-,17,75,11675,3.17,31.58,62.68,Capital Goods,-,-,-,5.77,0.07,0.11,0.8,18.67,Equity : Small Cap,2.94,30.51,1% on or before 365D NIL after 365D
Edelweiss Mutual Fund,Edelweiss US Technology Equity FOF-Reg(G),FOF-OVR,Unrated,1481.5,2.37,5-Mar-20,Russell 1000 Equal Weighted Technology Index,12.65,21.71,11.77,-4.4,-5.46,-19.28,-36.6,-8.69,-,-,-,-,-,-,-,-,-,-,-,-,-,-45.03,-1.18,-1.94,1.22,38.47,FoFs : Overseas,-21.18,4.44,1% on or before 365D Nil after 365D
Edelweiss Mutual Fund,Edelweiss US Value Equity Offshore Fund-Reg(G),FOF-OVR,Unrated,75.5,2.37,7-Aug-13,Russell 1000 Index,23.58,24.93,21.52,1.86,2.91,-1.5,-0.2,16.76,12.45,10.85,-,-,-,-,-,-,-,-,-,-,-,-0.73,-0.03,-0.05,-0.45,20.53,FoFs : Overseas,-21.18,4.44,1% on or before 12M Nil after 12M
Franklin India Mutual Fund,Franklin Asian Equity Fund(G),EQ-INTL,Unrated,251.3,2.56,16-Jan-08,MSCI Asia (ex-Japan) Standard Index,22.19,31.5,21.84,-5.69,-11.6,-13.46,-27.89,-10.26,-0.59,0.3,6.32,42.31,54,219160,16.93,2.1,0.45,Financials,-,-,-,-29.46,-1.6,-2.74,0.61,20.56,Equity : International,-18.69,6,1% on or before 1Y
Franklin India Mutual Fund,Franklin Build India Fund(G),EQ-INFRA,2,1149.2,2.29,4-Sep-09,S&P BSE India Infrastructure Index - TRI,68.61,71.08,56.59,-1.47,11.16,6.64,1.47,40.84,19.33,11.9,18.42,39.82,36,63831,51.45,17.08,25.99,Energy,-,-,-,6.12,0.07,0.11,0.87,18.12,Equity : Sectoral - Infrastructure,5.4,20.87,1% on or before 1Y
Franklin India Mutual Fund,Franklin India Balanced Advantage Fund-Reg(G),HY-DYN,Unrated,808.5,-,6-Sep-22,NIFTY 50 Hybrid Composite Debt 50:50 Index,9.98,10.11,9.8,0.28,-,-,-,-,-,-,-,-,36,165337,54.56,4.81,5.78,Financials,-,-,-,-,-,-,-,-,Hybrid : Dynamic Asset Allocation,1.18,10.47,Nil upto 10% of units and 1% for remaining units on or before 1Y Nil after 1Y
Franklin India Mutual Fund,Franklin India Banking & PSU Debt Fund(G),DT-B&PSU,3,729.4,0.53,25-Apr-14,NIFTY Banking and PSU Debt Index,18.4,18.47,17.97,-0.03,0.89,1.18,2.4,3.24,5.42,6.58,-,0,-,-,-,-,-,-,2.66,2.17,7.25,-0.2,-0.27,-0.38,0.27,1.18,Debt : Banking & PSU,2.42,5.6,Nil
Franklin India Mutual Fund,Franklin India Bluechip Fund(G),EQ-LC,5,6358.7,1.89,1-Dec-93,NIFTY 100 - TRI,680.66,747.63,607.7,-0.95,4.38,0.41,-8.05,23.82,14.64,8.82,11.73,83.15,37,247911,84.62,9.93,-,Financials,-,-,-,-3.91,-0.51,-0.79,0.93,17.64,Equity : Large Cap,-3.51,14.3,1% on or before 1Y
Franklin India Mutual Fund,Franklin India Corp Debt Fund-A(G),DT-CORP,1,766.7,0.78,23-Jun-97,NIFTY Corporate Bond Index,81.07,81.21,79.22,0.07,0.85,1.12,2.35,3.58,5.47,6.32,7.83,0,-,-,-,-,-,-,1.72,1.47,7.14,-0.28,-0.4,-0.54,0.21,0.95,Debt : Corporate Bond,2.2,5.79,NIL
Franklin India Mutual Fund,Franklin India Credit Risk Fund(G),DT-CR,2,183.4,0.04,7-Dec-11,NIFTY Credit Risk Bond Index,23.71,24.1,22.36,0.15,-0.75,0.33,5.95,11.88,6.23,6.2,7.83,0,-,-,-,-,-,-,3.31,2.72,9.92,3.58,0.53,1.38,0.27,6.46,Debt : Credit Risk,3.6,5.53,Nil
Franklin India Mutual Fund,Franklin India Debt Hybrid Fund(G),HY-DT(CO),2,259.8,1.39,28-Sep-00,CRISIL Hybrid 85+15 - Conservative Index,69.39,70.03,65.82,0.08,3.04,2.16,1.14,7.7,6.37,5.83,8.24,0,41,138678,17.87,2.48,3.21,Financials,2.98,2.38,7.02,-1.13,-0.33,-0.52,0.48,4.33,Hybrid : Debt Oriented (Conservative),0.59,9.76,Nil
Franklin India Mutual Fund,Franklin India Dynamic Accrual Fund(G),DT-DYN,Unrated,0,0.04,5-Mar-97,Crisil Composite Bond Fund Index,94.79,94.79,77.01,1.43,2.4,22.42,31.9,19.99,11.72,9.97,-,0,-,-,-,-,-,-,0.01,0.01,4.96,26.08,1.11,13.36,0.07,23.45,Debt : Dynamic Bond,2.02,5.08,Nil
Franklin India Mutual Fund,Franklin India Dynamic Asset Allocation FOFs(G),FOF-DOM,Unrated,1066.7,1.26,31-Oct-03,CRISIL Hybrid 35+65 - Aggressive Index,113.53,114.92,102.58,0.23,5.65,3.38,3.72,26.01,10.19,8.29,9.93,74.54,-,-,-,-,-,-,-,-,-,1.92,0.19,0.3,0.51,8.9,FoFs : Domestic,-3.72,13.95,Nil for 10% of units on or before 1Y and For remaining investment 1% on or before 1Y and Nil after 1Y
Franklin India Mutual Fund,Franklin India Equity Advantage Fund(G),EQ-L&M,3,2690.3,2.11,2-Mar-05,NIFTY LargeMidcap 250 - TRI,120.4,132.03,106.47,-1.74,3.76,0.25,-9.47,28.15,15.71,9.35,13.59,90.15,50,83705,47.91,44.37,1.52,Financials,-,-,-,-3.91,-0.48,-0.73,0.95,19.05,Equity : Large & Mid Cap,-1.58,18.24,1% on or before 1Y
Franklin India Mutual Fund,Franklin India Equity Hybrid Fund(G),HY-EQ,4,1363,2.22,10-Dec-99,CRISIL Hybrid 35+65 - Aggressive Index,178.99,182.92,157.95,-0.11,6.83,3.09,-2.42,21.19,13.85,9.66,13.08,78.98,44,136841,52.05,7.03,9.64,Financials,2.94,2.41,7.07,-3.33,-0.3,-0.47,0.8,12.47,Hybrid : Equity Oriented,1.35,8.53,Nil upto 10% of units on or before 1Y For excess units 1% on or before 1Y & Nil after 1Y
Franklin India Mutual Fund,Franklin India Equity Savings Fund(G),HY-EQ,2,152.9,2.11,27-Aug-18,NIFTY 50 Equity Savings Index,13.04,13.18,12.21,0.06,3.75,2.11,-0.28,12.39,8.36,-,-,483.67,48,207506,62.13,3.9,5.05,Financials,2.93,2.33,6.2,-1.92,-0.32,-0.5,0.36,6.59,Hybrid : Equity Oriented,1.35,8.53,Nil
Franklin India Mutual Fund,Franklin India Feeder - Franklin U.S. Opportunities Fund(G),FOF-OVR,Unrated,2803.3,1.55,6-Feb-12,Russell 3000 Growth Index,41.52,63.74,39.02,-3.29,-2.56,-15.12,-31.36,-6.61,9.21,11.56,14.09,4.01,-,-,-,-,-,-,-,-,-,-33.11,-1.07,-1.76,1.9,32.02,FoFs : Overseas,-21.18,4.44,1% on or before 1Y
Franklin India Mutual Fund,Franklin India Feeder - Templeton European Opportunities Fund(G),FOF-OVR,Unrated,15.1,1.42,16-May-14,MSCI Europe Index (Total Return Net),7.74,10.03,7.19,-1.02,-7.8,-14.82,-21.94,-0.78,-5.91,-5.15,-,4.98,-,-,-,-,-,-,-,-,-,-25.88,-1.37,-2.19,0.72,19.25,FoFs : Overseas,-21.18,4.44,1% on or before 1Y
Franklin India Mutual Fund,Franklin India Flexi Cap Fund(G),EQ-FLEX,4,10001.9,1.84,29-Sep-94,NIFTY 500 - TRI,983.31,1017.2,834.04,0.07,8.83,2.97,-2.43,32.23,19.63,11.74,15.23,18.06,52,146630,73.64,12.05,7.97,Financials,-,-,-,2.12,-0.17,-0.26,0.93,17.9,Equity : Flexi Cap,-2.7,16.46,1% on or before 1Y
Franklin India Mutual Fund,Franklin India Floating Rate Fund(G),DT-FL,2,303,0.98,23-Apr-01,CRISIL Low Duration Debt Index,33.12,33.12,32.14,0.48,1.53,1.84,2.98,3.6,4.5,5.47,5.97,0,-,-,-,-,-,-,3.3,0.59,6.06,0.33,0.44,0.81,0.1,0.67,Debt : Floater,3.09,5.61,Nil
Franklin India Mutual Fund,Franklin India Focused Equity Fund(G),EQ-MLC,3,8072,1.86,26-Jul-07,NIFTY 500 - TRI,69.07,70.79,57.8,-0.44,9.34,6.24,1.53,35.62,19.78,13.27,17.67,43.94,28,156043,71.76,14.49,9.3,Financials,4.82,3.33,14.04,5.7,0.05,0.08,0.88,17.07,Equity : Multi Cap,0.07,20.3,1% on or before 1Y
Franklin India Mutual Fund,Franklin India G-Sec Fund(G),DT-GILT,1,152.5,1.02,7-Dec-01,Nifty All Duration G-Sec Index,49.06,49.44,48.11,0,0.88,1.01,1.52,2.08,4.08,4.12,6.39,0,-,-,-,-,-,-,4.89,3.85,7.19,-1.13,-0.66,-1.09,0.51,2.08,Debt : Gilt,1.22,5.04,Nil
Franklin India Mutual Fund,Franklin India Life Stage FOFs-20(G),FOF-DOM,Unrated,11.1,1.5,1-Dec-03,S&P BSE SENSEX,118.19,123.64,105.14,-0.9,5.48,1.87,-4,24.44,13.48,8.03,11.56,5.87,-,-,-,-,-,-,-,-,-,-4.94,-0.37,-0.58,0.91,14.35,FoFs : Domestic,-3.72,13.95,1% on or before 1Y
Franklin India Mutual Fund,Franklin India Life Stage FOFs-30(G),FOF-DOM,Unrated,5.9,1.47,1-Dec-03,S&P BSE SENSEX,79.41,81.14,73.1,-0.6,3.94,1.63,-1.33,22.34,10.05,6.9,9.94,6.9,-,-,-,-,-,-,-,-,-,-2.97,-0.33,-0.52,0.68,9.79,FoFs : Domestic,-3.72,13.95,0.75% on or before 1Y
Franklin India Mutual Fund,Franklin India Life Stage FOFs-40(G),FOF-DOM,Unrated,16,1.28,1-Dec-03,Crisil Composite Bond Fund Index,58.54,59.35,54.81,-0.38,3.45,2.11,1.2,18.56,6.43,5.37,8.49,5.4,-,-,-,-,-,-,-,-,-,-0.86,-0.17,-0.26,0.49,6.36,FoFs : Domestic,-3.72,13.95,0.75% on or before 1Y
Franklin India Mutual Fund,Franklin India Life Stage FOFs-50 Plus(G),FOF-DOM,Unrated,14.2,0.97,1-Dec-03,Crisil Composite Bond Fund Index,36.95,37.29,35.48,-0.22,2.19,1.56,2.44,14.3,0.49,2.01,5.87,5.23,-,-,-,-,-,-,-,-,-,0.15,-0.01,-0.01,0.36,3.71,FoFs : Domestic,-3.72,13.95,1% on or before 1Y
Franklin India Mutual Fund,Franklin India Life Stage FOFs-50s +FR(G),FOF-DOM,Unrated,18.9,0.71,9-Jul-04,Crisil Liquid Fund Index,47.81,48.06,45.89,-0.03,2.29,1.94,2.26,8.46,7.32,6.67,8.2,5.95,-,-,-,-,-,-,-,-,-,-0.08,-0.05,-0.08,0.24,3.55,FoFs : Domestic,-3.72,13.95,1% on or before 1Y
Franklin India Mutual Fund,Franklin India Liquid Fund-Super Inst(G),DT-LIQ,4,1293.1,0.21,2-Sep-05,Crisil Liquid Fund Index,3262.72,3262.72,3131.11,0.47,1.33,2.4,4.2,3.69,4.08,5.34,6.85,0,-,-,-,-,-,-,0.1,0.1,6.26,0.08,0.99,0.93,0.01,0.08,Debt : Liquid,4.1,3.86,0.007% for Day 1 0.0065% on Day 2 0.0060% on Day 3 0.0055% on Day 4 0.0050% on Day 5 0.0045% on Day 6 NIL after 7D
Franklin India Mutual Fund,Franklin India Low Duration Fund(G),DT-LOWD,Unrated,51.1,0.04,26-Jul-10,NIFTY Low Duration Debt Index,32.61,32.61,25.32,0.63,1.36,22.18,37.14,23.83,13.64,11.27,-,0,-,-,-,-,-,-,0.01,0.01,4.96,31.55,1.51,30.19,-0.04,20.94,Debt : Low Duration,3.28,4.97,Nil
Franklin India Mutual Fund,Franklin India Multi-Asset Solution Fund(G),FOF-DOM,Unrated,45.9,1.25,28-Nov-14,CRISIL Hybrid 35+65 - Aggressive Index,14.29,14.62,13.83,0.26,1.02,-1.98,-0.1,16.27,3.38,3.58,-,40.13,-,-,-,-,-,-,-,-,-,-2.47,-0.42,-0.7,0.26,6.11,FoFs : Domestic,-3.72,13.95,1% on or before 3Y Nil after 3Y
Franklin India Mutual Fund,Franklin India NSE Nifty 50 Index Fund(G),EQ-INDX,2,473.2,0.67,4-Aug-00,NIFTY 50 - TRI,139.36,144.67,121.59,-0.27,7.58,2.51,-4.63,21.88,14.64,11.49,11.92,5.16,51,397377,99.8,-,-,Financials,-,-,-,0.23,-0.29,-0.47,0.98,17.96,Equity : Index Funds,-2.76,15.7,0.25% on or before 7D
Franklin India Mutual Fund,Franklin India Opportunities Fund(G),EQ-THEM,3,668.7,2.53,21-Feb-00,NIFTY 500 - TRI,118.93,128.94,97.26,-1.68,9.88,6.7,-7.92,25.36,17.96,10.79,14.27,76.25,35,59841,42.36,32.97,14.99,Capital Goods,-,-,-,-3.75,-0.47,-0.73,0.96,19.09,Equity : Thematic,7.27,15.07,1% on or before 1Y
Franklin India Mutual Fund,Franklin India Overnight Fund(G),DT-ON,2,177.5,0.14,8-May-19,CRISIL Overnight Index,1136.85,1136.85,1092.61,0.47,1.32,2.37,4.05,3.53,3.55,-,-,0,-,-,-,-,-,-,0.01,0.01,5.87,0.08,1.79,1.19,-,0.05,Debt : Overnight,4.1,3.6,Nil
Franklin India Mutual Fund,Franklin India Pension Plan(G),HY-SOL,2,445.9,2.28,31-Mar-97,Crisil Composite Bond Fund Index,162.13,164.44,150.28,0,4.21,2.15,-0.28,9.37,7.43,6.38,9.48,0,41,138847,29.61,3.97,5.34,Financials,3.01,2.49,7.14,-2.27,-0.38,-0.59,0.63,6.92,Hybrid : Solution Oriented,-1.53,19.02,3% on or beofre the 58Y of age Nil after age of 58Y
Franklin India Mutual Fund,Franklin India Prima Fund(G),EQ-MID,2,7579.1,1.89,1-Dec-93,Nifty Midcap 150 - TRI,1525.3,1609.67,1238.33,-1.06,10.54,5.63,-6.83,28.29,17.38,10.1,17.56,34.4,66,35484,15.62,69.18,12.06,Financials,-,-,-,-2.65,-0.4,-0.6,0.9,19.01,Equity : Mid Cap,0.53,23.53,1% on or before 1Y
Franklin India Mutual Fund,Franklin India Savings Fund(G),DT-MM,4,897.4,0.29,11-Feb-02,Nifty Money Market Index,41.2,41.2,39.72,0.31,1.1,1.95,3.71,3.65,4.6,5.91,7.16,0,-,-,-,-,-,-,0.49,0.46,6.78,1.06,2.83,4.2,0.05,0.36,Debt : Money Market,3.75,4.5,Nil
Franklin India Mutual Fund,Franklin India Smaller Cos Fund(G),EQ-SML,1,7135.4,1.92,13-Jan-06,Nifty Smallcap 250 - TRI,93.79,96.83,76.34,-0.5,11.78,4.03,-0.7,40.96,24.09,10.09,19.42,16.42,78,10485,5.81,12.2,78.39,Financials,-,-,-,3,-0.08,-0.12,0.82,18.85,Equity : Small Cap,2.94,30.51,1% on or before 1Y
Franklin India Mutual Fund,Franklin India ST Income Plan(G),DT-SD,1,503.2,0.04,31-Jan-02,Crisil Short Term Bond Fund Index,4727.63,4764.18,4380,0.34,-0.07,0.84,7.96,13.72,5.16,5.77,7.67,0,-,-,-,-,-,-,2.09,1.82,9.98,5.52,0.81,2.96,0.23,6.69,Debt : Short Duration,2.89,5.39,Nil
Franklin India Mutual Fund,Franklin India Taxshield(G),EQ-ELSS,3,4749.4,1.91,10-Apr-99,NIFTY 500 - TRI,884.39,912.32,748.09,-0.05,8.9,3.17,-3.69,30.31,16.26,10.58,14.51,36.62,54,148302,74.02,11.47,8.04,Financials,-,-,-,1.81,-0.19,-0.29,0.95,18.23,Equity : Tax Saving (ELSS),-1.86,16.69,Nil
Franklin India Mutual Fund,Franklin India Technology Fund(G),EQ-TECH,Unrated,651.2,2.44,22-Aug-98,S&P BSE TECk Index - TRI,277.25,366.43,267.49,0.66,1.05,-11.81,-22.3,10.22,20.32,17.84,16.03,17.04,36,222973,58.98,2.65,7.6,Technology,-,-,-,-20.56,-1.29,-2.12,0.81,19.35,Equity : Sectoral - Technology,-17.82,26.86,1% on or before 1Y
Franklin India Mutual Fund,Franklin India Ultra Short Bond Fund-Super Inst(G),DT-USD,2,296.5,0.04,18-Dec-07,NIFTY Ultra Short Duration Debt Index,34.91,34.91,31.59,0.59,1.32,5.87,13.69,10.97,8.76,8.73,-,0,-,-,-,-,-,-,0.01,0.01,4.96,10.26,2.92,11.39,0.03,3.51,Debt : Ultra Short Duration,3.68,4.48,Nil
HDFC Mutual Fund,HDFC Arbitrage-WP(G),HY-ARB,2,5897.3,0.95,23-Oct-07,Nifty 50 Arbitrage,25.39,25.39,24.47,0.46,1.14,1.97,3.63,3.7,3.74,4.6,5.93,251.43,126,139910,53.1,11.3,3.44,Financials,0.26,0.25,6.46,0.86,0.95,1.93,-0.01,0.9,Hybrid : Arbitrage,3.56,3.65,0.25% on or before 1M Nil after 1M
HDFC Mutual Fund,HDFC Asset Allocator FoF-Reg(G),FOF-DOM,Unrated,2250.9,1.31,5-May-21,NIFTY 50 Hybrid Composite Debt 65:35 Index,11.86,12.05,10.79,0,5.14,1.98,2.15,-,-,-,-,-,-,-,-,-,-,-,-,-,-,0.35,0.02,0.02,0.41,8.84,FoFs : Domestic,-3.72,13.95,Nil upto 15% of units and 1% for remaining units on or before 1Y Nil after 1Y
HDFC Mutual Fund,HDFC Balanced Advantage Fund(G),HY-DYN,4,47230.1,1.64,11-Sep-00,NIFTY 50 Hybrid Composite Debt 50:50 Index,310.97,315.31,267.55,0,8.04,5.55,6.76,31.95,17.04,11.99,12.97,23.28,74,144118,48.46,7.39,8.45,Financials,3.36,1.51,6.58,5.72,0.46,0.72,0.44,11.96,Hybrid : Dynamic Asset Allocation,1.18,10.47,Nil upto 15% of Units For excess Units 1% on or before 1Y and Nil after 1Y
HDFC Mutual Fund,HDFC Banking & Financial Services Fund-Reg(G),EQ-FIN,Unrated,2462.5,1.97,1-Jul-21,Nifty Financial Services - TRI,10.74,11.43,8.86,-2.24,11.39,5.84,-4.14,-,-,-,-,20.68,27,234900,83.38,8.25,6.81,Financials,-,-,-,1.59,-0.2,-0.32,1.05,20.63,Equity : Sectoral - Financial Services,-1.79,11.01,1% on or before 1Y Nil after 1Y
HDFC Mutual Fund,HDFC Banking and PSU Debt Fund-Reg(G),DT-B&PSU,4,5000.3,0.81,26-Mar-14,NIFTY Banking and PSU Debt Index,18.86,18.86,18.37,0.15,1.16,1.47,2.61,3.61,5.93,6.48,-,0,-,-,-,-,-,-,2.51,1.42,6.95,-,-0.08,-0.11,0.19,1.07,Debt : Banking & PSU,2.42,5.6,Nil
HDFC Mutual Fund,HDFC Capital Builder Value Fund(G),EQ-VAL,2,5324.2,2,1-Feb-94,NIFTY 500 - TRI,439.23,457.65,372.06,0.09,9.48,1.77,-2.96,26.11,16.53,9.67,14.39,5.66,69,124757,70.4,15.19,13.85,Financials,-,-,-,1.51,-0.2,-0.31,0.91,17.6,Equity : Value / Contra,3.04,21.88,1% on or before 1Y Nil after 1Y
HDFC Mutual Fund,HDFC Childrens Gift Fund,HY-SOL,4,5777.4,1.96,2-Mar-01,NIFTY 50 Hybrid Composite Debt 65:35 Index,192.98,197.09,169.82,-0.45,6.66,5.59,1.13,22.36,16.59,11.65,14.79,3.57,46,88456,39.71,5.19,21.98,Financials,3.61,2.48,6.99,0.03,-0.03,-0.05,0.73,12.26,Hybrid : Solution Oriented,-1.53,19.02,Nil
HDFC Mutual Fund,HDFC Corp Bond Fund(G),DT-CORP,4,21313,0.6,29-Jun-10,NIFTY Corporate Bond Index,26.37,26.43,25.73,-0.02,1.35,1.49,2.42,3.66,6.26,6.82,7.95,0,-,-,-,-,-,-,4.73,2.38,7.18,-0.15,-0.19,-0.25,0.31,1.54,Debt : Corporate Bond,2.2,5.79,Nil
HDFC Mutual Fund,HDFC Credit Risk Debt Fund-(G),DT-CR,5,8615.5,1.62,25-Mar-14,NIFTY Credit Risk Bond Index,19.69,19.71,19.07,0.03,1.28,1.69,3.1,5.92,7.29,6.83,-,0,-,-,-,-,-,-,2.74,2.05,8.3,0.53,0.27,0.32,0.3,1.45,Debt : Credit Risk,3.6,5.53,Nil for 15% of Units For excess of limits 1% on or before 12M and 0.50% after 12M but on or before 18M Nil after 18M
HDFC Mutual Fund,HDFC Developed World Indexes FoF-Reg(G),FOF-OVR,Unrated,964.4,0.73,6-Oct-21,MSCI World,9.02,10.76,8.63,-4.19,-2.13,-11.45,-14.12,-,-,-,-,-,-,-,-,-,-,-,-,-,-,-14.19,-0.72,-1.15,-0.14,19.49,FoFs : Overseas,-21.18,4.44,1% on or before 30D Nil after 30D
HDFC Mutual Fund,HDFC Dividend Yield Fund-Reg(G),EQ-DIV,Unrated,2991.3,2.11,18-Dec-20,NIFTY 500 - TRI,14.87,15.28,12.54,0.38,8.94,3.32,-0.01,-,-,-,-,19.39,72,111080,67.06,12.95,17.54,Financials,-,-,-,4.81,-,-,0.86,17.19,Equity : Thematic - Dividend Yield,-1.06,18.75,1% on or before 1Y Nil after 1Y
HDFC Mutual Fund,HDFC Dynamic Debt Fund(G),DT-DYN,4,506.3,1.73,28-Apr-97,CRISIL Dynamic Debt Index,73.51,73.78,71.92,0.11,1.46,1.42,0.96,4.58,6.06,4.59,6.92,0,-,-,-,-,-,-,6.09,2.4,6.73,-1.76,-1.06,-1.68,0.41,1.83,Debt : Dynamic Bond,2.02,5.08,Nil
HDFC Mutual Fund,HDFC Dynamic PE Ratio FOF-Reg(G),FOF-DOM,Unrated,29.7,-,6-Feb-12,NIFTY 50 Hybrid Composite Debt 65:35 Index,27.61,28.09,24.63,-0.28,6.06,3.32,2.8,18.21,14,9.56,9.95,0,-,-,-,-,-,-,2.95,2.16,-,0.93,0.07,0.11,0.51,8.88,FoFs : Domestic,-3.72,13.95,1% on or before 1Y Nil after 1Y
HDFC Mutual Fund,HDFC Equity Savings Fund(G),HY-EQ,2,2576.8,2.06,17-Sep-04,NIFTY 50 Equity Savings Index - TRI,49.63,50.06,46.27,0.06,4.15,2.38,1.84,15.48,10.34,7.67,9.18,30.74,74,161949,57.21,4.92,4.1,Financials,1.67,1.04,6.43,-0.13,-0.05,-0.07,0.33,6.54,Hybrid : Equity Oriented,1.35,8.53,NIL upto 15% of investment and 1% in excess of 15% of investment on or before 3M NIL after 3M
HDFC Mutual Fund,HDFC Flexi Cap Fund(G),EQ-FLEX,3,29749,1.74,1-Jan-95,NIFTY 500 - TRI,1097.33,1123.55,922.02,-0.14,10.29,5.3,5.31,37.84,19.36,13.23,14.63,32.98,53,181999,77.8,8.06,5.75,Financials,1.14,0.92,6.78,9.93,0.29,0.46,0.88,17.41,Equity : Flexi Cap,-2.7,16.46,1% on or before 1Y Nil after 1Y
HDFC Mutual Fund,HDFC Floating Rate Debt Fund(G),DT-FL,3,16088.2,0.48,23-Oct-07,NIFTY Low Duration Debt Index,40.55,40.55,39.08,0.39,1.85,2.38,3.67,4.52,6,6.64,7.7,0,-,-,-,-,-,-,3.77,0.84,6.98,1.06,1.22,1.81,0.14,0.81,Debt : Floater,3.09,5.61,Nil
HDFC Mutual Fund,HDFC Focused 30 Fund(G),EQ-MLC,2,2329.1,2.14,17-Sep-04,NIFTY 500 - TRI,128.4,130.71,105.09,0.2,10.73,7.25,9.22,38.85,19.01,10.57,12.78,47.44,29,146949,76.44,7.2,6.43,Financials,-,-,-,13.61,0.54,0.86,0.84,16.58,Equity : Multi Cap,0.07,20.3,1% on or before 1Y Nil after 1Y
HDFC Mutual Fund,HDFC Gilt Fund(G),DT-GILT,2,1670.3,0.89,25-Jul-01,CRISIL Dynamic Gilt Index,44.88,45.19,43.86,0.01,1.24,1.35,0.84,1.82,4.5,5.01,7.21,0,-,-,-,-,-,-,5.21,3.31,6.93,-1.81,-0.82,-1.26,0.63,2.55,Debt : Gilt,1.22,5.04,Nil
HDFC Mutual Fund,HDFC Gold ETF,GOLD-ETF,Unrated,3121.6,0.59,13-Aug-10,Gold-India,44.14,48.73,42.17,1.76,-1.29,-6.47,5.22,-1.55,8.24,10.01,3.89,-,-,-,-,-,-,-,-,-,-,1.61,0.14,0.24,-0.37,13.33,Gold : ETFs,-3.32,12.35,Nil
HDFC Mutual Fund,HDFC Gold Fund(G),GOLD-MF,Unrated,1332.3,0.61,1-Nov-11,Gold-India,15.66,16.81,14.96,1.6,-1.33,-6.94,4.43,-1.87,8.31,9.7,3.39,-,-,-,-,-,-,-,-,-,-,0.93,0.1,0.19,-0.4,11.33,Gold : MFs,3.72,7.87,2% on & before 6M1% after 6M but on or before 12M Nil after 12M
HDFC Mutual Fund,HDFC Housing Opp Fund-Reg(G),EQ-INFRA,1,1188.4,2.23,6-Dec-17,Nifty Housing - TRI,13.23,13.79,10.85,-2.14,11.4,4.33,-3.45,28.66,13.46,-,-,6.83,37,106944,71.98,7.93,17.94,Financials,-,-,-,1.39,-0.2,-0.31,0.95,19.02,Equity : Sectoral - Infrastructure,5.4,20.87,1% on or before 1Y Nil after 1Y
HDFC Mutual Fund,HDFC Hybrid Debt Fund(G),HY-DT(CO),4,2706.5,1.83,26-Dec-03,NIFTY 50 Hybrid Composite Debt 15:85 Index,61.3,61.84,57.9,-0.14,3.27,2.19,2.07,12.18,9.77,7.19,9.04,0,41,137484,16.3,3.04,2.83,Financials,4.86,3.12,7.4,0.03,-0.04,-0.06,0.46,4.65,Hybrid : Debt Oriented (Conservative),0.59,9.76,Nil for 15% of investment and 1% for remaining Investment on or before 1Y Nil after 1Y
HDFC Mutual Fund,HDFC Hybrid Equity Fund(G),HY-EQ,4,18413.9,1.84,6-Apr-05,NIFTY 50 Hybrid Composite Debt 65:35 Index,82.56,84.62,72.57,-0.81,7.23,3.46,0.78,23.58,15.53,9.59,11.4,11.22,35,173709,52.72,6.63,9.13,Financials,2.13,1.65,6.74,-0.03,-0.03,-0.05,0.77,13,Hybrid : Equity Oriented,1.35,8.53,Nil upto 15% of Units For excess Units 1% on or before 1Y and Nil after 1Y
HDFC Mutual Fund,HDFC Income Fund(G),DT-M&LD,2,523.8,2.06,11-Sep-00,NIFTY Medium to Long Term Debt Index,47.58,48.01,46.4,-0.33,1.5,1,-0.02,1.49,4.03,4.25,6.25,0,-,-,-,-,-,-,7.08,4.01,7.17,-2.55,-1.07,-1.42,0.64,2.67,Debt : Medium to Long Duration,1.11,4.88,Nil
HDFC Mutual Fund,HDFC Index Fund-NIFTY 50 Plan(G)(Post Addendum),EQ-INDX,4,6775.6,0.4,17-Jul-02,NIFTY 50 - TRI,162.64,168.65,141.7,-0.27,7.62,2.55,-4.53,22.42,15.12,12.2,12.62,8.52,50,397412,100.08,-,-,Financials,-,-,-,0.43,-0.28,-0.45,0.99,18.15,Equity : Index Funds,-2.76,15.7,0.25% on or before 3D Nil after 3D
HDFC Mutual Fund,HDFC Index Fund-S&P BSE Sensex(G)(Post Addendum),EQ-INDX,2,3825.1,0.4,17-Jul-02,S&P BSE SENSEX - TRI,534.49,550.82,463.69,0.18,8.31,3.87,-3.76,21.74,15.18,13.34,12.99,5.16,30,483564,100.03,-,-,Financials,-,-,-,1.31,-0.23,-0.38,1,18.27,Equity : Index Funds,-2.76,15.7,0.25% on or before 3D Nil after 3D
HDFC Mutual Fund,HDFC Infrastructure Fund(G),EQ-INFRA,1,594.2,2.6,10-Mar-08,S&P BSE India Infrastructure Index - TRI,22.56,23.68,18.09,-2.03,12.56,6.91,5.15,43.76,14.43,3.3,7.73,16.82,45,22638,45.08,6.63,46.2,Infrastructure,-,-,-,10.18,0.27,0.41,0.87,20.01,Equity : Sectoral - Infrastructure,5.4,20.87,1% on or before 1Y Nil after 1Y
HDFC Mutual Fund,HDFC Large and Mid Cap Fund-Reg(G),EQ-L&M,4,7070.7,1.89,18-Feb-94,NIFTY LargeMidcap 250 - TRI,194.74,202.02,164.66,-1.16,7.74,3.51,-2.43,34.45,20.56,13.12,12.23,16.11,145,84686,49.9,39.27,7.91,Financials,-,-,-,3.07,-0.11,-0.17,0.94,18.78,Equity : Large & Mid Cap,-1.58,18.24,1% on or before 1Y Nil after 1Y
HDFC Mutual Fund,HDFC Liquid Fund(G),DT-LIQ,2,50028.9,0.3,17-Oct-00,Crisil Liquid Fund Index,4257.33,4257.33,4088.49,0.45,1.3,2.35,4.13,3.62,3.93,5.14,6.69,0,-,-,-,-,-,-,0.11,0.11,6.2,0.05,0.32,0.32,0.01,0.08,Debt : Liquid,4.1,3.86,0.007% for Day 1 0.0065% on Day 2 0.0060% on Day 3 0.0055% on Day 4 0.0050% on Day 5 0.0045% on Day 6 NIL after 7D
HDFC Mutual Fund,HDFC Low Duration Fund(G),DT-LOWD,4,15292.2,1.04,18-Nov-99,NIFTY Low Duration Debt Index,47.7,47.7,46.16,0.29,1.33,1.89,3.31,3.93,5.27,5.98,6.98,0,-,-,-,-,-,-,2.78,0.88,7.07,0.68,1.12,1.76,0.1,0.58,Debt : Low Duration,3.28,4.97,Nil
HDFC Mutual Fund,HDFC Medium Term Debt Fund(G),DT-MD,4,3664.6,1.34,6-Feb-02,NIFTY Medium Duration Debt Index,45.96,46.17,44.85,-0.07,1.15,1.28,2.01,4.1,6,6.25,7.48,0,-,-,-,-,-,-,4.27,2.93,7.98,-0.63,-0.45,-0.59,0.42,1.8,Debt : Medium Duration,1.38,5.02,Nil
HDFC Mutual Fund,HDFC Mid-Cap Opportunities Fund(G),EQ-MID,3,34158.2,1.71,25-Jun-07,Nifty Midcap 150 - TRI,99.02,102.75,80.28,-0.99,10.87,6.46,2.29,35.76,24.18,12.52,18.67,19.39,62,25746,12.18,66.27,18.55,Financials,-,-,-,6.8,0.11,0.17,0.85,18.83,Equity : Mid Cap,0.53,23.53,1% on or before 1Y Nil after 1Y
HDFC Mutual Fund,HDFC Money Market Fund(G),DT-MM,4,12650.8,0.41,3-Jan-00,Nifty Money Market Index,4694.46,4694.46,4511.96,0.37,1.19,2.11,4.05,3.92,4.93,6.06,7.12,0,-,-,-,-,-,-,0.41,0.41,6.86,1.39,4.07,6.26,0.04,0.33,Debt : Money Market,3.75,4.5,Nil
HDFC Mutual Fund,HDFC Multi Cap Fund-Reg(G),EQ-MLC,Unrated,5539.5,2,10-Dec-21,Nifty500 Multicap 50:25:25 - TRI,10.68,10.96,8.83,-0.22,10.3,6.17,-,-,-,-,-,-,127,57785,45.88,29.68,23.53,Financials,-,-,-,-,-,-,-,-,Equity : Multi Cap,0.07,20.3,1% on or before 1Y Nil after 1Y
HDFC Mutual Fund,HDFC Multi-Asset Fund(G),HY-MULTI,Unrated,1572.9,2.24,17-Aug-05,NIFTY 50 Hybrid Composite Debt 65:35 Index,48.42,49.48,44.77,-0.22,4.01,1.56,0.87,15.46,14.18,9.78,9.95,25.88,62,164894,54.42,6.95,4.84,Financials,2.62,1.24,6.75,-1.03,-0.15,-0.24,0.49,8.89,Hybrid : Multi Asset Allocation,1.62,13.98,Nil upto 15% of units For remaining units 1% or or before 12M Nil after 12M
HDFC Mutual Fund,HDFC NIFTY 100 Equal Weight Index Fund-Reg(G),EQ-INDX,Unrated,81.6,1,23-Feb-22,Nifty100 Equal Weight - TRI,10.2,10.78,8.87,-2.59,5.77,-1.85,-,-,-,-,-,-,100,119424,89.82,10.01,-,Financials,-,-,-,-,-,-,-,-,Equity : Index Funds,-2.76,15.7,Nil
HDFC Mutual Fund,HDFC Nifty 100 ETF,EQ-ETF,Unrated,7.3,0.3,5-Aug-22,NIFTY 100 - TRI,178.41,185.27,172.54,-1.06,-,-,-,-,-,-,-,-,100,322884,96.35,1.64,-,Financials,-,-,-,-,-,-,-,-,Equity : ETFs,-3.32,12.35,null
HDFC Mutual Fund,HDFC NIFTY 100 Index Fund-Reg(G),EQ-INDX,Unrated,87.3,0.9,23-Feb-22,NIFTY 100 - TRI,10.29,10.69,8.96,-1.15,7.15,1.35,-,-,-,-,-,-,100,322315,97.08,1.68,-,Financials,-,-,-,-,-,-,-,-,Equity : Index Funds,-2.76,15.7,Nil
HDFC Mutual Fund,HDFC Nifty 50 ETF,EQ-ETF,Unrated,1711.2,0.05,9-Dec-15,NIFTY 50 - TRI,189.28,195.64,164.68,-0.25,7.72,2.76,-4.11,22.93,15.64,12.66,-,5.82,50,397412,99.97,-,-,Financials,-,-,-,0.88,-0.25,-0.41,0.99,18.16,Equity : ETFs,-3.32,12.35,null
HDFC Mutual Fund,HDFC NIFTY Bank ETF,EQ-ETF,Unrated,66.2,0.16,21-Aug-20,NIFTY BANK - TRI,406.27,417.31,327.74,-1.13,14.17,10.48,2.15,29.39,-,-,-,27.9,12,363665,93.34,6.33,-,Financials,-,-,-,8.87,0.12,0.2,1.1,22.42,Equity : ETFs,-3.32,12.35,null
HDFC Mutual Fund,HDFC NIFTY Growth Sectors 15 ETF,EQ-ETF,Unrated,9.6,0.3,23-Sep-22,Nifty Growth Sectors 15 - TRI,88.41,88.96,85.89,-,-,-,-,-,-,-,-,-,15,194515,97.78,1.74,-,FMCG,-,-,-,-,-,-,-,-,Equity : ETFs,-3.32,12.35,null
HDFC Mutual Fund,HDFC NIFTY Next 50 ETF,EQ-ETF,Unrated,8.1,0.15,5-Aug-22,NIFTY NEXT 50 - TRI,420.34,455.38,413.87,-4.81,-,-,-,-,-,-,-,-,50,83396,87.88,11.92,-,Financials,-,-,-,-,-,-,-,-,Equity : ETFs,-3.32,12.35,null
HDFC Mutual Fund,HDFC NIFTY Next 50 Index Fund-Reg(G),EQ-INDX,Unrated,378.4,0.8,3-Nov-21,NIFTY NEXT 50 - TRI,9.77,10.6,8.26,-4.9,6.25,-3.04,-,-,-,-,-,-,50,83390,88.26,11.97,-,Financials,-,-,-,-,-,-,-,-,Equity : Index Funds,-2.76,15.7,Nil
HDFC Mutual Fund,HDFC NIFTY100 Low Volatility 30 ETF,EQ-ETF,Unrated,-,-,11-Oct-22,Nifty100 Low Volatility 30 - TRI,128.7,128.7,10,-,-,-,-,-,-,-,-,-,-,-,-,-,-,-,-,-,-,-,-,-,-,-,Equity : ETFs,-3.32,12.35,null
HDFC Mutual Fund,HDFC NIFTY100 Quality 30 ETF,EQ-ETF,Unrated,10.4,0.3,23-Sep-22,NIFTY100 Quality 30 - TRI,38.5,38.58,37.62,-,-,-,-,-,-,-,-,-,30,193184,94.8,4.77,-,FMCG,-,-,-,-,-,-,-,-,Equity : ETFs,-3.32,12.35,null
HDFC Mutual Fund,HDFC NIFTY200 Momentum 30 ETF,EQ-ETF,Unrated,-,-,11-Oct-22,Nifty200 Momentum 30 - TRI,194.65,194.77,10,-,-,-,-,-,-,-,-,-,-,-,-,-,-,-,-,-,-,-,-,-,-,-,Equity : ETFs,-3.32,12.35,null
HDFC Mutual Fund,HDFC NIFTY50 Equal Weight Index Fund-Reg(G),EQ-INDX,Unrated,503.7,1.08,20-Aug-21,NIFTY50 Equal Weight - TRI,11,11.46,9.44,-1.15,7.76,1.65,-3.4,-,-,-,-,-,50,192733,100.04,-,-,Financials,-,-,-,0.98,-0.23,-0.37,0.92,17.79,Equity : Index Funds,-2.76,15.7,NIL
HDFC Mutual Fund,HDFC NIFTY50 Value 20 ETF,EQ-ETF,Unrated,15.1,0.15,23-Sep-22,Nifty50 Value 20 - TRI,87.57,87.92,84.55,-,-,-,-,-,-,-,-,-,20,321242,99,-,-,Technology,-,-,-,-,-,-,-,-,Equity : ETFs,-3.32,12.35,null
HDFC Mutual Fund,HDFC Overnight Fund(G),DT-ON,3,18038.3,0.2,6-Feb-02,CRISIL Overnight Index,3215.31,3215.31,3091.5,0.47,1.31,2.35,4.01,3.49,3.54,4.49,5.87,0,-,-,-,-,-,-,0.01,0.01,6.04,0.4,4.71,5.34,-,0.09,Debt : Overnight,4.1,3.6,Nil
HDFC Mutual Fund,HDFC Retirement Savings Fund-Equity Plan-Reg(G),HY-SOL,5,2407,2.17,25-Feb-16,NIFTY 500 - TRI,30.2,31.07,25.98,-1.17,7.25,3.48,-0.43,31.81,21.54,13.21,-,17.17,68,62571,46.67,10.24,30.45,Financials,-,-,-,-0.83,-0.07,-0.11,0.59,16.16,Hybrid : Solution Oriented,-1.53,19.02,NIL - Upon completion of Lock-in Period
HDFC Mutual Fund,HDFC Retirement Savings Fund-Hybrid-Debt Plan-Reg(G),HY-SOL,2,144.6,2.15,25-Feb-16,NIFTY 50 Hybrid Composite Debt 15:85 Index,16.75,16.96,15.89,-0.43,2.65,2.77,2.41,7.6,7.51,6.03,-,0,47,89288,13.61,1.8,5.72,Financials,8.09,4.7,7.19,-0.1,-0.11,-0.17,0.71,3.84,Hybrid : Solution Oriented,-1.53,19.02,NIL - Upon completion of Lock-in Period
HDFC Mutual Fund,HDFC Retirement Savings Fund-Hybrid-Equity Plan-Reg(G),HY-SOL,4,873,2.39,25-Feb-16,NIFTY 50 Hybrid Composite Debt 65:35 Index,25.44,26.07,22.81,-0.65,5.21,3.05,-1.95,20.44,15.03,10.6,-,11.21,58,75322,37.48,7.88,21.13,Financials,3.12,2.02,6.73,-3.25,-0.3,-0.46,0.62,12.01,Hybrid : Solution Oriented,-1.53,19.02,NIL - Upon completion of Lock-in Period
HDFC Mutual Fund,HDFC S&P BSE Sensex ETF,EQ-ETF,Unrated,286.5,0.05,9-Dec-15,S&P BSE SENSEX - TRI,641.31,658.11,555.73,0.22,8.4,4.09,-3.34,22.21,15.74,13.86,-,35.2,30,483569,99.76,-,-,Financials,-,-,-,1.74,-0.21,-0.34,1,18.24,Equity : ETFs,-3.32,12.35,null
HDFC Mutual Fund,HDFC Short Term Debt Fund(G),DT-SD,5,13516.4,0.76,25-Jun-10,Crisil Short Term Bond Fund Index,26.01,26.02,25.32,0.12,1.14,1.58,2.69,3.7,6.14,6.77,7.81,0,-,-,-,-,-,-,2.74,1.72,7.21,0.08,-0.03,-0.04,0.24,1.1,Debt : Short Duration,2.89,5.39,Nil
HDFC Mutual Fund,HDFC Silver ETF,GOLD-ETF,Unrated,21.6,0.4,2-Sep-22,Silver,54.99,60.44,51.9,1.34,-,-,-,-,-,-,-,-,-,-,-,-,-,-,-,-,-,-,-,-,-,-,Gold : ETFs,-3.32,12.35,null
HDFC Mutual Fund,HDFC Silver FoF-Reg(G),GOLD-MF,Unrated,-,-,-,Silver,-,-,-,-,-,-,-,-,-,-,-,-,-,-,-,-,-,-,-,-,-,-,-,-,-,-,Gold : MFs,3.72,7.87,2% before 6M and 1% after 6M but on or before 12M Nil after 12M
HDFC Mutual Fund,HDFC Small Cap Fund-Reg(G),EQ-SML,2,13879.9,1.88,3-Apr-08,S&P BSE 250 Small Cap - TRI,76.59,79.18,61.07,-0.2,11.18,3.62,-1,41.89,25.5,13.8,17.75,11.03,68,7326,3.78,8.85,81.22,Financials,-,-,-,3.05,-0.08,-0.11,0.82,19.88,Equity : Small Cap,2.94,30.51,1% on or before 1Y Nil after 1Y
HDFC Mutual Fund,HDFC TaxSaver(G),EQ-ELSS,2,9593.5,1.88,31-Mar-96,NIFTY 500 - TRI,789.99,810.38,671.2,0.28,9.13,6.17,2.75,30.21,16.28,9.16,12.96,54.78,36,183366,86.47,7.26,1.8,Financials,-,-,-,6.8,0.13,0.21,0.85,16.26,Equity : Tax Saving (ELSS),-1.86,16.69,Nil
HDFC Mutual Fund,HDFC Top 100 Fund(G),EQ-LC,1,21379.2,1.78,3-Sep-96,NIFTY 100 - TRI,722.29,744.13,626.64,-0.35,7.82,3.28,-1.15,28.19,14.4,10.62,12.77,16.12,54,292174,87.77,6.77,-,Financials,-,-,-,3.45,-0.09,-0.15,0.91,17.13,Equity : Large Cap,-3.51,14.3,1% on or before 1Y Nil after 1Y
HDFC Mutual Fund,HDFC Ultra Short Term Fund-Reg(G),DT-USD,4,13115,0.64,24-Sep-18,CRISIL Ultra Short Term Debt Index,12.54,12.54,12.08,0.36,1.15,2.03,3.81,3.75,4.74,-,-,0,-,-,-,-,-,-,0.42,0.4,6.85,1.13,3.39,5.27,0.04,0.33,Debt : Ultra Short Duration,3.68,4.48,Nil
HSBC Mutual Fund,HSBC Asia Pacific (Ex Japan) DYF-Reg(G),FOF-OVR,Unrated,7.2,2.1,24-Feb-14,MSCI Asia (ex-Japan) Standard Index,15.6,20.02,15.35,-5.45,-8.6,-16.49,-17.61,-1.06,1.79,3.18,-,23,-,-,-,-,-,-,-,-,-,-22.38,-1.36,-2.32,-0.15,16.44,FoFs : Overseas,-21.18,4.44,1% on or before 1Y Nil after 1Y
HSBC Mutual Fund,HSBC Brazil Fund(G),FOF-OVR,Unrated,28.5,2.44,6-May-11,MSCI Brazil 10/40 Index,6.96,7.82,5.39,8.16,20.8,-5.99,7.13,6.86,-7.24,-2.64,-3.01,3,-,-,-,-,-,-,-,-,-,9.93,0.27,0.45,-0.25,37.67,FoFs : Overseas,-21.18,4.44,1% on or before 1Y Nil after 1Y
HSBC Mutual Fund,HSBC Cash Fund(G),DT-LIQ,2,3127.9,0.22,1-Jun-04,Crisil Liquid Fund Index,2161.68,2161.68,2074.82,0.46,1.32,2.4,4.19,3.67,3.95,5.22,6.73,0,-,-,-,-,-,-,0.12,0.12,6.27,0.63,5,7.44,0.01,0.13,Debt : Liquid,4.1,3.86,0.007% for Day 1 0.0065% on Day 2 0.0060% on Day 3 0.0055% on Day 4 0.0050% on Day 5 0.0045% on Day 6 NIL on or after 7D
HSBC Mutual Fund,HSBC Corporate Bond Fund-Reg(G),DT-CORP,1,171.8,0.76,29-Sep-20,Nifty Short Duration Debt Index,10.63,10.64,10.44,0.06,0.81,0.67,1.41,2.81,-,-,-,0,-,-,-,-,-,-,1.5,1.31,7.16,-1.16,-1.02,-1.29,0.27,1.27,Debt : Corporate Bond,2.2,5.79,Nil
HSBC Mutual Fund,HSBC CRISIL IBX 50:50 Gilt Plus SDL Apr 2028 Index Fund-Reg(G),DT-M&LD,Unrated,1622.7,0.44,31-Mar-22,CRISIL IBX 50:50 Gilt Plus SDL Index - April 2028,10.05,10.12,9.77,-0.25,1.13,1.29,-,-,-,-,-,0,-,-,-,-,-,-,4.98,4,7.53,-,-,-,-,-,Debt : Medium to Long Duration,1.11,4.88,Nil
HSBC Mutual Fund,HSBC Debt Fund(G),DT-M&LD,Unrated,40.6,2.07,10-Dec-02,CRISIL Medium to Long Term Debt Index,35,35.54,34.32,-0.14,0.79,0.6,-0.4,0.97,3.48,4.61,6.06,0,-,-,-,-,-,-,4.87,3.92,7.33,-3.07,-1.19,-1.76,0.72,2.86,Debt : Medium to Long Duration,1.11,4.88,Nil
HSBC Mutual Fund,HSBC Equity Hybrid Fund-Reg(G),HY-EQ,3,464.5,2.47,22-Oct-18,CRISIL Hybrid 35+65 - Aggressive Index,15.4,16.58,13.84,-0.68,4.65,-0.8,-7.27,14.71,12.01,-,-,51,39,193380,53.55,9.99,5.94,Financials,-,-,-,-8.27,-0.65,-0.99,0.91,13.57,Hybrid : Equity Oriented,1.35,8.53,Nil upto 10% of units and 1% for remaining units on or before 1Y Nil after 1Y
HSBC Mutual Fund,HSBC Flexi Cap Fund(G),EQ-FLEX,3,405.5,2.5,24-Feb-04,NIFTY 500 - TRI,127.78,142.83,109.9,-1.11,7.32,-2.27,-8.16,21.81,15.48,7.97,13.19,46,51,132536,67.09,15.61,15.56,Financials,-,-,-,-3,-0.44,-0.68,1.02,19.59,Equity : Flexi Cap,-2.7,16.46,1% on or before 1Y Nil after 1Y
HSBC Mutual Fund,HSBC Flexi Debt Fund(G),DT-DYN,Unrated,54.6,1.73,5-Oct-07,CRISIL Dynamic Debt Index,28.77,28.95,28.21,-0.03,0.89,0.67,0.36,1.34,3.66,4.66,6.36,0,-,-,-,-,-,-,3.58,2.82,6.97,-2.32,-1.17,-1.69,0.56,2.21,Debt : Dynamic Bond,2.02,5.08,Nil
HSBC Mutual Fund,HSBC Focused Equity Fund-Reg(G),EQ-MLC,Unrated,531.3,2.46,22-Jul-20,NIFTY 500 - TRI,15.89,17.21,13.47,-0.15,7.94,0.91,-7.83,23.28,-,-,-,33,27,203987,76.32,14.23,8.46,Financials,-,-,-,-2.27,-0.41,-0.64,1.04,19.74,Equity : Multi Cap,0.07,20.3,Nil upto 10% of units and 1% for remaining units on before 1Y
HSBC Mutual Fund,HSBC Global Emerging Markets Fund(G),FOF-OVR,Unrated,10.3,2.41,17-Mar-08,MSCI Emerging Market Index,15.15,20.36,14.76,-4.51,-11.53,-16.29,-24.71,-5.41,2.5,1.67,3.93,4,-,-,-,-,-,-,-,-,-,-32.21,-1.71,-2.7,0.15,18.87,FoFs : Overseas,-21.18,4.44,1% on or before 1Y Nil after 1Y
HSBC Mutual Fund,HSBC Global Equity Climate Change FoF-Reg(G),FOF-OVR,Unrated,391.1,2.12,22-Mar-21,MSCI AC World Index,7.99,11.06,7.54,-2.39,-1.58,-11.5,-24.74,-,-,-,-,-,-,-,-,-,-,-,-,-,-,-33.21,-1.33,-2.25,0.88,24.85,FoFs : Overseas,-21.18,4.44,1% on or before 1Y Nil after 1Y
HSBC Mutual Fund,HSBC Infra Equity Fund(G),EQ-INFRA,4,116.7,2.56,23-Feb-06,S&P BSE India Infrastructure Index - TRI,27.07,28.86,22.3,-3.85,10.34,4.25,1.14,44.46,21.49,2.5,8.74,30,30,55717,46.01,30.07,22.49,Capital Goods,-,-,-,6.02,0.06,0.1,0.87,19.62,Equity : Sectoral - Infrastructure,5.4,20.87,1% on or before 1Y Nil after 1Y
HSBC Mutual Fund,HSBC Large & Mid Cap Equity Fund-Reg(G),EQ-L&M,2,494.3,2.45,28-Mar-19,NIFTY LargeMidcap 250 - TRI,15.65,17.06,13.32,-0.89,7.17,0.43,-8.05,24.46,16.09,-,-,49,52,113581,56.46,36.59,4.94,Financials,-,-,-,-3.18,-0.45,-0.69,0.98,19.1,Equity : Large & Mid Cap,-1.58,18.24,1% on or before 1Y Nil after 1Y
HSBC Mutual Fund,HSBC Large Cap Equity Fund(G),EQ-LC,2,754.1,2.43,10-Dec-02,NIFTY 100 - TRI,316.75,336.28,270.43,-0.58,7.04,2.93,-5.76,19.61,13.63,9.87,11.86,50,28,316868,89.88,5.68,-,Financials,-,-,-,-0.6,-0.33,-0.52,1.01,18.79,Equity : Large Cap,-3.51,14.3,1% on or before 1Y Nil after 1Y
HSBC Mutual Fund,HSBC Low Duration Fund(G),DT-LOWD,2,189.2,0.62,17-Oct-06,CRISIL Low Duration Debt Index,17.03,17.03,16.51,0.3,1.07,1.63,3.17,3.26,3.38,2.73,5.42,0,-,-,-,-,-,-,0.55,0.53,6.83,0.53,0.85,1.11,0.1,0.57,Debt : Low Duration,3.28,4.97,Nil
HSBC Mutual Fund,HSBC Managed Solutions India-Conservative(G),FOF-DOM,Unrated,38.1,1.62,30-Apr-14,Crisil Composite Bond Fund Index,17.52,17.64,16.99,-0.06,1.45,1,0.37,3.9,5.07,4.83,-,12,-,-,-,-,-,-,-,-,-,-2.27,-0.98,-1.48,0.48,2.54,FoFs : Domestic,-3.72,13.95,1% on or before 1Y Nil after 1Y
HSBC Mutual Fund,HSBC Managed Solutions India-Growth(G),FOF-DOM,Unrated,36.8,1.77,30-Apr-14,S&P BSE 200 - TRI,26.65,28.39,23.23,-0.73,6.68,1.4,-5.23,19.83,14.18,8.85,-,18,-,-,-,-,-,-,-,-,-,-6.93,-0.48,-0.75,0.93,15.29,FoFs : Domestic,-3.72,13.95,1% on or before 1Y Nil after 1Y
HSBC Mutual Fund,HSBC Managed Solutions India-Moderate(G),FOF-DOM,Unrated,63.2,1.87,30-Apr-14,CRISIL Hybrid 35+65 - Aggressive Index,24.36,25.63,21.73,-0.57,5.57,1.29,-4.16,16.26,12.45,8.09,-,18,-,-,-,-,-,-,-,-,-,-6.2,-0.53,-0.83,0.82,12.41,FoFs : Domestic,-3.72,13.95,1% on or before 1Y Nil after 1Y
HSBC Mutual Fund,HSBC Mid Cap Fund-Reg(G),EQ-MID,Unrated,1100.3,2.24,24-Sep-21,S&P BSE 150 MidCap - TRI,9.42,10.59,7.95,-2.36,7.6,-2.54,-6.82,-,-,-,-,36,48,29665,14.56,66.5,14.94,Financials,-,-,-,-3.28,-0.42,-0.63,0.85,19.25,Equity : Mid Cap,0.53,23.53,1% on or before 1Y Nil after 1Y
HSBC Mutual Fund,HSBC Overnight Fund-Reg(G),DT-ON,3,1045.9,0.26,22-May-19,CRISIL Overnight Index,1135.35,1135.35,1091.38,0.46,1.31,2.35,4.03,3.53,3.58,-,-,0,-,-,-,-,-,-,0.01,0.01,6.06,0.5,5.26,6.69,-,0.1,Debt : Overnight,4.1,3.6,Nil
HSBC Mutual Fund,HSBC Regular Savings Fund(G),HY-DT(CO),Unrated,89.8,2.2,24-Feb-04,CRISIL Hybrid 85+15 - Conservative Index,45.93,46.73,43.76,-0.28,2.06,0.59,-1.51,6.42,6.67,5.54,7.7,0,31,211779,18.32,3.51,2.05,Financials,4.47,3.64,7.34,-3.73,-0.8,-1.23,0.76,5.09,Hybrid : Debt Oriented (Conservative),0.59,9.76,Nil
HSBC Mutual Fund,HSBC Short Duration Fund(G),DT-SD,1,159.4,0.79,10-Dec-02,Crisil Short Term Bond Fund Index,32.42,32.43,31.79,0.08,0.81,0.87,1.9,2.84,3.75,3.02,5.5,0,-,-,-,-,-,-,1.25,1.12,7.22,-0.76,-0.84,-1.07,0.21,1.01,Debt : Short Duration,2.89,5.39,Nil
HSBC Mutual Fund,HSBC Small Cap Equity Fund(G),EQ-SML,3,296.1,2.5,19-May-05,S&P BSE 250 Small Cap - TRI,81.24,97.13,68.02,-2,8.93,-5.26,-14.12,31.07,22.45,6.9,15.06,37,47,11374,1.43,24.94,68.15,Healthcare,-,-,-,-10.51,-0.74,-1.1,0.85,20.52,Equity : Small Cap,2.94,30.51,1% on or before 1Y Nil after 1Y
HSBC Mutual Fund,HSBC Tax Saver Equity Fund(G),EQ-ELSS,3,188.4,2.49,5-Jan-07,NIFTY 500 - TRI,56.18,60.36,47.91,-0.68,7.27,1.18,-6.35,24.27,15.47,8.66,13.5,39,38,159542,68.54,16.08,12.81,Financials,-,-,-,-0.86,-0.34,-0.53,1.02,19.31,Equity : Tax Saving (ELSS),-1.86,16.69,Nil
HSBC Mutual Fund,HSBC Ultra Short Duration Fund-Reg(G),DT-USD,2,861.8,0.48,29-Jan-20,CRISIL Ultra Short Term Debt Index,1120.31,1120.31,1078.47,0.4,1.22,2.1,3.86,3.68,-,-,-,0,-,-,-,-,-,-,0.32,0.32,6.71,1.21,3.44,5.38,0.05,0.34,Debt : Ultra Short Duration,3.68,4.48,Nil
ICICI Prudential Mutual Fund,ICICI Pru All Seasons Bond Fund(G),DT-DYN,4,5855.2,1.38,20-Jan-10,NIFTY Composite Bond Index,29.91,29.92,28.76,0.25,2.19,2.93,3.59,4.53,7.13,6.91,9.27,0,-,-,-,-,-,-,5.63,1.63,7.28,1.11,0.44,0.66,0.48,2.02,Debt : Dynamic Bond,2.02,5.08,0.25% on or before 1M Nil after 1M
ICICI Prudential Mutual Fund,ICICI Pru Asset Allocator Fund(FOF)(G),FOF-DOM,Unrated,17432.3,1.35,18-Dec-03,CRISIL Hybrid 50+50 - Moderate Index,81.81,82.15,76.88,0.63,3.52,2.44,3.55,16.91,12.53,10.68,11.27,0,-,-,-,-,-,-,5.53,0.83,7.08,1.18,0.24,0.4,0.25,4.47,FoFs : Domestic,-3.72,13.95,Nil upto 10% of units and 1% for in excess units on or before 1Y and Nil after 1Y
ICICI Prudential Mutual Fund,ICICI Pru Balanced Advantage Fund(G),HY-DYN,3,42989.2,1.58,30-Dec-06,CRISIL Hybrid 50+50 - Moderate Index,51.99,52.24,47.71,0.39,4.34,4.38,4.89,16,12.1,9.94,12.29,21,70,267750,58.92,6.26,0.64,Financials,5.45,0.8,6.71,2.57,0.36,0.58,0.37,6.49,Hybrid : Dynamic Asset Allocation,1.18,10.47,Nil upto 10% of units and 1% for Excess units on or before 1Y Nil after 1Y
ICICI Prudential Mutual Fund,ICICI Pru Banking & Fin Serv Fund(G),EQ-FIN,3,5407.6,1.96,22-Aug-08,Nifty Financial Services - TRI,86.55,91.42,72.48,-1.9,8.93,4.36,-4.01,27.81,11.05,7.89,15.54,55,28,153124,67.66,10.52,15.14,Financials,-,-,-,0.98,-0.23,-0.36,0.98,19.39,Equity : Sectoral - Financial Services,-1.79,11.01,1% on or before 15D NIL after 15D
ICICI Prudential Mutual Fund,ICICI Pru Banking & PSU Debt Fund(G),DT-B&PSU,3,7887.1,0.8,1-Jan-10,CRISIL Banking and PSU Debt Index,26.76,26.76,25.79,0.4,1.84,2.48,3.73,4.42,6.19,6.4,7.99,0,-,-,-,-,-,-,6.26,1.61,7.19,1.11,0.83,1.25,0.19,1.24,Debt : Banking & PSU,2.42,5.6,Nil
ICICI Prudential Mutual Fund,ICICI Pru Bharat 22 FOF-(G),FOF-DOM,Unrated,56.8,0.09,29-Jun-18,S&P BSE Bharat 22 Index,15.81,16.24,12.64,-1.45,11.44,3.9,8.5,47.45,14.87,-,-,-,22,-,-,-,-,-,-,-,-,10.11,0.51,0.82,0.35,19.54,FoFs : Domestic,-3.72,13.95,Nil
ICICI Prudential Mutual Fund,ICICI Pru Bharat Consumption Fund(G),EQ-CONS,Unrated,1888,2.16,12-Apr-19,Nifty India Consumption - TRI,16.03,16.22,13.09,1.07,4.91,9.41,6.3,27.31,14.93,-,-,158,42,68540,47.57,19.66,14.56,FMCG,-,-,-,7.91,0.31,0.49,0.65,14.04,Equity : Thematic - Consumption,7.84,17.57,1% on or before 3M Nil after 3M
ICICI Prudential Mutual Fund,ICICI Pru Bluechip Fund(G),EQ-LC,4,32810,1.67,23-May-08,NIFTY 100 - TRI,67.11,68.86,58.51,0.22,7.27,2.74,-1.27,25.75,16.04,11.67,14.32,28,71,267494,80.7,8.61,0.66,Financials,-,-,-,2.77,-0.13,-0.2,0.87,16.31,Equity : Large Cap,-3.51,14.3,1% on or before 1Y NIL after 1Y
ICICI Prudential Mutual Fund,ICICI Pru Bond Fund(G),DT-M&LD,4,2432.4,1.18,18-Aug-08,CRISIL Medium to Long Term Debt Index,32.34,32.51,31.29,-0.02,1.73,2.22,2.19,2.83,5.82,6.1,7.6,0,-,-,-,-,-,-,5.74,2.77,7,-0.33,-0.23,-0.35,0.61,2.58,Debt : Medium to Long Duration,1.11,4.88,Nil
ICICI Prudential Mutual Fund,ICICI Pru Business Cycle Fund(G),EQ-THEM,Unrated,4857.4,1.93,18-Jan-21,NIFTY 500 - TRI,13.42,13.83,11.75,-0.3,6.01,2.6,1.06,-,-,-,-,64,64,158788,68.94,10.72,5.92,Financials,-,-,-,4.49,0.02,0.03,0.75,14.7,Equity : Thematic,7.27,15.07,1% on or before 1M Nil after 1M
ICICI Prudential Mutual Fund,ICICI Pru Child Care Fund-Gift Plan,HY-SOL,3,869.3,2.37,31-Aug-01,NIFTY 50 Hybrid Composite Debt 65:35 Index,196.17,203.23,175.89,-1.44,4.83,2.47,-0.05,18.84,12.12,9.3,11.96,77,45,70491,44.59,15.05,13.59,Financials,-,-,-,-1.18,-0.13,-0.21,0.67,11.76,Hybrid : Solution Oriented,-1.53,19.02,Nil
ICICI Prudential Mutual Fund,ICICI Pru Commodities Fund(G),EQ-THEM,Unrated,715.4,2.44,15-Oct-19,NIFTY COMMODITIES - TRI,24.62,26.85,20.96,-4.6,9.65,-6.38,-8.43,48.46,34.6,-,-,66,25,51339,51.47,28.25,16.61,Metals,-,-,-,0.15,-0.21,-0.32,0.96,24.35,Equity : Thematic,7.27,15.07,1% on or before 3M Nil after 3M
ICICI Prudential Mutual Fund,ICICI Pru Constant Maturity Gilt Fund(G),DT-GL10Y,Unrated,335.7,0.39,12-Sep-14,Crisil 10 Yr Gilt Index,19.51,19.87,18.89,-0.66,1.68,1.51,-0.03,1.63,5.48,7.13,-,0,-,-,-,-,-,-,9.44,6.66,7.38,-2.37,-0.59,-0.92,1.15,4.91,Debt : Gilt (10 Yr Constant Duration),-1.27,4.6,Nil
ICICI Prudential Mutual Fund,ICICI Pru Corp Bond Fund(G),DT-CORP,3,14781,0.58,11-Aug-09,CRISIL Corporate Bond Index,24.24,24.24,23.34,0.39,1.79,2.68,3.84,4.33,6.42,6.83,7.81,0,-,-,-,-,-,-,4.63,0.88,7.34,1.23,0.97,1.45,0.23,1.17,Debt : Corporate Bond,2.2,5.79,Nil
ICICI Prudential Mutual Fund,ICICI Pru Credit Risk Fund(G),DT-CR,5,7903.2,1.55,3-Dec-10,CRISIL Short Term Credit Risk Fund,25.68,25.69,24.58,0.26,1.34,2.28,4.48,5.81,7.26,7.18,8.07,0,-,-,-,-,-,-,2.1,1.21,8.54,1.92,1.43,2.11,0.23,1.27,Debt : Credit Risk,3.6,5.53,Nil upto 10% of units and 1% on remaining units on or before 1Y Nil after 1Y
ICICI Prudential Mutual Fund,ICICI Pru Debt Mgmt Fund(FOF)(G),FOF-DOM,Unrated,150.4,0.74,18-Dec-03,Crisil Composite Bond Fund Index,36.51,36.52,35.2,0.3,2.28,2.79,3.01,4.33,6.04,6.36,7.88,0,-,-,-,-,-,-,-,-,7.58,0.5,0.23,0.38,0.33,1.5,FoFs : Domestic,-3.72,13.95,0.25% on or before 15D Nil after 15D
ICICI Prudential Mutual Fund,ICICI Pru Dividend Yield Equity Fund(G),EQ-DIV,Unrated,1109.3,2.49,16-May-14,NIFTY 500 - TRI,28.08,28.68,24.25,0.97,9.1,1.99,1.44,37.7,21.39,9.84,-,51,37,133615,65.58,5.67,10.53,Financials,-,-,-,5.72,0.08,0.13,0.8,16.01,Equity : Thematic - Dividend Yield,-1.06,18.75,1% on or before 1Y Nil after 1Y
ICICI Prudential Mutual Fund,ICICI Pru Equity & Debt Fund(G),HY-EQ,5,20098.8,1.78,3-Nov-99,CRISIL Hybrid 35+65 - Aggressive Index,234.01,237.36,206.98,0.42,7.2,1.7,3.98,36.7,20.63,13.56,16.01,42,60,184670,57.86,4.66,2.89,Financials,6.03,1.19,6.88,3.33,0.24,0.39,0.34,12.78,Hybrid : Equity Oriented,1.35,8.53,Nil upto 30% of units and 1% for remaining units on or before 1Y Nil after 1Y
ICICI Prudential Mutual Fund,ICICI Pru Equity Savings Fund(G),HY-EQ,1,4993.1,1,5-Dec-14,NIFTY 50 Equity Savings Index,17.66,17.66,16.73,0.57,1.9,1.61,4.44,10.94,7.37,6.89,-,39,61,179642,60.96,3.16,0.12,Financials,2.61,0.37,6.32,1.74,0.68,1.13,0.05,2.55,Hybrid : Equity Oriented,1.35,8.53,Nil upto 10% of units and 0.25% for remaining units on or before 7D Nil after 7D
ICICI Prudential Mutual Fund,ICICI Pru Equity-Arbitrage Fund(G),HY-ARB,3,10980.6,0.96,30-Dec-06,Nifty 50 Arbitrage,28.45,28.45,27.37,0.45,1.19,1.98,3.82,3.84,4,4.89,6.33,116,146,148123,51.01,11.31,3.28,Financials,0.18,0.17,6.29,1.03,1.16,2.41,-0.02,0.89,Hybrid : Arbitrage,3.56,3.65,0.25% on or before 1M Nil after 1M
ICICI Prudential Mutual Fund,ICICI Pru ESG Fund(G),EQ-THEM,Unrated,1371.4,2.16,9-Oct-20,NIFTY100 ESG - TRI,13.23,14.19,11.5,0.92,7.41,1.46,-8.15,14.91,-,-,-,71,50,85250,52.94,16.59,17.63,Financials,-,-,-,-5.7,-0.65,-1.01,0.74,15.1,Equity : Thematic,7.27,15.07,1% on or before 12M Nil after 12M
ICICI Prudential Mutual Fund,ICICI Pru Exports & Services Fund(G),EQ-THEM,3,1043.6,2.4,30-Nov-05,S&P BSE 500 - TRI,95.34,95.74,83.94,2.08,7.84,2.93,2.34,28.88,19.69,11.27,18.22,136,41,116646,57.86,16.51,11.37,Financials,-,-,-,4.89,0.08,0.12,0.69,13.82,Equity : Thematic,7.27,15.07,1% on or before 15D Nil after 15D
ICICI Prudential Mutual Fund,ICICI Pru Flexicap Fund(G),EQ-FLEX,Unrated,11706.2,1.76,19-Jul-21,S&P BSE 500 - TRI,11.53,11.85,9.73,-0.43,7.2,7.9,3.99,-,-,-,-,29,56,164994,70.32,18.04,8.08,Financials,-,-,-,6.96,0.15,0.25,0.82,15.73,Equity : Flexi Cap,-2.7,16.46,1% on or before 12M Nil after 12M
ICICI Prudential Mutual Fund,ICICI Pru Floating Interest Fund(G),DT-FL,4,11106.4,1.29,17-Nov-05,CRISIL Low Duration Debt Index,346.46,346.54,334.55,0.56,2.71,2.73,3.07,4.41,5.98,6.4,7.52,0,-,-,-,-,-,-,9.23,0.64,7.1,0.45,0.3,0.52,0.13,1.33,Debt : Floater,3.09,5.61,Nil
ICICI Prudential Mutual Fund,ICICI Pru FMCG Fund(G),EQ-CONS,1,892.3,2.43,31-Mar-99,NIFTY FMCG - TRI,379.25,381.77,306.27,1.42,4.48,10.86,8.64,27.2,14.33,12.42,13.54,87,27,111084,53.03,9.74,15.33,FMCG,-,-,-,10.13,0.52,0.85,0.56,13.42,Equity : Thematic - Consumption,7.84,17.57,1% on or before 15D NIL after 15D
ICICI Prudential Mutual Fund,ICICI Pru Focused Equity Fund(G),EQ-LC,5,3620,1.99,28-May-09,S&P BSE 500 - TRI,50.43,51.91,43.51,0.04,7.4,4.28,-1.41,29.18,20.31,12.4,13.35,40,29,186868,80.07,8.59,4.8,Financials,-,-,-,2.47,-0.14,-0.23,0.88,16.75,Equity : Large Cap,-3.51,14.3,1% on or before 1Y Nil after 1Y
ICICI Prudential Mutual Fund,ICICI Pru Gilt Fund(G),DT-GILT,4,2444.2,1.14,19-Aug-99,CRISIL Dynamic Gilt Index,82.79,82.86,79.03,0.34,2.81,2.99,3.27,3.94,6.79,6.79,8.1,0,-,-,-,-,-,-,9.18,1.53,6.82,0.76,0.21,0.34,0.5,2.56,Debt : Gilt,1.22,5.04,Nil
ICICI Prudential Mutual Fund,ICICI Pru Global Advantage Fund(FOF)(G),FOF-OVR,Unrated,223.6,1.27,7-Oct-19,S&P Global 1200,10.83,14.18,10.62,-5.6,-9.51,-14.27,-23.18,-4.36,1.29,-,-,-,-,-,-,-,-,-,-,-,-,-30.06,-2.23,-3.76,0.46,13.59,FoFs : Overseas,-21.18,4.44,1% on or before 1M Nil after 1M
ICICI Prudential Mutual Fund,ICICI Pru Global Stable Equity Fund(FOF)(G),FOF-OVR,Unrated,96.1,1.56,13-Sep-13,MSCI World,19.68,21.94,18.81,-0.51,-4.09,-8.25,-4.19,10.36,7.03,7.46,-,0,-,-,-,-,-,-,0.01,-,-,-7.36,-0.47,-0.77,0.07,15.82,FoFs : Overseas,-21.18,4.44,1% on or before 1M Nil after 1M
ICICI Prudential Mutual Fund,ICICI Pru Gold ETF,GOLD-ETF,Unrated,3204.1,0.5,24-Aug-10,Gold-India,44.1,48.67,42.09,1.77,-1.26,-6.4,5.34,-1.49,8.18,10.07,3.82,0,-,-,-,-,-,-,-,-,7.58,1.81,0.15,0.26,-0.4,13.28,Gold : ETFs,-3.32,12.35,Nil
ICICI Prudential Mutual Fund,ICICI Pru Housing Opp Fund-Reg(G),EQ-THEM,Unrated,2783.5,2.05,18-Apr-22,Nifty Housing - TRI,10.56,10.86,9.27,-1.03,6.86,5.9,-,-,-,-,-,38,27,146575,64.79,10.89,8.49,Financials,-,-,-,-,-,-,-,-,Equity : Thematic,7.27,15.07,1% on or before 1M Nil after 1M
ICICI Prudential Mutual Fund,ICICI Pru Income Optimizer Fund(FOF)(G),FOF-DOM,Unrated,267.1,1.24,18-Dec-03,Crisil Composite Bond Fund Index,45.68,45.78,43.53,0.17,3.01,2,3.86,9.87,8.53,7.8,8.08,0,-,-,-,-,-,-,0.23,-,-,1.36,0.42,0.71,0.25,2.98,FoFs : Domestic,-3.72,13.95,1% on or before 12M Nil after 12M
ICICI Prudential Mutual Fund,ICICI Pru India Equity (FOF)(G),FOF-DOM,Unrated,58.6,1.61,25-Feb-20,S&P BSE 500 - TRI,17.34,17.84,15.22,-0.1,6.06,2.21,-1.67,33.9,-,-,-,-,-,-,-,-,-,-,-,-,-,-2.02,-0.14,-0.22,0.67,16.28,FoFs : Domestic,-3.72,13.95,1% on or before 12M Nil after 12M
ICICI Prudential Mutual Fund,ICICI Pru India Opp Fund(G),EQ-THEM,3,6006.1,1.9,15-Jan-19,NIFTY 500 - TRI,19.43,19.64,16.14,1.04,10.36,5.01,5.58,47.51,24.82,-,-,61,42,92384,58.5,14.89,13.88,Financials,-,-,-,9.22,0.3,0.47,0.75,16.66,Equity : Thematic,7.27,15.07,1% on or before 12M Nil after 12M
ICICI Prudential Mutual Fund,ICICI Pru Infrastructure Fund(G),EQ-INFRA,4,2025.7,2.23,31-Aug-05,S&P BSE India Infrastructure Index - TRI,92.8,95.07,74.86,-0.68,13.14,6.84,8.9,51.79,23.84,12.74,13.27,60,50,63703,55.96,11.52,26.86,Financials,-,-,-,12.52,0.5,0.77,0.75,16.75,Equity : Sectoral - Infrastructure,5.4,20.87,1% on or before 15D NIL after 15D
ICICI Prudential Mutual Fund,ICICI Pru Large & Mid Cap Fund(G),EQ-L&M,3,5681.1,2.2,9-Jul-98,NIFTY LargeMidcap 250 - TRI,567.86,581.16,483.03,-0.3,8.44,4.65,0.91,36.81,21.04,12.41,14.54,139,72,112809,53.42,37.9,3.62,Financials,-,-,-,5.22,0.02,0.03,0.89,17.3,Equity : Large & Mid Cap,-1.58,18.24,1% on or before 1M Nil after 1M
ICICI Prudential Mutual Fund,ICICI Pru Liquid Fund(G),DT-LIQ,3,39742,0.29,17-Nov-05,Crisil Liquid Fund Index,321.1,321.1,308.39,0.44,1.3,2.35,4.12,3.64,4,5.23,6.75,0,-,-,-,-,-,-,0.12,0.11,6.27,0.03,0.24,0.24,0.01,0.08,Debt : Liquid,4.1,3.86,0.007% for Day 1 0.0065% on Day 2 0.0060% on Day 3 0.0055% on Day 4 0.0050% on Day 5 0.0045% on Day 6 NIL on or after 7D
ICICI Prudential Mutual Fund,ICICI Pru Long Term Bond Fund(G),DT-LD,Unrated,592.4,2,9-Jul-98,NIFTY Long Duration Debt Index,71.88,73.2,69.4,-0.8,1.97,1.86,0.51,0.62,4.24,5.59,7.27,0,-,-,-,-,-,-,11.58,7.26,7.62,-1.89,-0.5,-0.81,1.21,4.87,Debt : Long Duration,-0.06,4.44,Nil
ICICI Prudential Mutual Fund,ICICI Pru LT Equity Fund (Tax Saving)(G),EQ-ELSS,3,9930.1,1.93,19-Aug-99,NIFTY 500 - TRI,595.98,624.67,515.45,0.08,6.68,1.58,-5.03,27.56,17.16,12.61,14.84,28,49,134992,70.01,11.14,12.98,Financials,-,-,-,-0.96,-0.35,-0.54,0.91,17.21,Equity : Tax Saving (ELSS),-1.86,16.69,Nil
ICICI Prudential Mutual Fund,ICICI Pru Manufacturing Fund(G),EQ-THEM,3,615.8,2.55,11-Oct-18,S&P BSE India Manufacturing Index - TRI,17.62,18.55,15.49,-2.28,4.32,-0.11,-3.72,34.02,19.29,-,-,55,37,85342,55.67,18.55,7.2,Energy,-,-,-,1.36,-0.18,-0.28,0.85,18.4,Equity : Thematic,7.27,15.07,1% on or before 1Y Nil after 1Y
ICICI Prudential Mutual Fund,ICICI Pru Medium Term Bond Fund(G),DT-MD,4,6313.5,1.41,15-Sep-04,CRISIL Medium Term Debt Index,36.41,36.48,35.24,0.07,1.43,2.32,3.35,4.91,6.96,6.51,7.72,0,-,-,-,-,-,-,3.35,1.97,7.73,0.81,0.38,0.53,0.38,1.66,Debt : Medium Duration,1.38,5.02,Nil upto 10% of units and 1% for Excess units on or before 1Y Nil after 1Y
ICICI Prudential Mutual Fund,ICICI Pru Midcap Fund(G),EQ-MID,3,3572.3,2.09,28-Oct-04,Nifty Midcap 150 - TRI,166.84,172.23,139.68,-1.06,6.64,4.12,-1.99,34.2,22.18,11.42,17.54,60,68,26327,4.84,76.86,16.08,Financials,-,-,-,1.86,-0.16,-0.24,0.86,18.47,Equity : Mid Cap,0.53,23.53,1% on or before 1Y Nil after 1Y
ICICI Prudential Mutual Fund,ICICI Pru MNC Fund(G),EQ-MNC,Unrated,1329.2,2.31,17-Jun-19,NIFTY MNC - TRI,19.02,19.75,16.7,-0.31,4.21,2.97,-0.88,29,22.17,-,-,95,64,49922,41.82,28.35,12.72,Automobile and Ancillaries,-,-,-,2.6,-0.08,-0.13,0.69,14.59,Equity : Thematic - MNC,-1.1,14.53,1% on or before 12M Nil after 12M
ICICI Prudential Mutual Fund,ICICI Pru Money Market Fund(G),DT-MM,4,11015.7,0.33,8-Mar-06,CRISIL Money Market Index,311.22,311.22,299.11,0.41,1.23,2.16,4.05,3.88,4.81,6,7.13,0,-,-,-,-,-,-,0.34,0.31,6.72,1.39,4.01,5.98,0.04,0.34,Debt : Money Market,3.75,4.5,Nil
ICICI Prudential Mutual Fund,ICICI Pru Multi-Asset Fund(G),HY-MULTI,Unrated,14227.2,1.85,31-Oct-02,NIFTY 200,455.06,459.05,397.63,0.37,6.53,1.64,6.89,33.96,19.53,12.98,15.1,47,51,195355,57.53,5.63,2.89,Financials,1.5,0.08,6.19,5.27,0.48,0.75,0.15,10.86,Hybrid : Multi Asset Allocation,1.62,13.98,Nil upto 30% of units and 1% for remaining units on or before 1Y Nil after 1Y
ICICI Prudential Mutual Fund,ICICI Pru Multicap Fund(G),EQ-MLC,3,6790.8,1.94,1-Oct-94,Nifty500 Multicap 50:25:25 - TRI,457.1,469.18,387.02,-0.01,7.16,3.68,-2.19,30.68,16.7,11.69,14.76,39,88,56614,40.33,27.35,26.22,Financials,-,-,-,1.39,-0.2,-0.3,0.86,16.93,Equity : Multi Cap,0.07,20.3,1% on or before 12M Nil after 12M
ICICI Prudential Mutual Fund,ICICI Pru NASDAQ 100 Index Fund(G),EQ-INTL,Unrated,304,1,18-Oct-21,Nasdaq-100,7.93,10.8,7.54,-3.26,-3.54,-13.93,-20.67,-,-,-,-,13,102,-,-,-,-,-,-,-,-,-19.4,-0.74,-1.2,0.33,30.99,Equity : International,-18.69,6,Nil
ICICI Prudential Mutual Fund,ICICI Pru Nifty 100 ETF,EQ-ETF,Unrated,44.8,0.47,20-Aug-13,NIFTY 100 - TRI,193.81,201.47,168.24,-1.13,7.37,1.64,-4.47,22.79,15.29,11.79,-,23,101,322358,98.21,1.69,-,Financials,-,-,-,0.38,-0.28,-0.44,0.98,18.17,Equity : ETFs,-3.32,12.35,Nil
ICICI Prudential Mutual Fund,ICICI Pru Nifty 100 Low Volatility 30 ETF,EQ-ETF,Unrated,1580.1,0.42,4-Jul-17,Nifty100 Low Volatility 30 - TRI,138.77,144.34,124.02,-0.49,3.81,1.43,-5.46,18.3,14.42,11.82,-,27,30,176039,93.87,6.13,-,FMCG,-,-,-,-2.75,-0.45,-0.72,0.78,15.61,Equity : ETFs,-3.32,12.35,null
ICICI Prudential Mutual Fund,ICICI Pru Nifty 100 Low Volatility 30 ETF FOF(G),EQ-ETF,Unrated,595.9,0.64,12-Apr-21,Nifty100 Low Volatility 30 - TRI,11.54,12.1,10.34,-1.41,3.33,0.57,-6.74,-,-,-,-,-,-,-,-,-,-,-,-,-,-,-7.36,-0.51,-0.82,1.11,15.57,Equity : ETFs,-3.32,12.35,Nil
ICICI Prudential Mutual Fund,ICICI Pru Nifty 200 Momentum 30 ETF,EQ-ETF,Unrated,3.1,0.3,4-Aug-22,Nifty200 Momentum 30 - TRI,19.67,20.39,18.33,-1.44,-,-,-,-,-,-,-,120,30,137269,86.1,13.8,-,Energy,-,-,-,-,-,-,-,-,Equity : ETFs,-3.32,12.35,null
ICICI Prudential Mutual Fund,ICICI Pru Nifty 200 Momentum 30 Index Fund-Reg(G),EQ-INDX,Unrated,11.5,0.99,5-Aug-22,Nifty200 Momentum 30 - TRI,10.59,10.99,10,-1.53,-,-,-,-,-,-,-,3,30,137310,85.69,13.74,-,Energy,-,-,-,-,-,-,-,-,Equity : Index Funds,-2.76,15.7,Nil
ICICI Prudential Mutual Fund,ICICI Pru Nifty 5 yr Benchmark G-SEC ETF,DT-M&LD,Unrated,23.6,0.2,7-Mar-22,Nifty 5 yr Benchmark G-Sec Index TRI,49.59,50.05,48.28,-0.01,0.93,0.88,-,-,-,-,-,0,-,-,-,-,-,-,4.67,3.81,7.3,-,-,-,-,-,Debt : Medium to Long Duration,1.11,4.88,null
ICICI Prudential Mutual Fund,ICICI Pru Nifty 50 ETF,EQ-ETF,Unrated,4052.8,0.05,20-Mar-13,NIFTY 50 - TRI,190.18,196.54,165.44,-0.24,7.73,2.78,-4.09,22.95,15.68,12.66,-,64,51,397416,99.99,-,-,Financials,-,-,-,0.91,-0.25,-0.41,0.99,18.16,Equity : ETFs,-3.32,12.35,Nil
ICICI Prudential Mutual Fund,ICICI Pru Nifty 50 Index Fund(G),EQ-INDX,4,3494.5,0.4,26-Feb-02,NIFTY 50 - TRI,172.58,179.03,150.35,-0.28,7.62,2.56,-4.52,22.34,15.1,11.93,12.4,12,51,397413,99.93,-,-,Financials,-,-,-,0.43,-0.28,-0.45,0.99,18.13,Equity : Index Funds,-2.76,15.7,Nil
ICICI Prudential Mutual Fund,ICICI Pru Nifty Alpha Low - Volatility 30 ETF,EQ-ETF,Unrated,309.8,0.42,12-Aug-20,NIFTY Alpha Low-Volatility 30 - TRI,173.21,182.46,147.67,0.74,7.91,1.19,-5.53,18.85,-,-,-,70,30,174932,95.9,4.1,-,FMCG,-,-,-,-2.67,-0.42,-0.65,0.81,17.22,Equity : ETFs,-3.32,12.35,null
ICICI Prudential Mutual Fund,ICICI Pru Nifty Alpha Low - Volatility 30 ETF FOF(G),FOF-DOM,Unrated,135.9,0.64,20-Sep-21,NIFTY Alpha Low-Volatility 30 - TRI,9.46,10.04,8.1,0.83,8.14,0.83,-6.23,-,-,-,-,-,-,-,-,-,-,-,-,-,-,-7.43,-0.49,-0.77,1.05,16.47,FoFs : Domestic,-3.72,13.95,Nil
ICICI Prudential Mutual Fund,ICICI Pru Nifty Auto ETF,EQ-ETF,Unrated,92.8,0.2,12-Jan-22,NIFTY AUTO - TRI,128.44,134.53,95.02,-1.74,2.8,19.36,-,-,-,-,-,158,15,105388,77.79,22.2,-,Automobile and Ancillaries,-,-,-,-,-,-,-,-,Equity : ETFs,-3.32,12.35,null
ICICI Prudential Mutual Fund,ICICI Pru Nifty Auto Index Fund-Reg(G),EQ-AUTO,Unrated,-,-,11-Oct-22,NIFTY AUTO - TRI,10.16,10.17,9.97,-,-,-,-,-,-,-,-,-,-,-,-,-,-,-,-,-,-,-,-,-,-,-,Equity : Sectoral - Auto,-2.64,16.25,Nil
ICICI Prudential Mutual Fund,ICICI Pru Nifty Bank ETF,EQ-ETF,Unrated,3884.7,0.15,10-Jul-19,NIFTY BANK - TRI,40.48,410.87,37.75,-1.14,14.24,10.55,2.23,29.52,11.5,-,-,41,13,363654,93.64,6.35,-,Financials,-,-,5.27,8.97,0.13,0.2,1.1,22.44,Equity : ETFs,-3.32,12.35,null
ICICI Prudential Mutual Fund,ICICI Pru Nifty Bank Index Fund-Reg(G),EQ-INDX,Unrated,78.4,1,2-Mar-22,NIFTY BANK - TRI,11.36,11.68,9.21,-1.22,13.77,9.73,-,-,-,-,-,52,12,363665,93.28,6.33,-,Financials,-,-,-,-,-,-,-,-,Equity : Index Funds,-2.76,15.7,Nil
ICICI Prudential Mutual Fund,ICICI Pru Nifty Consumption ETF,EQ-ETF,Unrated,13.3,0.2,28-Oct-21,Nifty India Consumption - TRI,78.24,81.95,62.8,-1.47,6.57,11.05,-,-,-,-,-,356,30,195619,92.47,7.52,-,FMCG,-,-,-,-,-,-,-,-,Equity : ETFs,-3.32,12.35,null
ICICI Prudential Mutual Fund,ICICI Pru Nifty FMCG ETF,EQ-ETF,Unrated,38,0.2,5-Aug-21,NIFTY FMCG - TRI,447.36,459.54,339.78,1.2,5.42,14.91,7.23,-,-,-,-,46,15,216611,91.76,7.17,1.05,FMCG,-,-,-,10.05,0.36,0.61,0.69,17.26,Equity : ETFs,-3.32,12.35,null
ICICI Prudential Mutual Fund,ICICI Pru Nifty G-Sec Dec 2030 Index Fund-Reg(G),DT-M&LD,Unrated,-,-,11-Oct-22,Nifty G-Sec Dec 2030 Index,10.02,10.03,9.98,-,-,-,-,-,-,-,-,-,-,-,-,-,-,-,-,-,-,-,-,-,-,-,Debt : Medium to Long Duration,1.11,4.88,Nil
ICICI Prudential Mutual Fund,ICICI Pru Nifty Healthcare ETF,EQ-ETF,Unrated,85.8,0.15,18-May-21,Nifty Healthcare Index - TRI,83.14,89.77,73.33,5.62,4.34,-3.67,-8.06,-,-,-,-,159,20,70061,67.59,29.33,3.07,Healthcare,-,-,-,-6.98,-0.58,-0.99,0.63,17.98,Equity : ETFs,-3.32,12.35,null
ICICI Prudential Mutual Fund,ICICI Pru Nifty Infrastructure ETF,EQ-ETF,Unrated,7.6,0.5,17-Aug-22,Nifty Infrastructure - TRI,51.19,55.52,49.58,-3.32,-,-,-,-,-,-,-,125,30,225138,89.66,10.26,-,Energy,-,-,-,-,-,-,-,-,Equity : ETFs,-3.32,12.35,null
ICICI Prudential Mutual Fund,ICICI Pru Nifty IT ETF,EQ-ETF,Unrated,1189.5,0.2,17-Aug-20,NIFTY IT - TRI,29.02,401.13,27.47,6.06,4.01,-12.55,-20.58,16.42,-,-,-,91,10,290733,85.24,14.76,-,Technology,-,-,-,-15.72,-0.86,-1.33,1.02,24.88,Equity : ETFs,-3.32,12.35,null
ICICI Prudential Mutual Fund,ICICI Pru Nifty IT Index Fund-Reg(G),EQ-INDX,Unrated,25.8,0.95,18-Aug-22,NIFTY IT - TRI,9.35,10,8.87,5.74,-,-,-,-,-,-,-,10,10,290915,85.22,14.73,-,Technology,-,-,-,-,-,-,-,-,Equity : Index Funds,-2.76,15.7,Nil
ICICI Prudential Mutual Fund,ICICI Pru Nifty Midcap 150 ETF,EQ-ETF,Unrated,154.9,0.15,24-Jan-20,Nifty Midcap 150 - TRI,119.49,124.58,97.17,-1.68,9.48,3.43,-3.3,35.84,-,-,-,197,150,30994,8.08,87.47,4.4,Financials,-,-,-,2.09,-0.15,-0.23,0.93,20.32,Equity : ETFs,-3.32,12.35,null
ICICI Prudential Mutual Fund,ICICI Pru Nifty Midcap 150 Index Fund-Reg(G),EQ-INDX,Unrated,80.5,1,22-Dec-21,Nifty Midcap 150 - TRI,10.38,10.83,8.47,-1.8,9.12,2.91,-,-,-,-,-,50,150,30993,8.08,87.35,4.4,Financials,-,-,-,-,-,-,-,-,Equity : Index Funds,-2.76,15.7,Nil
ICICI Prudential Mutual Fund,ICICI Pru Nifty Next 50 ETF,EQ-ETF,Unrated,313.8,0.1,23-Aug-18,NIFTY NEXT 50 - TRI,43.17,46.78,36.37,-4.82,6.5,-2.64,-5.03,24.71,15.18,-,-,62,50,83364,88.06,11.9,-,Financials,-,-,-,-0.38,-0.27,-0.41,0.95,20.6,Equity : ETFs,-3.32,12.35,null
ICICI Prudential Mutual Fund,ICICI Pru Nifty Next 50 Index Fund(G),EQ-INDX,4,2416.2,0.73,25-Jun-10,NIFTY NEXT 50 - TRI,36.93,40.04,31.18,-4.88,6.32,-2.96,-5.73,23.69,14.13,7.77,14.1,56,50,83361,88,11.9,-,Financials,-,-,-,-1.13,-0.31,-0.47,0.95,20.58,Equity : Index Funds,-2.76,15.7,Nil
ICICI Prudential Mutual Fund,ICICI Pru Nifty Private Bank ETF,EQ-ETF,Unrated,2374.4,0.15,9-Aug-19,Nifty Private Bank - TRI,207.71,211.78,162.39,-0.51,17.25,12.77,1.71,25.24,8.43,-,-,24,11,266302,88.34,7.83,3.83,Financials,-,-,3.14,8.72,0.11,0.17,1.12,23.15,Equity : ETFs,-3.32,12.35,null
ICICI Prudential Mutual Fund,ICICI Pru Nifty PSU Bond Plus SDL Sep 2027 40:60 Index Fund-Reg(G),DT-M&LD,Unrated,6031.4,0.35,28-Sep-21,Nifty PSU Bond Plus SDL Sep 2027 40:60 Index,10.09,10.17,9.81,-0.25,0.85,0.87,0.8,-,-,-,-,0,-,-,-,-,-,-,4.71,3.84,7.48,-1.69,-0.7,-0.91,0.62,2.82,Debt : Medium to Long Duration,1.11,4.88,Nil
ICICI Prudential Mutual Fund,ICICI Pru Nifty SDL Dec 2028 Index Fund-Reg(G),DT-M&LD,Unrated,-,-,12-Oct-22,Nifty SDL Dec 2028 Index,10.05,10.05,10,-,-,-,-,-,-,-,-,-,-,-,-,-,-,-,-,-,-,-,-,-,-,-,Debt : Medium to Long Duration,1.11,4.88,Nil
ICICI Prudential Mutual Fund,ICICI Pru Nifty SDL Sep 2027 Index Fund-Reg(G),DT-M&LD,Unrated,753.7,0.3,24-Mar-22,Nifty SDL Apr 2027 Index,10,10.06,9.67,-0.04,1.07,1.22,-,-,-,-,-,0,-,-,-,-,-,-,4.78,3.92,7.48,-,-,-,-,-,Debt : Medium to Long Duration,1.11,4.88,Nil
ICICI Prudential Mutual Fund,ICICI Pru Nifty Smallcap 250 Index Fund(G),EQ-INDX,Unrated,59.7,1,2-Nov-21,Nifty Smallcap 250 - TRI,9.51,10.7,7.8,-1.64,9.55,-4.43,-,-,-,-,-,42,250,9018,-,2.98,97.12,Financials,-,-,-,-,-,-,-,-,Equity : Index Funds,-2.76,15.7,Nil
ICICI Prudential Mutual Fund,ICICI Pru Nifty50 Equal Weight Index Fund-Reg(G),EQ-INDX,Unrated,-,-,3-Oct-22,NIFTY50 Equal Weight - TRI,10.21,10.23,10,-,-,-,-,-,-,-,-,-,-,-,-,-,-,-,-,-,-,-,-,-,-,-,Equity : Index Funds,-2.76,15.7,Nil
ICICI Prudential Mutual Fund,ICICI Pru Nifty50 Value 20 ETF,EQ-ETF,Unrated,54.6,0.12,17-Jun-16,Nifty50 Value 20 - TRI,95.14,101.88,83.87,1.82,5.96,-0.65,-4.67,25.2,18.63,16.4,-,19,21,321199,99.83,-,-,Technology,-,-,-,0.05,-0.27,-0.43,0.86,17.75,Equity : ETFs,-3.32,12.35,null
ICICI Prudential Mutual Fund,ICICI Pru Overnight Fund(G),DT-ON,3,15769.5,0.19,15-Nov-18,CRISIL Overnight Index,1171.36,1171.36,112.59,0.47,1.32,2.36,4.04,3.52,3.56,-,-,0,-,-,-,-,-,-,0.01,0.01,6.09,0.53,5.37,6.88,-,0.1,Debt : Overnight,4.1,3.6,Nil
ICICI Prudential Mutual Fund,ICICI Pru Passive Multi-Asset FoF(G),FOF-DOM,Unrated,858.7,0.51,14-Jan-22,CRISIL Hybrid 50+50 - Moderate Index,10.05,10.26,9.47,0.51,3.06,-0.21,-,-,-,-,-,-,1,-,-,-,-,-,-,-,-,-,-,-,-,-,FoFs : Domestic,-3.72,13.95,1% on or before 12M Nil after 12M
ICICI Prudential Mutual Fund,ICICI Pru Passive Strategy Fund(FOF)(G),FOF-DOM,Unrated,87.2,0.33,18-Dec-03,NIFTY 200 - TRI,101.45,103.73,86.11,2.08,10.05,4.72,-3.11,26.07,15,10.66,11.36,8,-,-,-,-,-,-,-,-,-,-3.15,-0.23,-0.36,1.09,16.42,FoFs : Domestic,-3.72,13.95,1% on or before 15D Nil after 15D
ICICI Prudential Mutual Fund,ICICI Pru Pharma Healthcare & Diagnostics (P.H.D) Fund-(G),EQ-PHRM,4,2536.8,2.09,13-Jul-18,S&P BSE Health Care - TRI,19.25,20.95,17.6,2.99,1.74,-2.62,-9.26,9.93,25.87,-,-,50,30,38492,42.41,30.88,21.77,Healthcare,-,-,-,-9.12,-0.82,-1.34,0.55,14.9,Equity : Sectoral - Pharma,-7.13,24.5,1% on or before 15D Nil after 15D
ICICI Prudential Mutual Fund,ICICI Pru PSU Equity Fund-Reg(G),EQ-INDX,Unrated,1221.2,2.4,12-Sep-22,S&P BSE PSU - TRI,10.02,10.09,9.76,0.3,-,-,-,-,-,-,-,-,16,125545,46.4,7.01,5.06,Energy,-,-,-,-,-,-,-,-,Equity : Index Funds,-2.76,15.7,1% on or before 1M Nil after 1M
ICICI Prudential Mutual Fund,ICICI Pru Quant Fund(G),EQ-THEM,Unrated,62.8,1.24,11-Dec-20,S&P BSE 200 - TRI,14.13,15.01,12.64,0.64,5.37,-0.84,-7.11,-,-,-,-,165,36,158443,68.49,20.74,-,Financials,-,-,-,-4.13,-0.54,-0.85,0.77,15.37,Equity : Thematic,7.27,15.07,1% on or before 3M Nil after 3M
ICICI Prudential Mutual Fund,ICICI Pru Regular Gold Savings Fund(FOF)(G),GOLD-MF,Unrated,665,0.51,11-Oct-11,Gold-India,16.24,17.4,15.47,2.07,-0.91,-6.29,5.22,-1.69,8.09,9.38,3.52,0,-,-,-,-,-,-,0.02,0.02,7.58,1.49,0.15,0.27,-0.66,11.94,Gold : MFs,3.72,7.87,1% on or before 15D Nil after 15D
ICICI Prudential Mutual Fund,ICICI Pru Regular Savings Fund(G),HY-DT(CO),3,3292.1,1.75,30-Mar-04,NIFTY 50 Hybrid Composite Debt 15:85 Index,57.34,57.7,54.39,-0.15,2.83,2.66,3.5,9.05,9.04,8.09,10.01,47,23,213715,14.69,2.84,0.7,Financials,4.54,1.54,7.43,1.13,0.24,0.38,0.38,4.01,Hybrid : Debt Oriented (Conservative),0.59,9.76,Nil on 10% of units within 1Y and 1% for more than 10% of units within 1Y Nil after 1Y
ICICI Prudential Mutual Fund,ICICI Pru Retirement Fund-Hybrid Aggressive Plan(G),HY-SOL,3,153.7,2.54,27-Feb-19,CRISIL Hybrid 35+65 - Aggressive Index,14.91,15.56,13.38,-1.71,4.55,2.05,-1.26,19.79,13.06,-,-,59,47,74590,48.86,15.9,10.66,Financials,9.3,2.95,6.75,-2.42,-0.24,-0.37,0.78,12.06,Hybrid : Solution Oriented,-1.53,19.02,Nil
ICICI Prudential Mutual Fund,ICICI Pru Retirement Fund-Hybrid Cons Plan(G),HY-SOL,Unrated,65.8,2.13,27-Feb-19,NIFTY 50 Hybrid Composite Debt 15:85 Index,12.83,13.06,12.25,-0.64,2.73,0.9,0.75,6.08,6.94,-,-,26,32,55577,16.51,6.36,4.43,Media and Communications,8.75,2.58,6.87,-1.59,-0.48,-0.75,0.42,3.75,Hybrid : Solution Oriented,-1.53,19.02,Nil
ICICI Prudential Mutual Fund,ICICI Pru Retirement Fund-Pure Debt Plan(G),HY-SOL,1,200.7,2.16,27-Feb-19,NIFTY Composite Debt Index,12.6,12.63,12.24,0.03,1.54,1.6,2.17,3.1,5.48,-,-,0,-,-,-,-,-,-,5.81,2.02,7.27,-0.43,-0.35,-0.54,0.39,1.75,Hybrid : Solution Oriented,-1.53,19.02,Nil
ICICI Prudential Mutual Fund,ICICI Pru Retirement Fund-Pure Equity Plan(G),HY-SOL,4,190.8,2.57,27-Feb-19,NIFTY 500 - TRI,17.08,17.91,15.17,-1.89,4.26,0.76,6.33,32.22,18.6,-,-,105,49,63894,54.42,18.56,16.96,Healthcare,0.01,0.01,5.27,6,0.31,0.55,0.92,17.58,Hybrid : Solution Oriented,-1.53,19.02,Nil
ICICI Prudential Mutual Fund,ICICI Pru S&P BSE 500 ETF,EQ-ETF,Unrated,66.7,0.29,9-May-18,S&P BSE 500 - TRI,25.15,256.57,21.54,-1.25,8,1.79,-3.98,25.99,17.89,-,-,67,501,176084,77.87,14.45,7.55,Financials,-,-,-,0.91,-0.24,-0.38,0.97,18.27,Equity : ETFs,-3.32,12.35,null
ICICI Prudential Mutual Fund,ICICI Pru S&P BSE 500 ETF FOF-Reg(G),FOF-DOM,Unrated,25.7,0.57,1-Dec-21,S&P BSE 500 - TRI,10.28,10.67,8.8,-1.83,8.2,1.37,-,-,-,-,-,-,-,-,-,-,-,-,-,-,-,-,-,-,-,-,FoFs : Domestic,-3.72,13.95,Nil
ICICI Prudential Mutual Fund,ICICI Pru S&P BSE Liquid Rate ETF,DT-ETF,Unrated,5255.5,0.25,25-Sep-18,S&P BSE Liquid Rate Index,1000,1000,1000,0.43,1.27,2.29,3.93,3.25,3.08,-,-,0,-,-,-,-,-,-,0.01,0.01,6.05,0.43,4.57,5.84,-,0.1,Debt : ETFs,-3.32,12.35,null
ICICI Prudential Mutual Fund,ICICI Pru S&P BSE Midcap Select ETF,EQ-ETF,Unrated,28.2,0.15,4-Jul-16,S&P BSE MidCap Select Index - TRI,105.18,111.67,88.83,-1.4,7.25,0.25,-6,27.66,18.59,7.89,-,49,30,45840,36.13,63.64,-,Financials,-,-,-,-0.28,-0.27,-0.4,1,21.81,Equity : ETFs,-3.32,12.35,null
ICICI Prudential Mutual Fund,ICICI Pru S&P BSE Sensex ETF,EQ-ETF,Unrated,750.6,0.05,10-Jan-03,S&P BSE SENSEX - TRI,649.3,666.33,562.51,0.21,8.42,4.08,-3.35,22.22,15.79,13.84,13.34,74,30,483564,99.99,-,-,Financials,-,-,-,1.74,-0.21,-0.34,1,18.27,Equity : ETFs,-3.32,12.35,Nil
ICICI Prudential Mutual Fund,ICICI Pru S&P BSE Sensex Index Fund(G),EQ-INDX,3,626.6,0.29,21-Sep-17,S&P BSE SENSEX - TRI,18.83,19.4,16.33,0.18,8.32,3.92,-3.74,21.65,15.45,13.34,-,12,30,483563,99.9,-,-,Financials,-,-,-,1.31,-0.23,-0.38,1,18.22,Equity : Index Funds,-2.76,15.7,Nil
ICICI Prudential Mutual Fund,ICICI Pru Savings Fund(G),DT-LOWD,5,22072.4,0.52,27-Sep-02,CRISIL Low Duration Debt Index,443.84,443.83,428.61,0.47,2.08,2.33,3.47,4.28,5.66,6.48,7.72,0,-,-,-,-,-,-,5.59,0.78,7.07,0.86,0.87,1.58,0.09,0.93,Debt : Low Duration,3.28,4.97,Nil
ICICI Prudential Mutual Fund,ICICI Pru Short Term Fund(G),DT-SD,5,14686.2,1.12,25-Oct-01,Nifty Short Duration Debt Index,49,49.01,47.25,0.33,1.85,2.72,3.74,4.32,6.44,6.62,7.82,0,-,-,-,-,-,-,4.89,1.45,7.35,1.18,0.82,1.23,0.28,1.29,Debt : Short Duration,2.89,5.39,Nil
ICICI Prudential Mutual Fund,ICICI Pru Silver ETF,GOLD-ETF,Unrated,559.8,0.4,24-Jan-22,Silver,56.93,73.9,53.17,1.35,2.16,-20.57,-,-,-,-,-,-,-,-,-,-,-,-,-,-,-,-,-,-,-,-,Gold : ETFs,-3.32,12.35,null
ICICI Prudential Mutual Fund,ICICI Pru Silver ETF FOF(G),FOF-DOM,Unrated,289.1,0.79,1-Feb-22,Silver,9.01,11.45,8.51,1.51,0.02,-19.91,-,-,-,-,-,-,-,-,-,-,-,-,-,-,-,-,-,-,-,-,FoFs : Domestic,-3.72,13.95,1% on or before 15D Nil after 15D
ICICI Prudential Mutual Fund,ICICI Pru Smallcap Fund(G),EQ-SML,3,4235.5,2.08,18-Oct-07,Nifty Smallcap 250 - TRI,53.65,55.53,45.63,-1.29,5.64,5.24,1.63,43.76,28.98,14.78,16.73,36,53,6932,2.29,5.91,81.94,Consumer Durables,-,-,-,4.71,0.04,0.06,0.73,17.74,Equity : Small Cap,2.94,30.51,1% on or before 1Y NIL after 1Y
ICICI Prudential Mutual Fund,ICICI Pru Strategic Metal and Energy Equity FoF-Reg(G),FOF-OVR,Unrated,73.8,1.42,2-Feb-22,NYSE Arca Gold Miners Index,12.05,13.93,9.92,3.89,11.12,-6.77,-,-,-,-,-,-,-,-,-,-,-,-,-,-,-,-,-,-,-,-,FoFs : Overseas,-21.18,4.44,1% on or before 1Y Nil after 1Y
ICICI Prudential Mutual Fund,ICICI Pru Technology Fund(G),EQ-TECH,Unrated,8693.4,2.08,3-Mar-00,S&P BSE TECk Index - TRI,131.13,175.81,123.91,3.82,3.12,-11.14,-20.3,24.85,30.71,25.52,21.42,77,49,249361,76.78,4.23,6.99,Technology,-,-,-,-16.98,-1.03,-1.57,0.91,21.34,Equity : Sectoral - Technology,-17.82,26.86,1% on or before 15D NIL after 15D
ICICI Prudential Mutual Fund,ICICI Pru Thematic Advantage Fund(FOF)(G),FOF-DOM,Unrated,770.3,1.58,18-Dec-03,NIFTY 200 - TRI,131.67,134.46,115.95,0.19,6.33,1.86,-1.63,35.53,24.34,13.66,13.2,43,-,-,-,-,-,-,-,-,-,-2.52,-0.22,-0.35,0.69,13.27,FoFs : Domestic,-3.72,13.95,1% on or before 1Y NIL After 1Y
ICICI Prudential Mutual Fund,ICICI Pru Transportation and Logistics Fund-Reg(G),EQ-AUTO,Unrated,-,-,-,Nifty Transportation & Logistics - TRI,-,-,-,-,-,-,-,-,-,-,-,-,-,-,-,-,-,-,-,-,-,-,-,-,-,-,Equity : Sectoral - Auto,-2.64,16.25,1% on or before 1M Nil after 1M
ICICI Prudential Mutual Fund,ICICI Pru Ultra Short Term Fund Fund(G),DT-USD,5,12245.5,0.87,3-May-11,CRISIL Ultra Short Term Debt Index,22.92,22.92,22.06,0.37,1.15,2.09,3.92,4.06,5.09,6.08,7.46,0,9,-,-,-,-,-,0.39,0.34,6.92,1.26,4.22,6.8,0.04,0.29,Debt : Ultra Short Duration,3.68,4.48,Nil
ICICI Prudential Mutual Fund,ICICI Pru US Bluechip Equity Fund(G),EQ-INTL,Unrated,2160.5,2.18,6-Jul-12,S&P 500 ,40.33,47.45,38.72,-1.92,-2.8,-9.21,-13.45,7.69,11.29,13.16,14.22,78,52,-,-,-,-,-,-,-,-,-12.57,-0.63,-1.04,0.28,24.33,Equity : International,-18.69,6,1% on or before 1M Nil after 1M
ICICI Prudential Mutual Fund,ICICI Pru Value Discovery Fund(G),EQ-VAL,4,25195.9,1.74,16-Aug-04,NIFTY 500 - TRI,262.22,266.9,228.21,0.74,7.23,0.68,2.22,33.11,23.4,13.49,17.14,66,71,129741,70.04,7.21,7.65,Financials,-,-,-,5.22,0.08,0.13,0.72,14.96,Equity : Value / Contra,3.04,21.88,1% on or before 12M Nil after 12M
IDBI Mutual Fund,IDBI Banking & Financial Services Fund-Reg(G),EQ-FIN,Unrated,86.4,2.52,4-Jun-18,Nifty Financial Services - TRI,13.63,14.65,11.21,-1.88,11.48,6.25,-4.63,21.39,9.03,-,-,2,19,321474,90.8,4.98,2.91,Financials,-,-,-,1.69,-0.21,-0.32,1.12,21.93,Equity : Sectoral - Financial Services,-1.79,11.01,1% on or before 12M
IDBI Mutual Fund,IDBI Credit Risk Fund(G),DT-CR,Unrated,29.6,1.35,3-Mar-14,NIFTY Credit Risk Bond Index,15.42,15.44,14.99,0.04,1.08,1.12,2.5,9.69,3.29,2.78,-,0,-,-,-,-,-,-,2.93,2.26,7.58,0.13,-0.02,-0.02,0.32,1.86,Debt : Credit Risk,3.6,5.53,Nil upto 10% of units and 1% for remaining units on or before 12M Nil after 12M
IDBI Mutual Fund,IDBI Dividend Yield Fund-Reg(G),EQ-DIV,Unrated,91,2.51,21-Dec-18,NIFTY 500 - TRI,17.18,18.34,14.6,-0.81,8.23,0.58,-5.33,21.75,17.39,-,-,3,38,111665,61.49,24.63,10.73,Energy,-,-,-,-0.45,-0.3,-0.46,0.85,17.17,Equity : Thematic - Dividend Yield,-1.06,18.75,Nil upto 10% of units and 1% for excess units on or before 12M Nil after 12M
IDBI Mutual Fund,IDBI Dynamic Bond(G),DT-DYN,Unrated,16.6,1.17,21-Feb-12,CRISIL Dynamic Debt Index,18.14,18.19,17.64,-0.06,1.51,1.47,1.36,3.6,5.74,4.67,5.45,0,-,-,-,-,-,-,4.04,3.38,6.56,-1.34,-0.64,-0.9,0.58,2.52,Debt : Dynamic Bond,2.02,5.08,Nil
IDBI Mutual Fund,IDBI Equity Advantage Fund-Reg(G),EQ-ELSS,1,481.6,2.43,10-Sep-13,NIFTY 500 - TRI,39.05,40.46,32.9,-0.59,10,2.72,-3.16,22.69,12.12,9.15,-,2,41,164995,80.46,14.95,3.65,Financials,-,-,-,1.76,-0.2,-0.31,0.98,18.72,Equity : Tax Saving (ELSS),-1.86,16.69,Nil
IDBI Mutual Fund,IDBI Equity Savings Fund(G),HY-EQ,Unrated,11.2,2.14,7-Mar-11,NIFTY 50 Equity Savings Index,21.16,21.48,19.8,-0.05,3.03,1.22,-0.96,10.03,7.57,5.77,6.42,385,27,194438,60.71,7.51,3.37,Financials,0.07,0.04,6.04,-3.15,-0.43,-0.67,0.49,7.93,Hybrid : Equity Oriented,1.35,8.53,1% on or before 12M Nil after 12M
IDBI Mutual Fund,IDBI Flexi Cap Fund(G),EQ-FLEX,3,374.3,2.52,28-Mar-14,NIFTY 500 - TRI,35.28,36.88,29.35,-1.23,10.08,3.19,-2.84,26.61,17.34,11.85,-,13,50,139852,76.88,15.81,6.53,Financials,-,-,-,1.69,-0.2,-0.31,0.96,18.33,Equity : Flexi Cap,-2.7,16.46,1% on or before 12M
IDBI Mutual Fund,IDBI Focused 30 Equity Fund-Reg(G),EQ-LC,3,129.5,2.52,17-Nov-17,NIFTY 500 - TRI,15.23,16.14,13.16,-0.33,7.41,2.22,-5.93,21.96,15.14,-,-,1,27,306894,89.01,3.57,5.62,Financials,-,-,-,-1.56,-0.38,-0.61,0.96,17.96,Equity : Large Cap,-3.51,14.3,1% on or before 12M
IDBI Mutual Fund,IDBI Gilt Fund(G),DT-GILT,Unrated,7.8,1.17,21-Dec-12,CRISIL Dynamic Gilt Index,17.65,17.69,17.04,0.02,2.16,2.07,1.71,2.11,3.87,4.13,-,0,-,-,-,-,-,-,4.46,3.76,5.76,-0.93,-0.41,-0.64,0.78,3.15,Debt : Gilt,1.22,5.04,Nil
IDBI Mutual Fund,IDBI Gold ETF,GOLD-ETF,Unrated,86.7,0.35,9-Nov-11,Gold-India,4591.57,5067.5,4372.92,1.82,-1.24,-6.41,5.6,-1.27,8.39,10.37,4.07,-,-,-,-,-,-,-,-,-,-,2.09,0.17,0.3,-0.41,13.47,Gold : ETFs,-3.32,12.35,Nil
IDBI Mutual Fund,IDBI Gold Fund(G),GOLD-MF,Unrated,39.7,0.67,14-Aug-12,Gold-India,13.62,14.59,12.92,0.93,-1.91,-7.84,4.32,-0.56,7.96,9.43,2.82,-,-,-,-,-,-,-,-,-,-,0.86,0.07,0.13,-0.73,16.95,Gold : MFs,3.72,7.87,1% on or before 12M Nil after 12M
IDBI Mutual Fund,IDBI Healthcare Fund-Reg(G),EQ-PHRM,Unrated,60.3,2.52,28-Feb-19,S&P BSE Health Care - TRI,17.26,19.24,15.62,3.18,1.71,-5.49,-13.21,5.73,20.07,-,-,1,25,55889,58.35,27.03,12.03,Healthcare,-,-,-,-12.95,-1,-1.63,0.61,16.43,Equity : Sectoral - Pharma,-7.13,24.5,1% on or before 12M Nil after 12M
IDBI Mutual Fund,IDBI Hybrid Equity Fund(G),HY-EQ,3,181.5,2.53,24-Oct-16,CRISIL Hybrid 35+65 - Aggressive Index,15.59,16.75,14.08,-0.84,5.11,-0.6,-7.71,14.28,11.06,5.78,-,144,42,176914,53.04,15.73,3.37,Financials,4.06,3.28,6.33,-9.25,-0.73,-1.11,0.88,13.37,Hybrid : Equity Oriented,1.35,8.53,1% on or Before 12M Nil after 12M
IDBI Mutual Fund,IDBI India Top 100 Equity Fund(G),EQ-LC,4,602.1,2.47,15-May-12,NIFTY 100 - TRI,39.86,41.44,34.09,-0.52,8.65,2.55,-5.1,24.3,16.73,10.68,13.3,17,59,227776,84.7,11.44,2.67,Financials,-,-,-,-0.33,-0.31,-0.5,0.99,18.57,Equity : Large Cap,-3.51,14.3,1% on or before 1YNil after 1Y
IDBI Mutual Fund,IDBI Liquid Fund(G),DT-LIQ,5,766.1,0.17,9-Jul-10,Crisil Liquid Fund Index,2332.28,2332.28,2237.16,0.46,1.34,2.42,4.25,3.8,4.18,5.35,6.76,0,-,-,-,-,-,-,0.12,0.12,6.49,0.13,1.18,1.21,0.01,0.09,Debt : Liquid,4.1,3.86,0.007% for Day 1 0.0065% on Day 2 0.0060% on Day 3 0.0055% on Day 4 0.0050% on Day 5 0.0045% on Day 6 NIL on or after 7D
IDBI Mutual Fund,IDBI Long Term Value Fund-Reg(G),EQ-VAL,2,96.6,2.53,20-Aug-18,NIFTY 500 - TRI,15.73,16.67,13.68,-1.01,6.44,0.13,-6.99,23.58,15.5,-,-,23,48,152741,68.95,23.53,5.64,Financials,-,-,-,-1.94,-0.4,-0.61,0.98,18.68,Equity : Value / Contra,3.04,21.88,Nil upto 10% of units and in excess of limits 1% on or before 12M Nil after 12M
IDBI Mutual Fund,IDBI Midcap Fund(G),EQ-MID,2,193.8,2.52,25-Jan-17,Nifty Midcap 150 - TRI,16.93,18.56,14.22,-2.36,7,1.68,-10.97,25.03,18.25,7.51,-,23,63,30978,18.8,68.29,11.53,Financials,-,-,-,-6.48,-0.58,-0.87,0.94,20.18,Equity : Mid Cap,0.53,23.53,1% on or before 12M
IDBI Mutual Fund,IDBI Nifty Index Fund(G),EQ-INDX,2,191.4,0.9,25-Jun-10,NIFTY 50 - TRI,32.23,33.53,28.14,-0.35,7.4,2.28,-4.93,21.38,14.32,11.24,11.53,7,50,397434,99.92,-,-,Financials,-,-,-,-0.03,-0.3,-0.49,0.99,18.11,Equity : Index Funds,-2.76,15.7,Nil
IDBI Mutual Fund,IDBI Nifty Junior Index Fund(G),EQ-INDX,Unrated,57,0.9,20-Sep-10,NIFTY NEXT 50 - TRI,31.4,33.97,26.46,-4.68,6.55,-2.72,-5.45,23.84,14.06,7.54,13.63,43,50,83466,87.73,11.83,-,Financials,-,-,-,-0.88,-0.3,-0.45,0.94,20.49,Equity : Index Funds,-2.76,15.7,Nil
IDBI Mutual Fund,IDBI Small Cap Fund(G),EQ-SML,2,153.8,2.6,21-Jun-17,Nifty Smallcap 250 - TRI,18.69,19.81,15.26,-2.35,12.4,5.42,5.84,44.43,27.57,12.62,-,13,52,12377,2,32.67,62.34,Capital Goods,-,-,-,10.23,0.32,0.48,0.75,19.13,Equity : Small Cap,2.94,30.51,1% on or before 12M
IDBI Mutual Fund,IDBI ST Bond(G),DT-SD,Unrated,33.1,0.75,23-Mar-11,Crisil Short Term Bond Fund Index,22.66,22.67,22.15,0.13,1.1,1.31,2.27,7.41,7.21,6.01,6.93,0,-,-,-,-,-,-,2.41,1.97,6.95,-0.3,-0.31,-0.43,0.33,1.5,Debt : Short Duration,2.89,5.39,Nil
IDBI Mutual Fund,IDBI Ultra ST(G),DT-USD,4,217.1,0.44,3-Sep-10,CRISIL Ultra Short Term Debt Index,2305.92,2305.92,2219.59,0.45,1.26,2.17,3.87,4.06,4.54,5.39,6.69,0,-,-,-,-,-,-,0.36,0.3,6.86,1.21,4.09,6.36,0.04,0.29,Debt : Ultra Short Duration,3.68,4.48,Nil
IDFC Mutual Fund,IDFC All Seasons Bond Fund-Reg(G),FOF-DOM,Unrated,136.7,0.53,13-Sep-04,NIFTY Medium Duration Debt Index,35.94,35.96,35.13,0.2,0.91,1.15,2.33,3.08,5.6,6.35,7.51,0,38,-,-,-,-,-,1.33,1.18,6.94,-0.3,-0.4,-0.56,0.24,1.03,FoFs : Domestic,-3.72,13.95,Nil
IDFC Mutual Fund,IDFC Arbitrage Fund-Reg(G),HY-ARB,2,4019.6,1.05,21-Dec-06,Nifty 50 Arbitrage,26.94,26.94,25.98,0.42,1.13,1.89,3.6,3.62,3.7,4.76,6.11,1425,152,87914,43.54,19.47,3.63,Financials,-,-,-,0.81,0.96,1.97,-0.01,0.86,Hybrid : Arbitrage,3.56,3.65,0.25% on or before 1M
IDFC Mutual Fund,IDFC Asset Alloc FoF-Aggr-Reg(G),FOF-DOM,Unrated,15.2,1.36,11-Feb-10,CRISIL Hybrid 35+65 - Aggressive Index,31.15,32.59,27.97,-0.61,4.86,1.31,-3.74,14.58,10.81,6.84,9.33,0,-,-,-,-,-,-,5.79,4.13,7.45,-5.12,-0.44,-0.7,0.77,12.39,FoFs : Domestic,-3.72,13.95,Nil upto 10% of investment and 1% for remaining investment on or before 365D Nil after 365D
IDFC Mutual Fund,IDFC Asset Alloc FoF-Cons-Reg(G),FOF-DOM,Unrated,8.9,0.83,11-Feb-10,CRISIL Hybrid 85+15 - Conservative Index,26.21,26.44,24.91,-0.03,2.42,1.48,0.2,6.08,6.13,5.83,7.98,0,-,-,-,-,-,-,4.04,2.9,7.06,-1.99,-0.42,-0.67,0.47,5.21,FoFs : Domestic,-3.72,13.95,Nil upto 10% of investment and 1% for remaining investment on or before 365D Nil after 365D
IDFC Mutual Fund,IDFC Asset Alloc FoF-Mod-Reg(G),FOF-DOM,Unrated,17.4,1,11-Feb-10,NIFTY 50 Hybrid Composite Debt 50:50 Index,29.25,30.11,27.02,-0.38,3.66,1.19,-2.29,10.27,8.4,6.49,8.73,0,-,-,-,-,-,-,5.42,3.88,7.42,-4.13,-0.5,-0.78,0.63,8.81,FoFs : Domestic,-3.72,13.95,Nil upto 10% of investment and 1% for remaining investment on or before 365D Nil after 365D
IDFC Mutual Fund,IDFC Balanced Advantage Fund-Reg(G),HY-DYN,3,2983.6,1.96,10-Oct-14,NIFTY 50 Hybrid Composite Debt 50:50 Index,18.06,18.58,16.32,0.07,5.24,1.91,-2.01,10.03,9.69,7.73,-,277,45,215843,56.55,7.42,2.88,Financials,1.45,1.27,6.68,-3.91,-0.45,-0.7,0.73,9.55,Hybrid : Dynamic Asset Allocation,1.18,10.47,Nil for 10% of investment and for remaining investment 1% on or before 1Y
IDFC Mutual Fund,IDFC Banking & PSU Debt Fund-Reg(G),DT-B&PSU,4,15167.4,0.62,7-Mar-13,NIFTY Banking and PSU Debt Index,20.29,20.29,19.71,0.29,1.04,1.48,2.88,3.48,5.99,7.03,-,0,-,-,-,-,-,-,0.51,0.48,6.73,0.2,0.23,0.31,0.12,0.66,Debt : Banking & PSU,2.42,5.6,NIL
IDFC Mutual Fund,IDFC Bond Fund - Income Plan-Reg(G),DT-LD,Unrated,527.6,1.99,14-Jul-00,NIFTY Medium to Long Term Debt Index,53.96,54.88,52.91,-0.26,0.65,0.01,-0.37,0.83,4.17,5.34,7.2,0,-,-,-,-,-,-,5.09,4.02,7.37,-2.97,-1.04,-1.53,0.8,3.21,Debt : Long Duration,-0.06,4.44,Nil for 10% of investment and 1% for remaining investment on or before 365D Nil after 365D
IDFC Mutual Fund,IDFC Bond Fund - Medium Term Plan-Reg(G),DT-MD,3,2188.2,1.47,8-Jul-03,NIFTY Medium Duration Debt Index,37.62,38.1,36.85,0.01,0.61,0,0.29,1.7,4.48,5.54,6.87,0,-,-,-,-,-,-,3.49,3.01,7.33,-2.29,-0.94,-1.35,0.67,2.77,Debt : Medium Duration,1.38,5.02,Nil
IDFC Mutual Fund,IDFC Bond Fund - Short Term Plan-Reg(G),DT-SD,4,9743.5,0.77,14-Dec-00,Nifty Short Duration Debt Index,46.62,46.81,45.63,0.1,0.83,0.91,1.9,2.78,5.16,6.08,7.21,0,-,-,-,-,-,-,2.53,2.22,7.22,-0.68,-0.5,-0.73,0.43,1.77,Debt : Short Duration,2.89,5.39,Nil
IDFC Mutual Fund,IDFC Cash Fund-Reg(G),DT-LIQ,2,10653.6,0.25,2-Apr-04,Nifty Liquid Fund Index,2622.84,2622.84,2517.75,0.46,1.31,2.39,4.17,3.67,3.93,5.13,6.68,0,-,-,-,-,-,-,0.11,0.11,6.28,0.08,0.73,0.71,0.01,0.07,Debt : Liquid,4.1,3.86,0.007% for Day 1 0.0065% on Day 2 0.0060% on Day 3 0.0055% on Day 4 0.0050% on Day 5 0.0045% on Day 6 NIL after 7D
IDFC Mutual Fund,IDFC Core Equity Fund-Reg(G),EQ-L&M,3,2378.6,2.06,9-Aug-05,NIFTY LargeMidcap 250 - TRI,71.19,73.34,59.64,-0.14,9,4.58,-2.54,26.99,17.4,10.1,13.02,30,65,106236,55.24,34,8.51,Financials,-,-,-,2.32,-0.16,-0.24,0.96,18.59,Equity : Large & Mid Cap,-1.58,18.24,Nil upto 10% of investment and 1% for remaining investment on or before 365D Nil after 365D
IDFC Mutual Fund,IDFC Corp Bond Fund-Reg(G),DT-CORP,3,16518.3,0.61,12-Jan-16,NIFTY Corporate Bond Index,15.77,15.79,15.49,0.1,0.87,0.81,1.76,3.22,5.79,6.22,-,0,-,-,-,-,-,-,1.53,1.35,7.15,-0.86,-0.78,-1.01,0.28,1.28,Debt : Corporate Bond,2.2,5.79,Nil
IDFC Mutual Fund,IDFC Credit Risk Fund-Reg(G),DT-CR,4,616.8,1.6,3-Mar-17,NIFTY Credit Risk Bond Index,13.72,13.73,13.42,0.15,1.12,1.45,2.18,3.57,4.92,5.41,-,0,-,-,-,-,-,-,3.42,2.13,7.45,-0.4,-0.42,-0.57,0.27,1.26,Debt : Credit Risk,3.6,5.53,1% on or before 365D
IDFC Mutual Fund,IDFC CRISIL Gilt 2027 Index Fund-Reg(G),DT-GILT,Unrated,6058,0.41,23-Mar-21,CRISIL Gilt 2027 Index,10.47,10.56,10.22,-0.01,0.97,1.09,0.76,-,-,-,-,0,-,-,-,-,-,-,4.45,3.65,7.41,-1.86,-0.78,-1.18,0.68,2.78,Debt : Gilt,1.22,5.04,Nil
IDFC Mutual Fund,IDFC CRISIL Gilt 2028 Index Fund-Reg(G),DT-GILT,Unrated,2272,0.41,23-Mar-21,CRISIL Gilt 2028 Index,10.48,10.57,10.21,-0.04,1.1,1.25,0.96,-,-,-,-,0,-,-,-,-,-,-,5.03,4.06,7.39,-1.64,-0.66,-0.98,0.74,3.01,Debt : Gilt,1.22,5.04,Nil
IDFC Mutual Fund,IDFC Crisil IBX Gilt April 2026 Index Fund-Reg(G),DT-GILT,Unrated,-,-,-,CRISIL IBX Gilt Index - April 2026,-,-,-,-,-,-,-,-,-,-,-,-,-,-,-,-,-,-,-,-,-,-,-,-,-,-,Debt : Gilt,1.22,5.04,Nil
IDFC Mutual Fund,IDFC Dynamic Bond Fund-Reg(G),DT-DYN,4,2361.2,1.62,1-Dec-08,NIFTY Composite Debt Index,27.7,28.14,27.15,0,0.57,-0.11,0.11,1.31,4.93,5.93,7.6,0,-,-,-,-,-,-,3.53,3.04,7.32,-2.52,-0.97,-1.4,0.71,2.92,Debt : Dynamic Bond,2.02,5.08,Nil
IDFC Mutual Fund,IDFC Emerging Businesses Fund-Reg(G),EQ-SML,Unrated,1481.6,2.18,25-Feb-20,S&P BSE 250 Small Cap - TRI,21.45,23.65,18.02,-2.06,7.37,0.39,-10.82,31.67,-,-,-,20,62,8599,6.05,19.03,69.1,Automobile and Ancillaries,-,-,-,-7.69,-0.64,-0.92,0.8,19.01,Equity : Small Cap,2.94,30.51,1% on or before 1Y
IDFC Mutual Fund,IDFC Equity Savings Fund-Reg(G),HY-EQ,Unrated,105.7,1.37,9-Jun-08,Crisil Liquid Fund Index,25.19,25.32,24.16,-0.04,2.3,1.59,1.47,8.55,7.63,6.04,6.64,619,46,175831,61.63,8.92,0.69,Financials,0.14,0.13,6.17,-0.93,-0.3,-0.48,0.21,3.53,Hybrid : Equity Oriented,1.35,8.53,Nil upto 10% of investments and 0.25% for remaining investments on or before 7D Nil after 7D
IDFC Mutual Fund,IDFC Flexi Cap Fund-Reg(G),EQ-FLEX,2,5799.3,1.94,28-Sep-05,S&P BSE 500 - TRI,137.87,146.27,115.84,-0.54,8.61,3.66,-3.48,24.21,13.44,8.08,14.11,11,43,153371,67.06,23.04,5.12,Financials,-,-,-,0.91,-0.23,-0.37,0.92,17.86,Equity : Flexi Cap,-2.7,16.46,Nil upto 10% of investment and 1% for remaining investment on or before 365D Nil after 365D
IDFC Mutual Fund,IDFC Floating Rate Fund-Reg(G),DT-FL,1,555.6,0.83,18-Feb-21,NIFTY Low Duration Debt Index,10.56,10.56,10.25,0.22,0.95,1.51,2.98,-,-,-,-,0,-,-,-,-,-,-,1.15,1.05,6.9,0.35,0.36,0.51,0.18,0.78,Debt : Floater,3.09,5.61,Nil
IDFC Mutual Fund,IDFC Focused Equity Fund-Reg(G),EQ-MLC,2,1312.8,2.2,16-Mar-06,S&P BSE 500 - TRI,52.97,57.75,45.8,-0.73,6.28,0.23,-6.03,14.95,13.35,6.83,10.71,61,26,116425,61.16,22.45,12.42,Financials,-,-,-,-0.96,-0.34,-0.54,0.95,18.15,Equity : Multi Cap,0.07,20.3,Nil upto 10% of investment and 1% for remaining investment on or before 365D Nil after 365D
IDFC Mutual Fund,IDFC G-Sec-Constant Maturity Plan-Reg(G),DT-GL10Y,Unrated,210.2,0.62,9-Mar-02,Crisil 10 Yr Gilt Index,36.13,36.8,34.99,-0.65,1.73,1.64,-0.46,1.02,4.91,7.69,9.04,0,-,-,-,-,-,-,9.72,6.79,7.51,-2.92,-0.69,-1.07,1.16,4.98,Debt : Gilt (10 Yr Constant Duration),-1.27,4.6,Nil
IDFC Mutual Fund,IDFC G-Sec-Invest-Reg(G),DT-GILT,4,1387.9,1.24,5-Dec-08,CRISIL Dynamic Gilt Index,28.43,28.82,27.82,0.03,0.66,0.09,0.42,1.65,5.5,6.74,8.33,0,-,-,-,-,-,-,3.53,3.05,7.32,-2.19,-0.86,-1.24,0.72,2.94,Debt : Gilt,1.22,5.04,Nil
IDFC Mutual Fund,IDFC Hybrid Equity Fund-Reg(G),HY-EQ,4,577.4,2.45,30-Dec-16,S&P BSE 200 - TRI,17.14,17.93,15.07,0.39,6.45,2.32,-4.3,20.92,14.33,8.51,-,30,42,157045,57.05,15.4,4.47,Financials,1.52,1.33,7.03,-5.54,-0.43,-0.67,0.89,14.17,Hybrid : Equity Oriented,1.35,8.53,Nil for 10% of investment and 1 % for remaining investment on or before 12M
IDFC Mutual Fund,IDFC Infrastructure Fund-Reg(G),EQ-INFRA,5,636.2,2.44,8-Mar-11,S&P BSE India Infrastructure Index - TRI,24.19,26.09,19.88,-3.94,9.9,0.55,-2.18,42.64,19.76,6.2,10.45,5,33,25561,36.03,22.07,40.78,Infrastructure,-,-,-,2.52,-0.11,-0.17,0.87,20.24,Equity : Sectoral - Infrastructure,5.4,20.87,Nil upto 10% of investment and 1% for remaining investment on or before 365D Nil after 365D
IDFC Mutual Fund,IDFC Large Cap Fund-Reg(G),EQ-LC,3,1073.3,2.3,9-Jun-06,S&P BSE 100 - TRI,49.32,52.75,42.29,-0.62,6.85,1.99,-5.62,18.62,14.36,9.81,11.44,66,38,241869,81.12,7.92,6.35,Financials,-,-,-,-0.73,-0.34,-0.53,0.99,18.42,Equity : Large Cap,-3.51,14.3,Nil upto 10% of investment and 1% for remaining investments on or before 365D Nil after 365D
IDFC Mutual Fund,IDFC Low Duration Fund-Reg(G),DT-LOWD,3,5784.9,0.57,17-Jan-06,NIFTY Low Duration Debt Index,31.88,31.88,30.87,0.25,1,1.68,3.27,3.47,4.74,5.88,7.35,0,-,-,-,-,-,-,0.95,0.88,6.9,0.63,0.89,1.31,0.14,0.64,Debt : Low Duration,3.28,4.97,Nil
IDFC Mutual Fund,IDFC Midcap Fund-Reg(G),EQ-MID,Unrated,584.5,2.47,18-Aug-22,S&P BSE 150 MidCap - TRI,10.05,10.13,9.9,0.11,-,-,-,-,-,-,-,-,25,47057,7.22,35.81,-,Chemicals,-,-,-,-,-,-,-,-,Equity : Mid Cap,0.53,23.53,1% on or before 1Y Nil after 1Y
IDFC Mutual Fund,IDFC Money Manager Fund-Reg(G),DT-MM,1,2615.6,0.93,18-Feb-03,Nifty Money Market Index,33.5,33.5,32.42,0.31,1,1.77,3.35,3.13,3.91,4.85,6.45,0,-,-,-,-,-,-,0.43,0.43,6.7,0.68,1.98,2.95,0.04,0.34,Debt : Money Market,3.75,4.5,Nil
IDFC Mutual Fund,IDFC Multi Cap Fund-Reg(G),EQ-MLC,Unrated,1120.3,2.29,2-Dec-21,Nifty500 Multicap 50:25:25 - TRI,10.46,10.87,8.79,-0.9,8.72,3.35,-,-,-,-,-,-,61,51891,40.44,27.35,24.59,Financials,-,-,-,-,-,-,-,-,Equity : Multi Cap,0.07,20.3,1% on or before 1Y Nil after 1Y
IDFC Mutual Fund,IDFC Nifty 100 Index Fund-Reg(G),EQ-INDX,Unrated,59.1,0.6,24-Feb-22,NIFTY 100 - TRI,10.27,10.68,8.92,-1.12,7.32,1.53,-,-,-,-,-,-,100,322989,96.7,1.66,-,Financials,-,-,-,-,-,-,-,-,Equity : Index Funds,-2.76,15.7,Nil
IDFC Mutual Fund,IDFC Nifty 50 ETF,EQ-ETF,Unrated,17.1,0.08,7-Oct-16,NIFTY 50 - TRI,185.85,192.1,161.65,-0.22,7.72,2.81,-4.07,22.53,15.49,12.52,-,14,50,396302,99.62,-,-,Financials,-,-,-,0.83,-0.26,-0.41,0.98,18.01,Equity : ETFs,-3.32,12.35,null
IDFC Mutual Fund,IDFC Nifty 50 Index Fund-Reg(G),EQ-INDX,4,496,0.6,30-Apr-10,NIFTY 50 - TRI,37.2,38.48,32.41,-0.3,7.57,2.64,-4.37,22.17,15.38,12.37,12.73,12,50,398440,99.53,-,-,Financials,-,-,-,0.55,-0.27,-0.44,0.99,18.08,Equity : Index Funds,-2.76,15.7,Nil
IDFC Mutual Fund,IDFC Nifty100 Low Volatility 30 Index Fund-Reg(G),EQ-INDX,Unrated,-,-,6-Oct-22,Nifty100 Low Volatility 30 - TRI,9.98,10,9.77,-,-,-,-,-,-,-,-,-,-,-,-,-,-,-,-,-,-,-,-,-,-,-,Equity : Index Funds,-2.76,15.7,Nil
IDFC Mutual Fund,IDFC Nifty200 Momentum 30 Index Fund-Reg(G),EQ-INDX,Unrated,10.1,1,2-Sep-22,Nifty200 Momentum 30 - TRI,10,10.37,9.65,-1.57,-,-,-,-,-,-,-,-,30,137240,85.78,13.75,-,Energy,-,-,-,-,-,-,-,-,Equity : Index Funds,-2.76,15.7,Nil
IDFC Mutual Fund,IDFC Overnight Fund-Reg(G),DT-ON,3,3539.3,0.16,18-Jan-19,Nifty 1D Rate Index,1158.36,1158.36,1113.38,0.47,1.32,2.37,4.04,3.51,3.55,-,-,0,-,-,-,-,-,-,0.01,0.01,5.95,-0.03,-0.75,-0.39,-,0.04,Debt : Overnight,4.1,3.6,Nil
IDFC Mutual Fund,IDFC Regular Savings Fund-Reg(G),HY-DT(CO),1,163.9,2.13,25-Feb-10,NIFTY AAA Short Duration Bond Index,25.89,26.33,24.9,-0.23,1.82,0.46,-1.42,4.65,5.02,4.92,7.67,0,23,42966,5.02,5.93,1,Financials,2.21,1.89,6.92,-3.78,-0.88,-1.41,0.56,4.56,Hybrid : Debt Oriented (Conservative),0.59,9.76,Nil for 10% of investment and For remaining investment 1% on or before 365D
IDFC Mutual Fund,IDFC S&P BSE Sensex ETF,EQ-ETF,Unrated,1.5,0.35,7-Oct-16,S&P BSE SENSEX - TRI,622.87,641.56,540.25,0.18,8.25,3.82,-3.7,21.55,15.35,13.58,-,21,30,485392,99.63,-,-,Financials,-,-,-,1.29,-0.23,-0.38,0.99,18.12,Equity : ETFs,-3.32,12.35,null
IDFC Mutual Fund,IDFC Sterling Value Fund-Reg(G),EQ-VAL,5,4894.9,1.97,7-Mar-08,S&P BSE 500 - TRI,91.46,94.85,76.8,-0.11,8.14,0.64,2.06,43.01,25.71,11.49,16.06,27,57,49147,39.51,30.94,22.95,Financials,-,-,-,6.12,0.07,0.1,0.87,18.49,Equity : Value / Contra,3.04,21.88,Nil upto 10% of investment and 1% for remaining investment on or before 365D Nil after 365D
IDFC Mutual Fund,IDFC Tax Advt(ELSS) Fund-Reg(G),EQ-ELSS,5,3808,1.93,26-Dec-08,S&P BSE 500 - TRI,99.27,103.32,83.92,0.28,8.14,0.82,-2.01,35.12,23.14,12.71,16.84,18,47,86312,55.05,19.39,18.45,Financials,-,-,-,3.12,-0.12,-0.18,0.97,19.32,Equity : Tax Saving (ELSS),-1.86,16.69,Nil
IDFC Mutual Fund,IDFC Transportation and Logistics Fund-Reg(G),EQ-AUTO,Unrated,-,-,-,Nifty Transportation & Logistics - TRI,-,-,-,-,-,-,-,-,-,-,-,-,-,-,-,-,-,-,-,-,-,-,-,-,-,-,Equity : Sectoral - Auto,-2.64,16.25,1% on or before 1Y Nil after 1Y
IDFC Mutual Fund,IDFC Ultra Short Term Fund-Reg(G),DT-USD,4,3714.1,0.43,18-Jul-18,NIFTY Ultra Short Duration Debt Index,12.59,12.59,12.14,0.31,1.1,1.94,3.71,3.5,4.38,-,-,0,-,-,-,-,-,-,0.47,0.45,6.73,1.06,2.74,4.21,0.05,0.37,Debt : Ultra Short Duration,3.68,4.48,Nil
IDFC Mutual Fund,IDFC US Equity FoF-Reg(G),FOF-OVR,Unrated,305.2,1.57,20-Aug-21,Russell 1000 Index,8.42,10.78,7.8,0.82,0.93,-7.19,-15.64,-,-,-,-,-,-,-,-,-,-,-,-,-,-,-15.88,-0.62,-1.01,0.52,25.75,FoFs : Overseas,-21.18,4.44,1% on or before 1Y Nil after 1Y
IDFC Mutual Fund,IDFC US Equity FoF-Reg(IDCW),FOF-OVR,Unrated,305.2,1.57,20-Aug-21,Russell 1000 Index,8.42,10.78,7.8,0.82,0.93,-7.19,-15.64,-,-,-,-,-,-,-,-,-,-,-,-,-,-,-15.85,-0.61,-1.01,0.51,25.8,FoFs : Overseas,-21.18,4.44,1% on or before 1Y Nil after 1Y
IIFL Mutual Fund,IIFL Dynamic Bond Fund-Reg(G),DT-DYN,2,534.2,0.52,24-Jun-13,CRISIL Dynamic Debt Index,18.14,18.21,17.58,-0.02,1.17,1.34,3.14,4.87,5.76,5.89,-,0,1,-,-,-,-,-,5.54,3.36,7.4,0.63,0.24,0.31,0.35,1.95,Debt : Dynamic Bond,2.02,5.08,Nil
IIFL Mutual Fund,IIFL Focused Equity Fund-Reg(G),EQ-MLC,4,3231.3,1.93,30-Oct-14,S&P BSE 500 - TRI,29.87,32.03,25.09,0.13,9.73,2.81,-5.16,25.97,20.34,15.32,-,23,31,115452,67.41,12.64,13.08,Financials,-,-,-,-1.13,-0.35,-0.54,0.9,17.31,Equity : Multi Cap,0.07,20.3,1% on or before 12M
IIFL Mutual Fund,IIFL Liquid Fund-Reg(G),DT-LIQ,1,711.1,0.25,13-Nov-13,Crisil Liquid Fund Index,1675.69,1675.69,1610.48,0.45,1.3,2.34,4.05,3.47,3.6,4.75,-,0,-,-,-,-,-,-,0.09,0.09,6.22,0.53,4.36,6.39,0.01,0.12,Debt : Liquid,4.1,3.86,0.007% for Day 1 0.0065% on Day 2 0.0060% on Day 3 0.0055% on Day 4 0.0050% on Day 5 0.0045% on Day 6 NIL on or after 7D
IIFL Mutual Fund,IIFL Quant Fund-Reg(G),EQ-THEM,Unrated,98.3,1.58,29-Nov-21,S&P BSE 200 - TRI,10.33,10.65,8.41,-0.33,12.55,1.9,-,-,-,-,-,-,36,105568,76.06,23.58,-,Financials,-,-,-,-,-,-,-,-,Equity : Thematic,7.27,15.07,1% on or before 12M Nil after 12M
Indiabulls Mutual Fund,Indiabulls Arbitrage Fund-Reg(G),HY-ARB,Unrated,13.2,1.12,19-Dec-14,Nifty 50 Arbitrage,14.77,14.77,14.41,0.37,0.82,1.24,2.42,2.29,2.67,4.01,-,914,19,155829,54.84,7.51,3.89,Financials,-,-,-,-0.38,-0.4,-0.78,0.01,0.94,Hybrid : Arbitrage,3.56,3.65,0.25% on or before 1M Nil after 1M
Indiabulls Mutual Fund,Indiabulls Blue Chip Fund-Reg(G),EQ-LC,Unrated,94.9,2.43,10-Feb-12,NIFTY 100 - TRI,29.06,30.56,25.18,-0.72,7.13,3.31,-5.87,17.64,10.53,8.37,10.88,30,39,315108,86.29,9.7,0.94,Financials,-,-,-,-1.16,-0.36,-0.57,0.98,18.26,Equity : Large Cap,-3.51,14.3,1% on or before 7D Nil after 7D
Indiabulls Mutual Fund,Indiabulls Dynamic Bond Fund-Reg(G),DT-DYN,Unrated,25.3,0.74,4-Dec-18,CRISIL Dynamic Debt Index,1238.87,1238.97,1214.67,0.26,1.07,1.16,1.84,3.46,4.32,-,-,0,-,-,-,-,-,-,1.3,1.08,6.67,-0.81,-0.83,-1.14,0.23,1.09,Debt : Dynamic Bond,2.02,5.08,Nil
Indiabulls Mutual Fund,Indiabulls Equity Hybrid Fund-Reg(G),HY-EQ,Unrated,32.5,2.36,13-Dec-18,CRISIL Hybrid 35+65 - Aggressive Index,14.8,15.36,13.17,-0.18,5.91,2.06,-4.93,16.38,11.02,-,-,31,32,275943,62.28,12.49,0.19,Financials,-,-,-,-6.38,-0.48,-0.75,0.81,14.16,Hybrid : Equity Oriented,1.35,8.53,1% on or before 7D Nil after 7D
Indiabulls Mutual Fund,Indiabulls Liquid Fund-Reg(G),DT-LIQ,4,237.5,0.22,25-Oct-11,Crisil Liquid Fund Index,2101.9,2101.9,2022.27,0.46,1.3,2.3,3.94,3.51,3.79,5.08,6.7,0,4,-,-,-,-,-,0.13,0.12,5.8,-0.1,-1.77,-1.48,-,0.06,Debt : Liquid,4.1,3.86,0.007% for Day 1 0.0065% on Day 2 0.0060% on Day 3 0.0055% on Day 4 0.0050% on Day 5 0.0045% on Day 6 NIL on or after 7D
Indiabulls Mutual Fund,Indiabulls Nifty 50 ETF,EQ-ETF,Unrated,16.5,0.11,30-Apr-19,NIFTY 50 - TRI,183.42,189.72,159.74,-0.27,7.65,2.68,-4.17,22.49,15.89,-,-,2,51,397561,100.03,-,-,Financials,-,-,-,0.78,-0.26,-0.42,0.99,18.09,Equity : ETFs,-3.32,12.35,null
Indiabulls Mutual Fund,Indiabulls Overnight Fund-Reg(G),DT-ON,Unrated,25.3,0.2,8-Jul-19,CRISIL Overnight Index,1125.8,1125.8,1083,0.47,1.3,2.32,3.95,3.45,3.5,-,-,0,-,-,-,-,-,-,-,-,5.38,-0.08,-1.95,-1.24,-,0.04,Debt : Overnight,4.1,3.6,Nil
Indiabulls Mutual Fund,Indiabulls Short Term Fund-Reg(G),DT-SD,Unrated,24,1.43,13-Sep-13,Crisil Short Term Bond Fund Index,1745.91,1748.81,1717.08,0.15,0.87,0.67,1.05,2.1,3.29,4.42,-,0,-,-,-,-,-,-,1.85,-,6.89,-1.56,-1.42,-1.89,0.26,1.19,Debt : Short Duration,2.89,5.39,Nil
Indiabulls Mutual Fund,Indiabulls Tax Savings Fund-Reg(G),EQ-ELSS,Unrated,39.7,2.25,28-Dec-17,S&P BSE 500 - TRI,13.41,14.07,11.72,-0.82,6.29,2.69,-5.25,18.31,11,-,-,25,33,313381,75.41,5.92,2.05,Financials,-,-,-,-1.18,-0.36,-0.57,0.88,16.83,Equity : Tax Saving (ELSS),-1.86,16.69,Nil
Indiabulls Mutual Fund,Indiabulls Value Fund-Reg(G),EQ-VAL,Unrated,10.2,2.3,7-Sep-15,NIFTY500 Value 50 - TRI,17.1,18.11,15.06,-1.02,6.27,0.94,-5.59,22.5,14.59,5.07,-,21,28,331789,65.8,5.14,0.05,Financials,-,-,-,-1.49,-0.37,-0.57,0.85,16.81,Equity : Value / Contra,3.04,21.88,1% on or before 1Y Nil after 1Y
Invesco Mutual Fund,Invesco India - Invesco EQQQ NASDAQ-100 ETF FoF-Reg(G),FOF-OVR,Unrated,86.6,0.4,21-Apr-22,Nasdaq-100 - TRI,8.72,10.1,8.25,-2.67,-5.71,-,-,-,-,-,-,-,-,-,-,-,-,-,-,-,-,-,-,-,-,-,FoFs : Overseas,-21.18,4.44,Nil
Invesco Mutual Fund,Invesco India - Invesco Global Consumer Trends FoF-Reg(G),FOF-OVR,Unrated,386,1.52,24-Dec-20,MSCI World Consumer Discretionary Index - Net Dividend,5.94,10.73,5.69,-8.79,-8.61,-19.78,-44.19,-,-,-,-,-,-,-,-,-,-,-,-,-,-,-58.56,-1.79,-2.99,1.24,32.8,FoFs : Overseas,-21.18,4.44,Nil upto 10% of units and 1% for above the limits on or before 1Y Nil after 1Y
Invesco Mutual Fund,Invesco India - Invesco Global Equity Income FoF-Reg(G),FOF-OVR,Unrated,9.8,1.38,5-May-14,MSCI World Index-Net Dividend,15.42,18.58,14.7,-3.03,-6.97,-10.3,-14.81,8.17,5.45,4.93,-,-,1,-,-,-,-,-,-,-,-,-16.3,-0.81,-1.28,0.1,20.13,FoFs : Overseas,-21.18,4.44,Nil upto 10% of units and 1% for above the limits on or before 1Y Nil after 1Y
Invesco Mutual Fund,Invesco India - Invesco Pan European Equity FoF-Reg(G),FOF-OVR,Unrated,51.4,1.09,31-Jan-14,MSCI Europe Index (Total Return Net),11.49,14.05,10.56,-0.29,-0.5,-10.33,-14.58,8.19,2.46,1.1,-,-,1,-,-,-,-,-,-,-,-,-16.3,-0.69,-1.04,0.25,23.73,FoFs : Overseas,-21.18,4.44,Nil upto 10% of units and 1% for above the limits on or before 1Y Nil after 1Y
Invesco Mutual Fund,Invesco India Arbitrage Fund(G),HY-ARB,3,1662.4,1.05,30-Apr-07,Nifty 50 Arbitrage,26.38,26.38,25.2,0.46,1.33,2.35,4.54,3.99,4.1,4.91,6.05,2127,135,44023,28.85,21.57,14.33,Financials,-,-,-,1.71,1.86,3.86,-0.02,0.92,Hybrid : Arbitrage,3.56,3.65,0.50% on or before 15D Nil after 15D
Invesco Mutual Fund,Invesco India Banking & PSU Debt Fund(G),DT-B&PSU,3,175.5,0.7,29-Dec-12,NIFTY Banking and PSU Debt Index,1855.7,1876.52,1819.29,-0.01,0.91,0.5,0.29,1.94,4.46,5.83,-,0,-,-,-,-,-,-,2.6,2.04,7.2,-2.37,-0.98,-1.16,0.46,2.63,Debt : Banking & PSU,2.42,5.6,NIL
Invesco Mutual Fund,Invesco India Contra Fund(G),EQ-VAL,3,9259.1,1.75,11-Apr-07,S&P BSE 500 - TRI,78.86,81.2,66.56,-0.37,8.89,4.69,-2.59,25.27,18.61,12.81,16.81,59,62,119184,69.94,16.16,9.07,Financials,-,-,-,2.12,-0.17,-0.26,0.91,17.36,Equity : Value / Contra,3.04,21.88,Nil upto 10% of units and 1% for above the limits on or before 1Y Nil after 1Y
Invesco Mutual Fund,Invesco India Corporate Bond Fund(G),DT-CORP,3,2140.8,0.66,2-Aug-07,NIFTY Corporate Bond Index,2595.48,2599.36,2545.76,0.06,0.82,0.94,1.93,2.97,5.39,5.49,6.74,0,-,-,-,-,-,-,1.8,1.57,7.28,-0.68,-0.67,-0.86,0.27,1.19,Debt : Corporate Bond,2.2,5.79,Nil
Invesco Mutual Fund,Invesco India Credit Risk Fund(G),DT-CR,3,129.3,1.5,4-Sep-14,NIFTY Credit Risk Bond Index,1497.05,1499.92,1474.19,0.13,0.79,0.88,1.48,2.27,4.22,2.27,-,0,-,-,-,-,-,-,2.1,1.7,6.91,-1.13,-1.12,-1.55,0.26,1.13,Debt : Credit Risk,3.6,5.53,Nil upto 10% of units and 1% for above the limits on or before 1Y Nil after 1Y
Invesco Mutual Fund,Invesco India Dynamic Equity Fund(G),HY-DYN,2,647.8,2.3,4-Oct-07,NIFTY 50 Hybrid Composite Debt 50:50 Index,37.45,38.08,33.61,-0.24,6.94,3.08,-0.72,11.34,8.09,5.39,10.82,199,32,178761,57.71,4.31,2.87,Financials,-,-,-,-2.77,-0.28,-0.44,0.7,11.29,Hybrid : Dynamic Asset Allocation,1.18,10.47,Nil upto 10% of units and 0.25% for above the limits on or before 3M Nil after 3M
Invesco Mutual Fund,Invesco India Equity & Bond Fund-Reg(G),HY-EQ,3,391.1,2.4,30-Jun-18,CRISIL Hybrid 35+65 - Aggressive Index,14.38,15.1,12.74,-0.45,6.11,1.95,-4.45,14.31,9.86,-,-,148,54,95897,45.71,27.01,0.74,Financials,2.88,2.4,7.18,-5.57,-0.47,-0.73,0.82,12.9,Hybrid : Equity Oriented,1.35,8.53,Nil upto 10% of units and 1% for above the limits on or before 1Y Nil after 1Y
Invesco Mutual Fund,Invesco India Equity Savings Fund-Reg(G),HY-EQ,1,153,2.33,7-Mar-19,NIFTY 50 Equity Savings Index,12.35,12.86,11.75,-1.05,2.08,-0.69,-3.94,6.11,5.85,-,-,431,50,138153,54.82,8.91,4.82,Financials,0.4,0.37,6.45,-6.07,-0.93,-1.44,0.37,6.73,Hybrid : Equity Oriented,1.35,8.53,0.25% on or before 1M Nil after 1M
Invesco Mutual Fund,Invesco India ESG Equity Fund-Reg(G),EQ-THEM,Unrated,702.7,2.31,20-Mar-21,NIFTY100 ESG - TRI,11.98,13.75,10.53,-0.5,5.09,-3.55,-13.01,-,-,-,-,42,40,114825,61.24,19.54,16.95,Financials,-,-,-,-9.98,-0.86,-1.3,0.88,17.34,Equity : Thematic,7.27,15.07,Nil upto 10% of units and 1% for remaining units on or before 1Y Nil after 1Y
Invesco Mutual Fund,Invesco India Financial Services Fund(G),EQ-FIN,2,450.5,2.52,14-Jul-08,Nifty Financial Services - TRI,79.11,84.77,64.51,-1.71,11.89,4.23,-5.83,22.08,10.56,8.89,13.7,23,26,172407,77.99,5.58,13.74,Financials,-,-,-,-0.5,-0.3,-0.47,1.03,20.6,Equity : Sectoral - Financial Services,-1.79,11.01,Nil upto 10% of units and 1% for above the limits on or before 1Y Nil after 1Y
Invesco Mutual Fund,Invesco India Flexi Cap Fund-Reg(G),EQ-FLEX,Unrated,906.9,2.36,14-Feb-22,S&P BSE 500 - TRI,10.39,10.65,8.84,0.29,8.34,1.96,-,-,-,-,-,-,61,145041,70.34,18.73,7.15,Financials,-,-,-,-,-,-,-,-,Equity : Flexi Cap,-2.7,16.46,Nil upto 10% of units and 1% for remaining units on or before 1Y Nil after 1Y
Invesco Mutual Fund,Invesco India Focused 20 Equity Fund-Reg(G),EQ-FLEX,Unrated,1697.1,2.06,29-Sep-20,S&P BSE 500 - TRI,14.96,16.93,13.11,0.07,6.77,0.2,-8.6,21.64,-,-,-,79,20,195377,82.37,8.13,7.11,Financials,-,-,-,-5.39,-0.6,-0.92,0.9,17.47,Equity : Flexi Cap,-2.7,16.46,Nil upto 10% of units and 1% for remaining units on or before 1Y Nil after 1Y
Invesco Mutual Fund,Invesco India Gilt Fund(G),DT-GILT,Unrated,21.5,1.25,9-Feb-08,Nifty All Duration G-Sec Index,2300.82,2311.69,2247.83,-0.03,0.67,1.4,1.99,1.4,3.45,4.51,6.6,0,-,-,-,-,-,-,1.9,1.61,6.75,-0.73,-0.48,-0.79,0.4,1.87,Debt : Gilt,1.22,5.04,Nil
Invesco Mutual Fund,Invesco India Gold ETF,GOLD-ETF,Unrated,85.9,0.55,19-Mar-10,Gold-India,4475.05,4942.18,4271.76,1.78,-1.28,-6.46,5.33,-1.45,8.47,10.29,3.95,2,-,-,-,-,-,-,-,-,-,1.71,0.14,0.25,-0.37,13.4,Gold : ETFs,-3.32,12.35,Nil
Invesco Mutual Fund,Invesco India Gold Fund(G),GOLD-MF,Unrated,56.7,0.46,5-Dec-11,Gold-India,14.83,16.05,14.11,2.46,-0.62,-5.51,6.07,-1.83,7.57,8.78,3.46,-,-,-,-,-,-,-,-,-,-,2.85,0.19,0.35,-0.64,16.55,Gold : MFs,3.72,7.87,Nil
Invesco Mutual Fund,Invesco India Growth Opp Fund(G),EQ-L&M,2,3825.6,1.89,9-Aug-07,NIFTY LargeMidcap 250 - TRI,52.34,55.48,44.22,-0.3,8.55,3.05,-5.42,20.85,14.01,10.93,14.76,75,61,87014,54.82,38.59,2.69,Financials,-,-,-,-1.23,-0.36,-0.55,0.9,17.49,Equity : Large & Mid Cap,-1.58,18.24,Nil upto 10% of units and 1% for above the limits on or before 1Y Nil after 1Y
Invesco Mutual Fund,Invesco India Infrastructure Fund(G),EQ-INFRA,4,430.1,2.51,24-Oct-07,S&P BSE India Infrastructure Index - TRI,31.99,33.72,27.06,-3.66,6.31,2.51,-1.46,38.99,23.41,13.21,15.57,48,39,36480,35.19,24.42,37.28,Capital Goods,-,-,-,3.75,-0.04,-0.07,0.82,18.37,Equity : Sectoral - Infrastructure,5.4,20.87,Nil upto 10% of units and 1% for above the limits on or before 1Y Nil after 1Y
Invesco Mutual Fund,Invesco India Largecap Fund(G),EQ-LC,3,717.1,2.27,21-Aug-09,NIFTY 100 - TRI,43.46,47.36,37.78,-1.09,6.4,1.45,-7.02,20.46,14.86,10.62,13.14,32,44,228158,81.67,11,4.51,Financials,-,-,-,-2.52,-0.44,-0.68,0.95,17.82,Equity : Large Cap,-3.51,14.3,Nil 
Invesco Mutual Fund,Invesco India Liquid Fund(G),DT-LIQ,2,5230.5,0.22,17-Nov-06,Nifty Liquid Fund Index,2979.99,2979.99,2860.45,0.45,1.32,2.39,4.18,3.68,3.95,5.19,6.73,0,-,-,-,-,-,-,0.11,0.1,6.22,0.08,0.83,0.74,0.01,0.07,Debt : Liquid,4.1,3.86,0.007% for Day 1 0.0065% on Day 2 0.0060% on Day 3 0.0055% on Day 4 0.0050% on Day 5 0.0045% on Day 6 NIL on or after 7D
Invesco Mutual Fund,Invesco India Medium Duration Fund-Reg(G),DT-MD,Unrated,294.4,1.35,16-Jul-21,NIFTY Medium Duration Debt Index,1019.67,1026.17,1000.16,-0.13,0.76,0.55,0.75,-,-,-,-,0,-,-,-,-,-,-,3.53,2.89,7.55,-1.84,-1.02,-1.34,0.48,2.02,Debt : Medium Duration,1.38,5.02,NIL
Invesco Mutual Fund,Invesco India Midcap Fund(G),EQ-MID,3,2542.1,2,19-Apr-07,S&P BSE 150 MidCap - TRI,87.84,92.65,73.59,-0.83,8.34,2.29,-4.93,28.51,22.56,13.82,18.31,54,58,26810,14.08,66.67,14.33,Automobile and Ancillaries,-,-,-,-0.03,-0.26,-0.4,0.87,18.64,Equity : Mid Cap,0.53,23.53,Nil upto 10% of units and 1% for above the limits on or before 1Y Nil after 1Y
Invesco Mutual Fund,Invesco India Money Market Fund(G),DT-MM,2,1840.2,0.55,28-Aug-09,Nifty Money Market Index,2517.08,2517.08,2438.56,0.34,1.08,1.6,3.19,3.38,4.33,5.52,7.02,0,-,-,-,-,-,-,0.42,0.4,6.85,0.55,0.97,1.21,0.08,0.52,Debt : Money Market,3.75,4.5,Nil
Invesco Mutual Fund,Invesco India Multicap Fund(G),EQ-MLC,4,2231.4,2.03,17-Mar-08,Nifty500 Multicap 50:25:25 - TRI,78.2,84.48,65.92,-0.92,8.42,2.88,-5.69,27.37,18.59,10.44,16.92,40,64,48056,40.2,32.47,22.5,Financials,-,-,-,-1.76,-0.37,-0.55,0.85,17.79,Equity : Multi Cap,0.07,20.3,Nil upto 10% of units and 1% for above the limits on or before 1Y Nil after 1Y
Invesco Mutual Fund,Invesco India Nifty 50 ETF,EQ-ETF,Unrated,61.5,0.1,16-Jun-11,NIFTY 50 - TRI,1930.01,1995.57,1679.46,-0.26,7.7,2.73,-4.15,22.85,15.59,12.59,12.89,1,51,397411,99.97,-,-,Financials,-,-,-,0.83,-0.26,-0.41,0.99,18.16,Equity : ETFs,-3.32,12.35,Nil
Invesco Mutual Fund,Invesco India Overnight Fund-Reg(G),DT-ON,1,444,0.15,8-Jan-20,Nifty 1D Rate Index,1100.51,1100.51,1057.42,0.47,1.32,2.38,4.08,3.55,-,-,-,0,-,-,-,-,-,-,0.01,0.01,6,-,-0.11,-0.05,-,0.04,Debt : Overnight,4.1,3.6,Nil
Invesco Mutual Fund,Invesco India PSU Equity Fund(G),EQ-THEM,1,369.6,2.44,18-Nov-09,S&P BSE PSU - TRI,29.32,30.11,23.17,-1.25,16.15,3.93,0.62,32.11,17.19,8.36,11.25,51,19,69334,69.37,12.19,16.03,Financials,-,-,-,6.96,0.1,0.15,0.87,21.12,Equity : Thematic,7.27,15.07,Nil upto 10% of units and 1% for above the limits on or before 1Y Nil after 1Y
Invesco Mutual Fund,Invesco India Short Term Fund(G),DT-SD,3,488.2,1.2,24-Mar-07,Nifty Short Duration Debt Index,2938.51,2940.91,2888.63,0.11,0.73,0.78,1.71,2.51,4.79,5.57,6.67,0,-,-,-,-,-,-,1.54,1.36,7.1,-0.93,-1,-1.31,0.22,1.03,Debt : Short Duration,2.89,5.39,Nil
Invesco Mutual Fund,Invesco India Smallcap Fund-Reg(G),EQ-SML,2,1364.1,2.21,30-Oct-18,S&P BSE 250 Small Cap - TRI,21.59,22.73,17.57,0.28,10.39,3.55,-2.66,39.28,28.05,-,-,47,57,9734,3.69,19.87,72.79,Financials,-,-,-,1.16,-0.17,-0.24,0.77,18.9,Equity : Small Cap,2.94,30.51,Nil upto 10% of units and 1% for above the limits on or before 1Y Nil after 1Y
Invesco Mutual Fund,Invesco India Tax Plan(G),EQ-ELSS,3,1845.6,2.04,29-Dec-06,S&P BSE 500 - TRI,77.45,88.43,68.12,-1.63,6.24,-1.93,-11.99,19.22,14.45,10.93,15.21,59,44,123346,61.92,24.13,11.21,Financials,-,-,-,-7.84,-0.71,-1.09,0.95,18.36,Equity : Tax Saving (ELSS),-1.86,16.69,Nil
Invesco Mutual Fund,Invesco India Treasury Advantage Fund(G),DT-LOWD,4,1670.3,0.65,18-Jan-07,NIFTY Low Duration Debt Index,3125.02,3125.11,3026.86,0.22,0.93,1.64,3.24,3.46,4.82,5.99,7.17,0,-,-,-,-,-,-,0.64,0.59,6.89,0.58,1.15,1.67,0.09,0.48,Debt : Low Duration,3.28,4.97,Nil
Invesco Mutual Fund,Invesco India Ultra Short Term Fund(G),DT-USD,2,634.2,0.89,30-Dec-10,NIFTY Ultra Short Duration Debt Index,2240.26,2240.26,2166.39,0.28,1.01,1.79,3.4,3.24,4.01,5.34,6.78,0,-,-,-,-,-,-,0.49,0.45,6.84,0.73,2.04,3.05,0.05,0.35,Debt : Ultra Short Duration,3.68,4.48,Nil
ITI Mutual Fund,ITI Arbitrage Fund-Reg(G),HY-ARB,Unrated,9.1,0.97,9-Sep-19,Nifty 50 Arbitrage,10.92,10.92,10.65,0.32,0.77,1.27,2.34,2.43,2.7,-,-,-,21,241483,62.07,4.45,0.81,Financials,-,-,4.99,-0.4,-0.4,-0.78,-0.04,0.97,Hybrid : Arbitrage,3.56,3.65,0.25% on or before 30D NIL after 30D
ITI Mutual Fund,ITI Balanced Advantage Fund-Reg(G),HY-DYN,Unrated,555.3,2.37,31-Dec-19,NIFTY 50 Hybrid Composite Debt 50:50 Index,10.41,11.14,9.95,0.04,2.26,0.11,-7.3,9.91,-,-,-,0,56,311945,67.31,1.11,-,Financials,0.09,0.08,6.09,-9.42,-1.24,-1.93,0.35,7.74,Hybrid : Dynamic Asset Allocation,1.18,10.47,Nil upto 10% of units and 1% for remaining units on or before 3M Nil after 3M
ITI Mutual Fund,ITI Banking & Financial Services Fund-Reg(G),EQ-FIN,Unrated,197.8,2.63,6-Dec-21,Nifty Financial Services - TRI,10.46,10.8,8.75,-1.87,10.33,7.84,-,-,-,-,-,-,21,229655,79.37,5.49,9.94,Financials,0.2,0.19,3.51,-,-,-,-,-,Equity : Sectoral - Financial Services,-1.79,11.01,1% on or before 12M Nil after 12M
ITI Mutual Fund,ITI Banking & PSU Debt Fund-Reg(G),DT-B&PSU,Unrated,27.3,0.7,22-Oct-20,CRISIL Banking and PSU Debt Index,10.79,10.79,10.42,0.3,1.08,1.95,3.52,-,-,-,-,0,-,-,-,-,-,-,0.57,0.5,6.44,0.81,1.56,2.83,0.08,0.49,Debt : Banking & PSU,2.42,5.6,Nil
ITI Mutual Fund,ITI Conservative Hybrid Fund-Reg(G),HY-DT(CO),Unrated,22,1.61,11-Mar-22,NIFTY 50 Hybrid Composite Debt 15:85 Index,10.17,10.22,9.9,0.09,1.59,1.92,-,-,-,-,-,0,48,400423,9.34,-,-,Financials,0.78,0.71,6.28,-,-,-,-,-,Hybrid : Debt Oriented (Conservative),0.59,9.76,Nil
ITI Mutual Fund,ITI Dynamic Bond Fund-Reg(G),DT-DYN,Unrated,21.7,1.2,14-Jul-21,CRISIL Dynamic Debt Index,10.43,10.43,10.11,0.27,1.01,1.87,3.17,-,-,-,-,0,-,-,-,-,-,-,0.94,0.84,6.49,0.33,0.34,0.58,0.11,0.81,Debt : Dynamic Bond,2.02,5.08,0.25% on or before 3M Nil after 3M
ITI Mutual Fund,ITI Large Cap Fund-Reg(G),EQ-LC,Unrated,193.5,2.48,24-Dec-20,NIFTY 100 - TRI,11.89,13.02,10.28,-0.08,7.79,1.85,-9.78,-,-,-,-,-,39,290872,93.03,5.22,-,Financials,-,-,-,-6.1,-0.64,-1.01,0.92,17.46,Equity : Large Cap,-3.51,14.3,1% on or before 3M Nil after 3M
ITI Mutual Fund,ITI Liquid Fund-Reg(G),DT-LIQ,Unrated,56.8,0.25,24-Apr-19,Crisil Liquid Fund Index,1139.75,1139.75,1095.64,0.45,1.29,2.35,4.02,3.48,3.52,-,-,0,-,-,-,-,-,-,0.06,0.05,6.05,-0.03,-0.77,-0.58,-,0.05,Debt : Liquid,4.1,3.86,0.007% for Day 1 0.0065% on Day 2 0.0060% on Day 3 0.0055% on Day 4 0.0050% on Day 5 0.0045% on Day 6 NIL on or after 7D
ITI Mutual Fund,ITI Long Term Equity Fund-Reg(G),EQ-ELSS,Unrated,146.3,2.54,18-Oct-19,NIFTY 500 - TRI,13.99,15.35,11.89,-0.05,9.11,5.58,-10.44,17.71,11.82,-,-,-,79,145154,68.37,17.73,10.78,Financials,-,-,-,-7.66,-0.72,-1.09,0.85,17.3,Equity : Tax Saving (ELSS),-1.86,16.69,Nil
ITI Mutual Fund,ITI Mid Cap Fund-Reg(G),EQ-MID,Unrated,411.9,2.47,5-Mar-21,Nifty Midcap 150 - TRI,11.61,12.56,9.57,-1.46,10.5,7.11,-6.89,-,-,-,-,-,59,36881,22.97,66.53,5.79,Financials,-,-,-,-3.3,-0.43,-0.65,0.81,18.15,Equity : Mid Cap,0.53,23.53,1% on or before 12M Nil after 12M
ITI Mutual Fund,ITI Multi-Cap Fund-Reg(G),EQ-MLC,Unrated,450.5,2.65,15-May-19,Nifty500 Multicap 50:25:25 - TRI,13.89,15.17,11.7,-0.18,10.55,6.84,-9.29,18.76,8.68,-,-,-,85,71539,48.32,26.11,22.69,Financials,1.44,1.32,4.12,-6.53,-0.64,-0.96,0.82,17.35,Equity : Multi Cap,0.07,20.3,1% on or before 3M Nil after 3M
ITI Mutual Fund,ITI Overnight Fund-Reg(G),DT-ON,Unrated,68.5,0.18,24-Oct-19,CRISIL Overnight Index,1108.59,1108.59,1066.52,0.45,1.27,2.3,3.95,3.45,-,-,-,0,-,-,-,-,-,-,0.01,0.01,5.87,-0.1,-2.35,-1.29,-,0.04,Debt : Overnight,4.1,3.6,Nil
ITI Mutual Fund,ITI Pharma & Healthcare Fund-Reg(G),EQ-PHRM,Unrated,166.1,2.36,8-Nov-21,Nifty Healthcare Index - TRI,9.43,10.29,8.39,4.78,4,-1.81,-,-,-,-,-,-,30,45906,52.29,25.4,20.8,Healthcare,-,-,-,-,-,-,-,-,Equity : Sectoral - Pharma,-7.13,24.5,1% on or before 12M Nil after 12M
ITI Mutual Fund,ITI Small Cap Fund-Reg(G),EQ-SML,Unrated,411.9,2.51,17-Feb-20,Nifty Smallcap 250 - TRI,14.28,16.69,11.66,-0.65,10.94,2.87,-13.59,22.49,-,-,-,-,77,10793,7.61,11.37,76.98,Financials,-,-,-,-9.98,-0.71,-1.01,0.83,20.43,Equity : Small Cap,2.94,30.51,1% on or before 12M Nil after 12M
ITI Mutual Fund,ITI Ultra Short Duration Fund-Reg(G),DT-USD,Unrated,122.7,0.95,5-May-21,CRISIL Ultra Short Term Debt Index,1043.71,1043.71,1012.15,0.35,1.04,1.77,3.11,-,-,-,-,0,-,-,-,-,-,-,0.28,0.25,6.25,0.45,1.51,2.42,0.04,0.28,Debt : Ultra Short Duration,3.68,4.48,Nil
ITI Mutual Fund,ITI Value Fund-Reg(G),EQ-VAL,Unrated,141,2.45,14-Jun-21,NIFTY500 Value 50 - TRI,10.01,10.83,8.43,-0.04,10.55,5.8,-9.86,-,-,-,-,-,39,128590,72.47,11.1,13.2,Financials,-,-,-,-6.78,-0.66,-1.01,0.85,17.43,Equity : Value / Contra,3.04,21.88,1% on or before 3M Nil after 3M
JM Financial Mutual Fund,JM Arbitrage Fund(G),HY-ARB,Unrated,46.1,0.96,18-Jul-06,Nifty 50 Arbitrage,27.38,27.38,26.44,0.42,1.08,1.82,3.4,3.06,2.97,3.97,5.69,1508.95,29,68026,41.13,16.78,10.07,Construction,0.14,-,-,0.68,0.74,1.47,-0.02,0.92,Hybrid : Arbitrage,3.56,3.65,0.50% on or before 30D
JM Financial Mutual Fund,JM Dynamic Bond Fund-Reg(G),DT-DYN,Unrated,45.5,0.98,25-Jun-03,CRISIL Dynamic Debt Index,34.06,34.08,33.06,0.23,1.03,1.79,3.11,3.21,4.57,5.54,6.96,0,-,-,-,-,-,-,1.43,1.11,6.17,0.43,0.4,0.74,0.19,0.87,Debt : Dynamic Bond,2.02,5.08,Nil
JM Financial Mutual Fund,JM Equity Hybrid Fund(G),HY-EQ,Unrated,10.5,2.48,1-Apr-95,CRISIL Hybrid 35+65 - Aggressive Index,69.55,71.56,60.54,0.12,7.47,4.47,-3,22.34,20.08,9.32,11.44,85.98,25,150986,51.03,21.27,3.32,Financials,-,-,-,-3.98,-0.32,-0.5,0.92,14.01,Hybrid : Equity Oriented,1.35,8.53,1% on or before 60D
JM Financial Mutual Fund,JM Flexicap Fund-Reg(G),EQ-FLEX,3,225.6,2.51,23-Sep-08,S&P BSE 500 - TRI,53.33,55.49,45.1,-0.96,8.22,5.45,-1.41,30.6,15.91,11.45,15.49,86.3,41,136976,65.71,26.02,5.48,Financials,-,-,-,3.38,-0.1,-0.17,0.96,18.48,Equity : Flexi Cap,-2.7,16.46,1% on or before 1Y Nil after 1Y
JM Financial Mutual Fund,JM Focused Fund-Reg(G),EQ-LC,Unrated,42.3,2.45,5-Mar-08,S&P BSE 500 - TRI,11.89,12.44,10.09,-0.2,7.33,4.31,-5.88,22.33,8.16,6.01,12.74,121.5,24,141237,68.28,23.86,3.08,Financials,-,-,-,0.08,-0.28,-0.45,1.02,19.59,Equity : Large Cap,-3.51,14.3,1% on or before 1Y Nil after 1Y
JM Financial Mutual Fund,JM Large Cap Fund-Reg(G),EQ-LC,Unrated,48.3,2.5,1-Apr-95,S&P BSE 100 - TRI,99.66,103.81,85.05,-0.36,7.97,3.29,-3.02,17.55,14.09,9.37,11.18,72.03,30,207060,82.88,12.86,-,Financials,-,-,-,1.29,-0.22,-0.35,0.93,17.67,Equity : Large Cap,-3.51,14.3,1% on or before 1Y Nil after 1Y
JM Financial Mutual Fund,JM Liquid Fund(G),DT-LIQ,2,1284.5,0.25,31-Dec-97,Crisil Liquid Fund Index,59.29,59.29,56.89,0.47,1.33,2.41,4.22,3.71,3.94,5.21,6.77,0,-,-,-,-,-,-,0.1,0.09,6.24,0.1,1.25,1.05,0.01,0.07,Debt : Liquid,4.1,3.86,0.007% for Day 1 0.0065% on Day 2 0.0060% on Day 3 0.0055% on Day 4 0.0050% on Day 5 0.0045% on Day 6 NIL on or after 7D
JM Financial Mutual Fund,JM Low Duration Fund(G),DT-LOWD,4,140,0.79,27-Sep-06,CRISIL Low Duration Debt Index,30.78,30.78,29.75,0.25,1,1.73,3.46,3.35,9.17,5.02,6.76,0,-,-,-,-,-,-,0.56,0.52,6.82,0.81,1.9,2.74,0.06,0.41,Debt : Low Duration,3.28,4.97,Nil
JM Financial Mutual Fund,JM Medium to Long Duration Fund-Reg(G),DT-M&LD,Unrated,21,1.03,1-Feb-95,CRISIL Medium to Long Term Debt Index,50.61,51.27,49.53,-0.25,0.81,0.59,-0.26,0.79,2.36,1.43,4.18,0,-,-,-,-,-,-,5.3,4.12,7.19,-2.85,-1.03,-1.54,0.77,3.11,Debt : Medium to Long Duration,1.11,4.88,Nil
JM Financial Mutual Fund,JM Overnight Fund-Reg(G),DT-ON,1,229,0.14,3-Dec-19,CRISIL Overnight Index,1106.34,1106.34,1063.06,0.47,1.32,2.37,4.07,3.57,-,-,-,0,-,-,-,-,-,-,0.01,0.01,5.85,-,-0.17,-0.09,-,0.04,Debt : Overnight,4.1,3.6,Nil
JM Financial Mutual Fund,JM Short Duration Fund-Reg(G),DT-SD,Unrated,139.6,1.22,29-Aug-22,Crisil Short Term Bond Fund Index,10.02,10.03,10,0.07,-,-,-,-,-,-,-,0,-,-,-,-,-,-,1.23,1.08,6.86,-,-,-,-,-,Debt : Short Duration,2.89,5.39,Nil
JM Financial Mutual Fund,JM Tax Gain Fund(G),EQ-ELSS,Unrated,68.9,2.42,31-Mar-08,S&P BSE 500 - TRI,28.11,30.49,24.12,-1.08,7.06,2.01,-6.87,25.86,15.66,11.7,15.45,103.84,41,138291,68.71,27.39,1.49,Financials,-,-,-,-2.37,-0.42,-0.65,0.97,18.69,Equity : Tax Saving (ELSS),-1.86,16.69,Nil
JM Financial Mutual Fund,JM Value Fund(G),EQ-VAL,3,154.6,2.52,2-Jun-97,S&P BSE 500 - TRI,50.92,54.58,43.03,-0.49,8.23,1.7,-5.92,27.94,15.47,8.97,14.33,81.5,39,92343,63.89,24.01,9.93,Financials,-,-,-,-1.21,-0.35,-0.53,0.95,18.58,Equity : Value / Contra,3.04,21.88,1% on or before 1Y Nil after 1Y
Kotak Mutual Fund,Kotak Balanced Advantage Fund-Reg(G),HY-DYN,3,14295.9,1.7,3-Aug-18,NIFTY 50 Hybrid Composite Debt 50:50 Index,14.7,15.04,13.55,-0.44,3.93,2.72,0.57,11.29,10.48,-,-,27,99,159771,51.22,12.66,3.23,Financials,5.61,2.41,7.29,-1.26,-0.21,-0.33,0.71,7.85,Hybrid : Dynamic Asset Allocation,1.18,10.47,Nil upto 8% of investment and 1% for remaining investment on or before 1Y Nil after 1Y
Kotak Mutual Fund,Kotak Banking and PSU Debt Fund(G),DT-B&PSU,4,6540.4,0.79,29-Dec-98,CRISIL Banking and PSU Debt Index,53.52,53.53,52.08,0.29,1.46,1.68,2.79,3.81,6.08,6.82,7.9,0,-,-,-,-,-,-,5.57,2.21,7.5,0.23,0.09,0.11,0.24,1.4,Debt : Banking & PSU,2.42,5.6,Nil
Kotak Mutual Fund,Kotak Bluechip Fund(G),EQ-LC,4,4934.4,1.97,4-Feb-03,NIFTY 100 - TRI,373.68,392.39,325.27,-0.68,6.63,2.38,-5.98,21.63,15.93,11.69,13.53,3.92,60,209777,78.12,16.93,2.16,Financials,-,-,-,-1.64,-0.39,-0.61,0.95,17.74,Equity : Large Cap,-3.51,14.3,Nil upto 10% of investment and 1% for remaining investment on or before 1Y Nil after 1Y
Kotak Mutual Fund,Kotak Bond Fund-Reg(G),DT-M&LD,3,1562.3,1.79,25-Nov-99,NIFTY Medium to Long Term Debt Index,62.95,63.26,61.26,0.05,1.71,1.51,0.78,2.66,5.37,5.68,6.8,0,-,-,-,-,-,-,6.68,2.65,7.43,-1.71,-0.8,-1.21,0.6,2.49,Debt : Medium to Long Duration,1.11,4.88,NIL
Kotak Mutual Fund,Kotak Bond Short Term Fund(G),DT-SD,4,12724.1,1.16,2-May-02,Nifty Short Duration Debt Index,42.92,42.98,42.04,0.15,1.1,1.24,2,3.08,5.37,6.12,7.25,0,-,-,-,-,-,-,3.8,1.73,7.49,-0.55,-0.57,-0.75,0.29,1.23,Debt : Short Duration,2.89,5.39,Nil
Kotak Mutual Fund,Kotak Business Cycle Fund-Reg(G),EQ-THEM,Unrated,2271.3,-,28-Sep-22,NIFTY 500 - TRI,10.09,10.09,10,-,-,-,-,-,-,-,-,-,15,180649,4.29,2.6,-,Financials,-,-,-,-,-,-,-,-,Equity : Thematic,7.27,15.07,Nil upto 10% of investments and 1% for remaining investments on or before 1Y Nil after 1Y
Kotak Mutual Fund,Kotak Corporate Bond Fund(G),DT-CORP,2,8585.4,0.65,21-Sep-07,CRISIL Corporate Bond Index,3072.96,3073.22,2991.93,0.18,1.28,1.52,2.72,3.69,5.66,6.67,7.67,0,-,-,-,-,-,-,3.12,1.38,7.45,0.15,0.05,0.06,0.23,1.12,Debt : Corporate Bond,2.2,5.79,Nil
Kotak Mutual Fund,Kotak Credit Risk Fund(G),DT-CR,3,1504.5,1.69,11-May-10,NIFTY Credit Risk Bond Index,24.31,24.71,23.92,-0.06,0.88,-1,0.2,3.55,4.43,5.43,7.25,0,-,-,-,-,-,-,2.88,1.61,8.1,-2.37,-1.04,-1.14,0.15,2.33,Debt : Credit Risk,3.6,5.53,Nil upto 6% of investment and 1% for remaining investment on or before 1Y Nil after 1Y
Kotak Mutual Fund,Kotak Debt Hybrid Fund(G),HY-DT(CO),5,1571.1,1.82,2-Dec-03,CRISIL Hybrid 85+15 - Conservative Index,43.91,44.26,41.19,0.01,3.64,2.84,1.79,11.45,10.68,8.22,9.55,0,49,95625,15.22,4.56,4.82,Financials,5.76,2.36,7.27,-0.35,-0.13,-0.2,0.6,4.94,Hybrid : Debt Oriented (Conservative),0.59,9.76,Nil upto 8% of investments and 1% for remaining investments on or before 6M Nil after 6M
Kotak Mutual Fund,Kotak Dynamic Bond Fund-Reg(G),DT-DYN,4,2022.1,1.29,28-May-08,NIFTY Composite Debt Index,30.42,30.64,29.7,-0.12,1.32,0.99,1.47,2.92,5.67,6.71,8.12,0,-,-,-,-,-,-,7.48,3.03,7.52,-1.06,-0.62,-0.91,0.46,2.04,Debt : Dynamic Bond,2.02,5.08,Nil
Kotak Mutual Fund,Kotak Emerging Equity Fund(G),EQ-MID,4,21996.1,1.7,30-Mar-07,Nifty Midcap 150 - TRI,75.9,79.21,63.27,-2.22,8.8,3.08,1,35.7,25.83,14.49,19.57,3.46,71,31448,14.51,68.87,10.61,Automobile and Ancillaries,-,-,-,4.76,0.02,0.04,0.78,17.22,Equity : Mid Cap,0.53,23.53,Nil upto 10% of investment and 1% for remaining investment on or before 1Y Nil after 1Y
Kotak Mutual Fund,Kotak Equity Arbitrage Fund(G),HY-ARB,4,22408.4,1.01,29-Sep-05,Nifty 50 Arbitrage,30.92,30.92,29.67,0.46,1.19,2.11,4.1,4.04,4.16,5.04,6.37,536.65,161,93087,44.23,21.1,4.82,Financials,0.01,0.01,6.04,1.29,1.44,2.96,-0.02,0.91,Hybrid : Arbitrage,3.56,3.65,0.25% on or before 30D Nil after 30D
Kotak Mutual Fund,Kotak Equity Hybrid Fund(G),HY-EQ,5,2922.1,2.01,3-Nov-14,NIFTY 50 Hybrid Composite Debt 65:35 Index,40.72,42.17,36.34,-1.52,5.41,1.72,-0.01,22.95,16.86,11.62,-,7.21,60,104371,43.43,18.49,9.83,Financials,5.47,2.77,5.96,-0.63,-0.09,-0.13,0.82,12.66,Hybrid : Equity Oriented,1.35,8.53,Nil upto 8% of investment and 1% for remaining investment on or before 1Y Nil after 1Y
Kotak Mutual Fund,Kotak Equity Opp Fund(G),EQ-L&M,3,10759.4,1.8,9-Sep-04,NIFTY LargeMidcap 250 - TRI,204.19,211.36,172.19,-1.14,8.67,2.61,0.98,25.9,19.46,12.32,15.61,12.72,63,107579,55.62,34.12,5.15,Financials,-,-,-,5.14,0.02,0.03,0.87,17.27,Equity : Large & Mid Cap,-1.58,18.24,Nil upto 10% of investment and 1% for remaining investment on or before 1Y Nil after 1Y
Kotak Mutual Fund,Kotak Equity Savings Fund(G),HY-EQ,2,1968.2,2.13,13-Oct-14,NIFTY 50 Equity Savings Index - TRI,19.13,19.2,18.03,0.25,3.52,2.64,4.64,10.77,9.34,7.87,-,30.73,64,137188,57.09,8.68,2.19,Financials,3.35,0.12,6.61,2.29,0.4,0.65,0.3,5.28,Hybrid : Equity Oriented,1.35,8.53,Nil upto 8% of investments and 1% for remaining investments on or before 90D Nil after 90D
Kotak Mutual Fund,Kotak ESG Opportunities Fund-Reg(G),EQ-THEM,Unrated,1264.2,2.1,11-Dec-20,NIFTY100 ESG - TRI,11.55,12.86,9.98,-0.26,7.27,-3.16,-9.87,-,-,-,-,22.96,43,178608,74.99,17.36,4.52,Financials,-,-,-,-5.47,-0.59,-0.92,0.95,18.25,Equity : Thematic,7.27,15.07,Nil upto 10% of units and 1% for remaining units on or before 1Y Nil after 1Y
Kotak Mutual Fund,Kotak Flexicap Fund(G),EQ-FLEX,2,35933.4,1.57,11-Sep-09,NIFTY 500 - TRI,53.3,55.55,45.49,-1.15,8.42,2.28,-3.18,21.1,14.08,10.51,15.65,7.47,49,176772,72.58,23.85,1.42,Financials,-,-,-,1.69,-0.2,-0.31,0.96,18.36,Equity : Flexi Cap,-2.7,16.46,Nil upto 10% of investment and 1% for remaining investment on or before 1Y Nil after 1Y
Kotak Mutual Fund,Kotak Floating Rate Fund-Reg(G),DT-FL,4,5656.1,0.62,14-May-19,NIFTY Ultra Short Duration Debt Index,1230.13,1230.37,1197.86,0.24,1.41,1.59,2.61,4.09,6.09,-,-,0,-,-,-,-,-,-,4.09,1.39,7.59,0.05,-0.06,-0.07,0.24,1.31,Debt : Floater,3.09,5.61,Nil
Kotak Mutual Fund,Kotak Focused Equity Fund-Reg(G),EQ-MLC,Unrated,2419.5,2.09,16-Jul-19,NIFTY 500 - TRI,16.5,17.5,14.19,-0.52,8.32,1.85,-3.96,23.82,16.34,-,-,18.36,31,154360,65.78,27.38,3.65,Financials,-,-,-,0.48,-0.26,-0.41,0.92,17.55,Equity : Multi Cap,0.07,20.3,Nil upto 10% of investment and 1% for remaining investment on or before 1Y Nil after 1Y
Kotak Mutual Fund,Kotak Gilt Fund-PF&Trust(G),DT-GILT,3,1703.7,1.47,11-Nov-03,Nifty All Duration G-Sec Index,80.99,81.09,78.49,0.35,2.19,1.98,0.95,2.95,5.7,6.17,7.38,0,-,-,-,-,-,-,8.12,2.25,7.53,-1.54,-0.84,-1.39,0.47,2.09,Debt : Gilt,1.22,5.04,Nil
Kotak Mutual Fund,Kotak Gilt Fund-Reg(G),DT-GILT,3,1703.7,1.47,29-Dec-98,Nifty All Duration G-Sec Index,79.17,79.26,76.72,0.35,2.19,1.98,0.95,2.95,5.7,6.17,7.36,0,-,-,-,-,-,-,8.12,2.25,7.53,-1.54,-0.84,-1.39,0.47,2.09,Debt : Gilt,1.22,5.04,Nil
Kotak Mutual Fund,Kotak Global Emerging Mkt Fund(G),FOF-OVR,Unrated,111.1,1.69,26-Sep-07,MSCI Emerging Market Index,17.73,23.63,17.52,-4.48,-6.28,-12.41,-24.04,-3.63,3.44,2.55,4.7,102.2,-,-,-,-,-,-,-,-,-,-27.72,-1.54,-2.47,0.64,18.31,FoFs : Overseas,-21.18,4.44,Nil upto 10% of units and 1% for remaining units on or before 1Y Nil after 1Y
Kotak Mutual Fund,Kotak Global Innovation FoF-Reg(G),FOF-OVR,Unrated,1042.8,1.64,29-Jul-21,MSCI AC World Index,6.6,10.14,6.05,-2.33,-1.99,-17.22,-34.28,-,-,-,-,-,-,-,-,-,-,-,-,-,-,-41.33,-1.3,-2.14,2.12,31.94,FoFs : Overseas,-21.18,4.44,1% on or before 1Y Nil after 1Y
Kotak Mutual Fund,Kotak Gold ETF,GOLD-ETF,Unrated,2356.9,0.55,27-Jul-07,Gold-India,43.08,47.55,41.15,1.77,-1.28,-6.45,5.26,-1.51,8.36,10.21,3.85,-,-,-,-,-,-,-,-,-,-,1.74,0.15,0.26,-0.41,13.29,Gold : ETFs,-3.32,12.35,Nil
Kotak Mutual Fund,Kotak Gold Fund(G),GOLD-MF,Unrated,1295.5,0.54,25-Mar-11,Gold-India,20.24,21.67,19.42,1.47,-1.33,-6.73,4.05,-1.84,7.95,9.54,3.37,-,1,-,-,-,-,-,-,-,-,0.5,0.06,0.12,-0.54,11.96,Gold : MFs,3.72,7.87,Nil upto 6% of units and 1% for remaining units on or before 1Y Nil after 1Y
Kotak Mutual Fund,Kotak India EQ Contra Fund(G),EQ-VAL,2,1344.1,2.26,27-Jul-05,NIFTY500 Value 50 - TRI,84.64,87.46,72.5,-0.53,8.06,2.37,-3.13,24.73,16.66,12.43,14.08,18,58,154569,71.79,24.3,1.66,Financials,-,-,-,1.29,-0.22,-0.34,0.92,17.48,Equity : Value / Contra,3.04,21.88,1% on or before 90D Nil after 90D
Kotak Mutual Fund,Kotak Infra & Eco Reform Fund(G),EQ-INFRA,3,642.2,2.52,25-Feb-08,Nifty Infrastructure - TRI,35.96,37.85,29.02,-2.83,10.15,9.15,7,45.1,22.17,10.55,14.77,9.69,44,36826,33.37,39.71,24.09,Automobile and Ancillaries,-,-,-,11.01,0.39,0.6,0.77,17.22,Equity : Sectoral - Infrastructure,5.4,20.87,1% on or before 90D Nil after 90D
Kotak Mutual Fund,Kotak International REIT FOF-Reg(G),FOF-OVR,Unrated,132.8,1.38,29-Dec-20,S&P Asia Pacific ex Japan REIT - TRI,8.42,10.53,8.29,-9.14,-11.37,-18.08,-17.4,-,-,-,-,-,-,-,-,-,-,-,-,-,-,-22.15,-1.07,-1.59,0.65,20.35,FoFs : Overseas,-21.18,4.44,Nil upto 8% of units and 1% for remaining units on or before 1Y Nil after 1Y
Kotak Mutual Fund,Kotak Liquid Fund-Reg(G),DT-LIQ,4,26083.5,0.32,4-Nov-03,Nifty Liquid Fund Index,4387.26,4387.26,4214,0.44,1.29,2.33,4.11,3.63,3.94,5.17,6.71,0,-,-,-,-,-,-,0.13,0.13,6.2,0.58,4.53,6.67,0.01,0.13,Debt : Liquid,4.1,3.86,0.007% for Day 1 0.0065% on Day 2 0.0060% on Day 3 0.0055% on Day 4 0.0050% on Day 5 0.0045% on Day 6 NIL on or after 7D
Kotak Mutual Fund,Kotak Low Duration Fund(G),DT-LOWD,5,6862.2,1.17,6-Mar-08,NIFTY Low Duration Debt Index,2774.85,2775.41,2692.58,0.32,1.29,1.76,3.09,3.53,5.14,6.11,7.29,0,-,-,-,-,-,-,2.43,0.7,7.39,0.48,0.61,0.85,0.13,0.68,Debt : Low Duration,3.28,4.97,Nil
Kotak Mutual Fund,Kotak Manufacture in India Fund-Reg(G),EQ-THEM,Unrated,870.5,2.36,22-Feb-22,Nifty India Manufacturing - TRI,11.07,11.56,9.56,-1.38,5.32,5.42,-,-,-,-,-,2.13,44,75821,58.37,33.33,6.36,Automobile and Ancillaries,-,-,-,-,-,-,-,-,Equity : Thematic,7.27,15.07,Nil upto 10% of investments and 1% for remaining investments on or before 1Y Nil after 1Y
Kotak Mutual Fund,Kotak Medium Term Fund(G),DT-MD,3,1889.2,1.57,21-Mar-14,NIFTY Medium Duration Debt Index,18.5,18.58,18.07,-0.01,1.16,1.22,2.4,4.18,5.66,5.58,-,0,1,-,-,-,-,-,6.28,2.81,8.01,-0.1,-0.16,-0.22,0.36,1.69,Debt : Medium Duration,1.38,5.02,Nil
Kotak Mutual Fund,Kotak Money Market Fund(G),DT-MM,3,12791.3,0.35,14-Jul-03,Nifty Money Market Index,3685.6,3685.6,3537.88,0.36,1.19,2.19,4.18,3.94,4.66,5.95,7.13,0,-,-,-,-,-,-,0.41,0.41,6.81,1.51,4.51,7.24,0.04,0.33,Debt : Money Market,3.75,4.5,Nil
Kotak Mutual Fund,Kotak Multi Asset Allocator FoF-Dynamic(G),FOF-DOM,Unrated,656.1,0.94,9-Aug-04,NIFTY 50 Hybrid Composite Debt 50:50 Index,140.79,144.49,125.03,-0.8,6.24,3.22,2.36,20.07,18.4,13.45,14.22,0,-,-,-,-,-,-,-,-,-,0.91,0.05,0.08,0.72,10.13,FoFs : Domestic,-3.72,13.95,Nil upto 8% of units and 1% for remaining units on or before 1Y Nil after 1Y
Kotak Mutual Fund,Kotak Multicap Fund-Reg(G),EQ-MLC,Unrated,4166.5,1.88,29-Sep-21,Nifty500 Multicap 50:25:25 - TRI,10.4,10.67,8.46,-0.19,11.01,7.33,3,-,-,-,-,23.27,58,55214,45.27,25.86,26.49,Financials,-,-,-,7.06,0.12,0.18,0.88,17.98,Equity : Multi Cap,0.07,20.3,Nil upto 10% of investment and 1% for remaining investments on or before 1Y Nil after 1Y
Kotak Mutual Fund,Kotak NASDAQ 100 FoF-Reg(G),FOF-OVR,Unrated,1450.6,0.67,2-Feb-21,Nasdaq-100 - TRI,9.18,12.45,8.8,-2.9,-5.9,-15.51,-20.49,-,-,-,-,-,-,-,-,-,-,-,-,-,-,-21.52,-0.82,-1.29,0.81,26.69,FoFs : Overseas,-21.18,4.44,Nil
Kotak Mutual Fund,Kotak Nifty 100 Low Volatility 30 ETF,EQ-ETF,Unrated,1.1,0.3,23-Mar-22,Nifty100 Low Volatility 30 - TRI,13.08,13.59,11.66,-0.43,3.9,1.73,-,-,-,-,-,816.85,30,176033,93.33,6.1,-,FMCG,-,-,-,-,-,-,-,-,Equity : ETFs,-3.32,12.35,null
Kotak Mutual Fund,Kotak Nifty 50 ETF,EQ-ETF,Unrated,1723.7,0.12,2-Feb-10,NIFTY 50 - TRI,186.52,192.91,162.33,-0.27,7.69,2.71,-4.18,22.83,15.55,12.56,13.03,29.65,51,397432,99.95,-,-,Financials,-,-,-,0.81,-0.26,-0.42,0.99,18.16,Equity : ETFs,-3.32,12.35,Nil
Kotak Mutual Fund,Kotak Nifty 50 Index Fund-Reg(G),EQ-INDX,Unrated,245.2,0.51,21-Jun-21,NIFTY 50 - TRI,11.21,11.62,9.78,-0.29,7.58,2.49,-4.53,-,-,-,-,9.56,50,397411,98.63,-,-,Financials,-,-,-,0.35,-0.28,-0.46,0.98,18,Equity : Index Funds,-2.76,15.7,Nil
Kotak Mutual Fund,Kotak Nifty 50 Value 20 ETF,EQ-ETF,Unrated,35.8,0.14,2-Dec-15,Nifty50 Value 20 - TRI,96.91,103.75,85.42,1.81,5.95,-0.65,-4.69,25.19,18.57,16.45,-,31.23,21,321227,99.88,-,-,Technology,-,-,-,0.05,-0.27,-0.43,0.87,17.75,Equity : ETFs,-3.32,12.35,null
Kotak Mutual Fund,Kotak Nifty Alpha 50 ETF,EQ-ETF,Unrated,71.2,0.4,22-Dec-21,Nifty Alpha 50 - TRI,29.31,36.43,24.56,-2.94,9.52,-15.5,-,-,-,-,-,202.2,50,53409,45.71,38.03,14.58,Energy,-,-,-,-,-,-,-,-,Equity : ETFs,-3.32,12.35,null
Kotak Mutual Fund,Kotak Nifty Bank ETF,EQ-ETF,Unrated,6911.6,0.18,4-Dec-14,NIFTY BANK - TRI,409.96,421.2,330.56,-1.15,14.2,10.51,2.16,29.39,11.11,10.55,-,39.27,13,363664,93.56,6.35,-,Financials,-,-,-,8.9,0.12,0.2,1.1,22.44,Equity : ETFs,-3.32,12.35,Nil
Kotak Mutual Fund,Kotak NIFTY India Consumption ETF,EQ-ETF,Unrated,0.7,0.3,28-Jul-22,Nifty India Consumption - TRI,77.46,81.11,74.36,-1.45,5.46,-,-,-,-,-,-,338.6,30,195963,92.05,7.47,-,FMCG,-,-,-,-,-,-,-,-,Equity : ETFs,-3.32,12.35,null
Kotak Mutual Fund,Kotak Nifty IT ETF,EQ-ETF,Unrated,259.6,0.22,2-Mar-21,NIFTY IT - TRI,28.89,39.83,27.09,6.24,4.23,-12.34,-20.4,-,-,-,-,130.44,10,290886,85.12,14.71,-,Technology,-,-,-,-15.5,-0.85,-1.31,1.02,24.86,Equity : ETFs,-3.32,12.35,null
Kotak Mutual Fund,Kotak Nifty Midcap 50 ETF,EQ-ETF,Unrated,4.9,0.15,28-Jan-22,Nifty Midcap 50 - TRI,85.77,89.15,70.68,-0.9,8.59,2.34,-,-,-,-,-,277.46,50,35445,5.86,93.13,-,Financials,-,-,-,-,-,-,-,-,Equity : ETFs,-3.32,12.35,null
Kotak Mutual Fund,Kotak NIFTY MNC ETF,EQ-ETF,Unrated,44.7,0.3,5-Aug-22,NIFTY MNC - TRI,19.61,20.24,19.32,-0.35,-,-,-,-,-,-,-,93.03,30,88785,61.97,36.53,0.89,FMCG,-,-,-,-,-,-,-,-,Equity : ETFs,-3.32,12.35,null
Kotak Mutual Fund,Kotak Nifty Next 50 Index Fund-Reg(G),EQ-INDX,Unrated,104.3,0.83,10-Mar-21,NIFTY NEXT 50 - TRI,11.98,12.94,10.08,-4.5,6.79,-2.47,-5.13,-,-,-,-,70.12,50,83357,86.69,11.72,-,Financials,-,-,-,-0.5,-0.28,-0.42,0.94,20.52,Equity : Index Funds,-2.76,15.7,Nil
Kotak Mutual Fund,Kotak Nifty PSU Bank ETF,EQ-ETF,Unrated,988.8,0.49,8-Nov-07,NIFTY PSU BANK - TRI,313.38,321.29,229.13,0.57,19.05,14.28,14.14,55.09,11.99,1.06,-0.25,86.55,12,77795,48.84,48.34,2.81,Financials,-,-,-,26.49,0.62,1.01,1.24,31.7,Equity : ETFs,-3.32,12.35,NIL
Kotak Mutual Fund,Kotak Nifty SDL Apr 2027 Top 12 Equal Weight Index Fund-Reg(G),DT-M&LD,Unrated,3477.7,0.3,11-Feb-22,Nifty SDL Apr 2027 Top 12 Equal Weight Index,9.99,10.06,9.68,0.12,1.13,1.01,-,-,-,-,-,0,-,-,-,-,-,-,4.33,3.59,7.57,-,-,-,-,-,Debt : Medium to Long Duration,1.11,4.88,0.15% on or before 30D Nil after 30D
Kotak Mutual Fund,Kotak Nifty SDL Apr 2032 Top 12 Equal Weight Index Fund-Reg(G),DT-LD,Unrated,411.1,0.3,11-Feb-22,Nifty SDL Apr 2032 Top 12 Equal Weight Index,10.07,10.19,9.71,-0.97,1.71,1.45,-,-,-,-,-,0,-,-,-,-,-,-,8.63,6.12,7.67,-,-,-,-,-,Debt : Long Duration,-0.06,4.44,0.15% on or before 30D Nil after 30D
Kotak Mutual Fund,Kotak Nifty SDL Plus AAA PSU Bond Jul 2028 60:40 Index Fund-Reg(G),DT-M&LD,Unrated,-,-,13-Oct-22,Nifty SDL Plus AAA PSU Bond Jul 2028 60:40 Index,10.04,10.04,10,-,-,-,-,-,-,-,-,-,-,-,-,-,-,-,-,-,-,-,-,-,-,-,Debt : Medium to Long Duration,1.11,4.88,0.15% on or before 30D Nil after 30D
Kotak Mutual Fund,Kotak Nifty SDL Plus AAA PSU Bond Jul 2033 60:40 Index Fund-Reg(G),DT-B&PSU,Unrated,-,-,-,Nifty SDL Plus AAA PSU Bond Jul 2033 60:40 Index,-,-,-,-,-,-,-,-,-,-,-,-,-,-,-,-,-,-,-,-,-,-,-,-,-,-,Debt : Banking & PSU,2.42,5.6,null
Kotak Mutual Fund,Kotak Overnight Fund-Reg(G),DT-ON,3,12542.3,0.19,15-Jan-19,Nifty 1D Rate Index,1159.63,1159.63,1114.64,0.46,1.31,2.36,4.04,3.52,3.57,-,-,0,-,-,-,-,-,-,0.01,0.01,6.03,0.53,5.4,6.88,-,0.1,Debt : Overnight,4.1,3.6,Nil
Kotak Mutual Fund,Kotak Pioneer Fund-Reg(G),EQ-THEM,Unrated,1622,2.02,25-Oct-19,NIFTY 500 - TRI,17.34,19.8,15.35,-2.6,4.33,-1.6,-12.17,22.77,-,-,-,11.21,47,81283,41.29,28.4,10.72,Automobile and Ancillaries,-,-,-,-8.72,-0.73,-1.13,0.86,18.35,Equity : Thematic,7.27,15.07,Nil upto 10% of investment and 1% for remaining investment on or before 1Y Nil after 1Y
Kotak Mutual Fund,Kotak S&P BSE Sensex ETF,EQ-ETF,Unrated,21.1,0.28,6-Jun-08,S&P BSE SENSEX - TRI,62.44,642.36,58.32,0.19,8.34,3.95,-3.59,21.95,15.51,13.63,13.22,14.03,30,483568,99.95,-,-,Financials,-,-,-,1.49,-0.22,-0.36,1,18.27,Equity : ETFs,-3.32,12.35,NIL
Kotak Mutual Fund,Kotak Savings Fund(G),DT-USD,3,12025.1,0.8,13-Aug-04,NIFTY Ultra Short Duration Debt Index,35.64,35.64,34.35,0.36,1.12,2.03,3.79,3.55,4.46,5.67,7.08,0,-,-,-,-,-,-,0.55,0.41,6.89,1.13,3.08,4.6,0.06,0.36,Debt : Ultra Short Duration,3.68,4.48,Nil
Kotak Mutual Fund,Kotak Small Cap Fund(G),EQ-SML,4,8469,1.89,24-Feb-05,Nifty Smallcap 250 - TRI,165.11,174.21,141.01,-2.52,7.29,-0.58,-3.18,43.38,33.1,16.87,19.56,5.28,76,11304,2.88,24.97,66.91,Consumer Durables,-,-,-,-0.1,-0.23,-0.34,0.66,16.07,Equity : Small Cap,2.94,30.51,Nil upto 10% of investment and 1% for remaining investment on or before 1Y Nil after 1Y
Kotak Mutual Fund,Kotak Tax Saver Fund(G),EQ-ELSS,3,2907,1.99,23-Nov-05,NIFTY 500 - TRI,74.24,76.49,62.51,-0.48,9.31,2.57,1.29,26.32,18.73,12.52,14.55,18.9,57,131549,65.96,23.34,7.67,Financials,-,-,-,6.07,0.06,0.09,0.91,17.68,Equity : Tax Saving (ELSS),-1.86,16.69,Nil
L&T Mutual Fund,L&T Arbitrage Opp Fund-Reg(G),HY-ARB,5,2419,1.02,30-Jun-14,Nifty 50 Arbitrage,15.82,15.82,15.28,0.44,1.09,1.81,3.47,3.63,4.06,4.89,-,1249.33,137,55423,31.91,24.75,11.52,Financials,0.25,0.24,6.25,0.68,0.73,1.48,-0.02,0.94,Hybrid : Arbitrage,3.56,3.65,0.50% on or before 1M Nil after 1M
L&T Mutual Fund,L&T Balanced Advantage Fund-Reg(G),HY-DYN,2,1819.3,2.09,7-Feb-11,Crisil Short Term Bond Fund Index,31.04,31.54,29.08,-0.46,3.07,1.03,-1.82,6.95,7.85,6.94,10.48,414.4,74,108759,48.3,13.26,4.62,Financials,2.36,2.1,7.21,-4.08,-0.64,-0.99,0.5,6.8,Hybrid : Dynamic Asset Allocation,1.18,10.47,Nil for 10% of units and 1% for remaining units on or before 1Y Nil after 1Y
L&T Mutual Fund,L&T Banking and PSU Debt Fund-Reg(G),DT-B&PSU,3,4526.4,0.61,20-Sep-07,NIFTY Banking and PSU Debt Index,19.98,20.2,19.59,-0.17,0.57,0.24,0.39,2.18,4.91,5.79,7.08,0,-,-,-,-,-,-,3.27,2.76,7.39,-2.09,-1.05,-1.31,0.5,2.22,Debt : Banking & PSU,2.42,5.6,Nil
L&T Mutual Fund,L&T Business Cycles Fund-Reg(G),EQ-THEM,2,553.9,2.51,20-Aug-14,S&P BSE 500 - TRI,23.95,25.35,19.74,-2.68,9.16,5.7,-0.37,29.58,16.53,8.04,-,12.01,49,67918,42.57,29.43,23.37,Financials,-,-,-,4.08,-0.05,-0.08,0.91,18.55,Equity : Thematic,7.27,15.07,Nil upto 10% of units and 1% for above the limits on or before 1Y Nil after 1Y
L&T Mutual Fund,L&T Conservative Hybrid Fund-Reg(G),HY-DT(CO),Unrated,35.3,2.24,3-Jul-00,NIFTY 50 Hybrid Composite Debt 15:85 Index,43.43,44.39,41.41,-0.12,2.53,0.12,-0.05,6.57,6.2,5.77,7.06,0,30,73794,12.09,7,5.23,Financials,2.01,1.77,7.06,-2.42,-0.5,-0.77,0.47,5.23,Hybrid : Debt Oriented (Conservative),0.59,9.76,Nil for 10% of units and 1% for remaining units on or before 1Y Nil after 1Y
L&T Mutual Fund,L&T Credit Risk Fund-Reg(G),DT-CR,3,159.9,1.66,8-Oct-09,NIFTY Credit Risk Bond Index,23.86,23.86,23.28,0.12,1.08,1.34,2.48,4.31,4.68,4.15,6.54,0,-,-,-,-,-,-,1.45,1.23,7.56,-0.13,-0.21,-0.28,0.21,1,Debt : Credit Risk,3.6,5.53,Nil for 10% of units and 1% for remaining units on or before 1Y Nil after 1Y
L&T Mutual Fund,L&T Emerging Businesses Fund-Reg(G),EQ-SML,3,8406.2,1.85,12-May-14,S&P BSE 250 Small Cap - TRI,47.13,49.63,38.83,-1.59,10.37,2.41,2.05,47,28.19,12.88,-,16.49,84,10405,-,28.46,69.72,Capital Goods,-,-,-,7.06,0.12,0.17,0.84,20.33,Equity : Small Cap,2.94,30.51,Nil upto 10% of units and 1% for above the limits on or before 1Y Nil after 1Y
L&T Mutual Fund,L&T Equity Savings Fund-Reg(G),HY-EQ,2,183,1.58,18-Oct-11,NIFTY 50 Equity Savings Index,23.44,23.54,22.18,0.16,3.03,1.28,2.08,13.34,10.22,6.92,8.03,681.83,55,72767,43.24,13.07,11.38,Financials,2.05,1.86,7.2,-0.3,-0.1,-0.16,0.33,4.76,Hybrid : Equity Oriented,1.35,8.53,Nil upto 10% of units and 0.50% for remaining units on or before 1M Nil after 1M
L&T Mutual Fund,L&T Flexi Bond Fund-Reg(G),DT-DYN,Unrated,40.3,1.61,30-Aug-06,CRISIL Dynamic Debt Index,24.27,24.27,23.76,0.21,1.09,1.73,1.81,1.98,4.76,5.73,7.44,0,-,-,-,-,-,-,1.2,1.03,6.56,-0.83,-0.86,-1.31,0.21,1.07,Debt : Dynamic Bond,2.02,5.08,0.50% on or before 1Y Nil after 1Y
L&T Mutual Fund,L&T Flexicap Fund-Reg(G),EQ-FLEX,2,2787.5,2.07,16-May-05,S&P BSE 500 - TRI,120.07,126,103.88,-1.24,6.68,1.49,-4.97,20.51,14.04,8.82,12.58,31.93,71,113165,66.19,16.15,14.81,Financials,-,-,-,-0.98,-0.34,-0.51,0.89,17.46,Equity : Flexi Cap,-2.7,16.46,Nil upto 10% of units and 1% for above the limits on or before 1Y Nil after 1Y
L&T Mutual Fund,L&T Focused Equity Fund-Reg(G),EQ-MLC,1,940,2.32,5-Nov-18,NIFTY 500 - TRI,15.54,17.23,13.79,-0.13,4.18,0.95,-7.18,15.29,11.78,-,-,25.2,29,124501,65.66,17.87,9.31,Technology,-,-,-,-4.44,-0.55,-0.86,0.8,16.11,Equity : Multi Cap,0.07,20.3,Nil upto 10% of units and 1% for above the limits on or before 1Y Nil after 1Y
L&T Mutual Fund,L&T Gilt Fund-Reg(G),DT-GILT,2,244,1.7,29-Mar-00,CRISIL Dynamic Gilt Index,55.24,55.3,54.03,0.21,1.38,1.75,0.95,1.52,4.52,5.13,7.83,0,-,-,-,-,-,-,0.99,0.84,6.42,-1.74,-1.34,-2.13,0.31,1.41,Debt : Gilt,1.22,5.04,Nil
L&T Mutual Fund,L&T Hybrid Equity Fund-Reg(G),HY-EQ,3,4564.7,1.91,7-Feb-11,NIFTY 50 Hybrid Composite Debt 65:35 Index,36.64,39.31,32.24,0.25,7.08,0.72,-5.28,15.58,11.63,7.56,12.93,67.8,55,115015,50.11,18.66,5.98,Financials,2.03,1.73,7,-6.3,-0.46,-0.7,0.76,14.6,Hybrid : Equity Oriented,1.35,8.53,Nil for 10% of units and 1% for remaining units on or before 1Y Nil after 1Y
L&T Mutual Fund,L&T India Large Cap Fund-Reg(G),EQ-LC,2,725,2.5,23-Oct-07,S&P BSE 100 - TRI,41.07,42.75,34.8,-0.4,8.96,3.43,-4.94,20.98,13.51,10.32,12.54,34.23,46,253497,89.38,9.68,-,Financials,-,-,-,-0.2,-0.31,-0.49,0.98,18.24,Equity : Large Cap,-3.51,14.3,Nil upto 10% of units and 1% for above the limits on or before 1Y Nil after 1Y
L&T Mutual Fund,L&T India Value Fund-Reg(G),EQ-VAL,4,7639.8,1.85,8-Jan-10,S&P BSE 500 - TRI,57.94,61.56,48.83,-1.08,8.76,0.5,-4.92,27.66,18.57,9.79,17.56,33.96,63,84368,53.36,24.35,18,Financials,-,-,-,-0.03,-0.28,-0.43,0.94,18.6,Equity : Value / Contra,3.04,21.88,Nil upto 10% of units and 1% for above the limits on or before 1Y Nil after 1Y
L&T Mutual Fund,L&T Infrastructure Fund-Reg(G),EQ-INFRA,2,1405.2,2.21,27-Sep-07,Nifty Infrastructure - TRI,24.86,26.24,20.49,-2.93,10.29,2.94,0.16,40.08,17.48,7.56,14.44,26,52,30985,34.69,22.74,40.1,Capital Goods,-,-,-,5.95,0.05,0.08,0.89,19.66,Equity : Sectoral - Infrastructure,5.4,20.87,Nil upto 10% of units and 1% for above the limits on or before 1Y Nil after 1Y
L&T Mutual Fund,L&T Large and Midcap Fund-Reg(G),EQ-L&M,1,1575.6,2.23,22-May-06,NIFTY LargeMidcap 250 - TRI,72.5,75.38,58.88,0.53,12.41,5.06,-1.48,21.85,15.96,8.48,13.59,117.7,63,79237,55.06,32.49,11.61,Financials,-,-,-,3.65,-0.09,-0.13,0.99,20.2,Equity : Large & Mid Cap,-1.58,18.24,Nil upto 10% of units and 1% for above the limits on or before 1Y Nil after 1Y
L&T Mutual Fund,L&T Liquid Fund-Reg(G),DT-LIQ,3,8110.4,0.21,3-Oct-06,Nifty Liquid Fund Index,2975.45,2975.45,2855.96,0.45,1.31,2.4,4.18,3.68,4,5.23,6.74,0,-,-,-,-,-,-,0.12,0.12,6.27,0.08,0.91,0.81,0.01,0.07,Debt : Liquid,4.1,3.86,0.007% for Day 1 0.0065% on Day 2 0.0060% on Day 3 0.0055% on Day 4 0.0050% on Day 5 0.0045% on Day 6 NIL on or after 7D
L&T Mutual Fund,L&T Low Duration Fund-Reg(G),DT-LOWD,2,664.9,0.91,4-Dec-10,NIFTY Low Duration Debt Index,23.36,23.36,22.63,0.27,0.97,1.63,3.21,3.48,4.8,5.07,7.07,0,-,-,-,-,-,-,0.7,0.65,6.86,0.55,1.21,1.76,0.07,0.43,Debt : Low Duration,3.28,4.97,Nil
L&T Mutual Fund,L&T Midcap Fund-Reg(G),EQ-MID,1,6582.9,1.87,9-Aug-04,S&P BSE 150 MidCap - TRI,205.99,217.26,177.04,-1.22,4.89,1.11,-6.98,23.2,17.08,8.03,17.63,22.73,78,26433,9.79,70.22,14.23,Automobile and Ancillaries,-,-,-,-4.33,-0.51,-0.76,0.77,16.92,Equity : Mid Cap,0.53,23.53,Nil upto 10% of units and 1% for above the limits on or before 1Y Nil after 1Y
L&T Mutual Fund,L&T Money Market Fund-Reg(G),DT-MM,2,747.3,0.7,10-Aug-05,Nifty Money Market Index,21.83,21.83,21.1,0.35,1.09,1.78,3.38,3.15,4.04,5.53,7.15,0,-,-,-,-,-,-,0.38,0.36,6.62,0.73,1.97,2.85,0.05,0.36,Debt : Money Market,3.75,4.5,Nil
L&T Mutual Fund,L&T Nifty 50 Index Fund-Reg(G),EQ-INDX,Unrated,106.4,0.45,15-Apr-20,NIFTY 50 - TRI,19.82,20.56,17.27,-0.28,7.61,2.54,-4.59,22.17,-,-,-,12.82,50,397427,100.01,-,-,Financials,-,-,-,0.35,-0.28,-0.46,0.99,18.12,Equity : Index Funds,-2.76,15.7,Nil upto 10% of units and 1% for remaining units on or before 1M Nil after 1M
L&T Mutual Fund,L&T Nifty Next 50 Index Fund-Reg(G),EQ-INDX,Unrated,59.3,0.8,15-Apr-20,NIFTY NEXT 50 - TRI,18.07,19.6,15.29,-4.93,6.23,-3.15,-6.01,23.54,-,-,-,65.2,50,83358,88.08,11.91,-,Financials,-,-,-,-1.44,-0.33,-0.49,0.94,20.54,Equity : Index Funds,-2.76,15.7,Nil upto 10% of units and 1% for remaining units on or before 1M Nil after 1M
L&T Mutual Fund,L&T Overnight Fund-Reg(G),DT-ON,2,2357,0.2,27-Nov-06,Nifty 1D Rate Index,1618.03,1618.03,1555.19,0.46,1.31,2.35,4.04,3.53,3.48,4.23,5.78,0,-,-,-,-,-,-,0.01,-,5.98,-0.03,-0.74,-0.38,-,0.04,Debt : Overnight,4.1,3.6,Nil
L&T Mutual Fund,L&T Resurgent India Bond Fund-Reg(G),DT-MD,3,686.6,1.45,2-Feb-15,NIFTY Medium Duration Debt Index,16.57,16.6,16.22,0.05,1.04,0.87,1.51,4,5.7,5.34,-,0,-,-,-,-,-,-,2.44,2.02,7.74,-1.08,-0.79,-1,0.37,1.58,Debt : Medium Duration,1.38,5.02,Nil
L&T Mutual Fund,L&T Short Term Bond Fund-Reg(G),DT-SD,3,3514.8,0.75,27-Dec-11,Nifty Short Duration Debt Index,21.77,21.79,21.37,0.1,0.88,0.9,1.79,2.81,5.07,5.99,7.22,0,-,-,-,-,-,-,1.59,1.36,7.26,-0.81,-0.87,-1.15,0.23,1.06,Debt : Short Duration,2.89,5.39,NIL
L&T Mutual Fund,L&T Tax Advt Fund-Reg(G),EQ-ELSS,2,3178.3,1.98,27-Feb-06,S&P BSE 500 - TRI,79.6,85.63,66.57,0.23,10.31,2.05,-4.59,21.44,14.43,8.15,13.37,100.01,61,141951,71.48,21.44,5.95,Financials,-,-,-,0.48,-0.26,-0.39,1.02,20.09,Equity : Tax Saving (ELSS),-1.86,16.69,Nil
L&T Mutual Fund,L&T Triple Ace Bond Fund-Reg(G),DT-CORP,5,6778.9,0.63,31-Mar-97,NIFTY Corporate Bond Index,59.56,60.15,57.9,-0.47,1.16,1.29,1.18,2.76,6.18,6.8,7.07,0,-,-,-,-,-,-,6,4.53,7.48,-1.39,-0.59,-0.74,0.59,2.81,Debt : Corporate Bond,2.2,5.79,0.50% on or before 3M Nil after 3M
L&T Mutual Fund,L&T Ultra Short Term Fund(G),DT-USD,4,1510.3,0.39,10-Apr-03,NIFTY Ultra Short Duration Debt Index,36.21,36.21,34.87,0.38,1.17,2.05,3.86,3.61,4.39,5.6,7.08,0,-,-,-,-,-,-,0.34,0.33,6.61,1.18,3.53,6.2,0.05,0.33,Debt : Ultra Short Duration,3.68,4.48,Nil
LIC Mutual Fund,LIC MF Arbitrage Fund-Reg(G),HY-ARB,Unrated,29,1.18,25-Jan-19,Nifty 50 Arbitrage,11.59,11.59,11.17,0.42,1.15,1.93,3.7,3.45,3.53,-,-,1156,38,54830,29.76,31.48,6.54,Financials,-,-,-,0.88,0.92,1.86,-0.02,0.97,Hybrid : Arbitrage,3.56,3.65,0.25% on or before 1M Nil after 1M
LIC Mutual Fund,LIC MF Balanced Advantage Fund-Reg(G),HY-EQ,Unrated,1197.8,2.19,12-Nov-21,NIFTY 50,10.24,10.44,9.41,0.03,4.34,3.15,-,-,-,-,-,0,37,365271,70.15,0.29,-,Financials,5.43,4.11,6.57,-,-,-,-,-,Hybrid : Equity Oriented,1.35,8.53,Nil upto 12% of units and 1% on remaining units on or before 3M Nil after 3M
LIC Mutual Fund,LIC MF Banking & Financial Services Fund-Reg(G),EQ-FIN,Unrated,72.2,2.81,27-Mar-15,Nifty Financial Services - TRI,15.24,15.49,11.91,-0.65,16.15,13.39,3.69,25.54,10.07,6.57,-,49,19,126351,67.74,10.19,17.14,Financials,-,-,-,9.55,0.18,0.29,1.04,20.87,Equity : Sectoral - Financial Services,-1.79,11.01,Nil upto 12% on units and 1% on remaining units on or before 12M Nil after 12M
LIC Mutual Fund,LIC MF Banking & PSU Debt Fund(G),DT-B&PSU,2,1290.5,0.83,30-May-07,NIFTY Banking and PSU Debt Index,28.58,28.65,27.97,0.03,0.62,1.02,2.16,2.63,4.68,6.1,6.71,0,-,-,-,-,-,-,1.7,1.46,6.92,-0.48,-0.77,-1.11,0.15,0.71,Debt : Banking & PSU,2.42,5.6,NIL
LIC Mutual Fund,LIC MF Bond Fund-Reg(G),DT-M&LD,2,128.1,0.71,15-Sep-99,CRISIL Medium to Long Term Debt Index,58.51,59.22,56.83,-0.68,1.79,1.64,1.44,1.73,4.09,4.88,6.31,0,-,-,-,-,-,-,8.64,6.2,7.39,-1.08,-0.54,-0.87,0.6,2.52,Debt : Medium to Long Duration,1.11,4.88,0.25% on or before 15D Nil after 15D
LIC Mutual Fund,LIC MF Childrens Gift Fund(G),HY-SOL,Unrated,13.4,2.5,16-Oct-01,CRISIL Hybrid 35+65 - Aggressive Index,23.63,24.99,21.03,-0.32,5.02,1.97,-5.02,13.69,9.62,6.73,8.93,21,53,139596,62,14.06,10.25,Financials,2.39,1.73,-,-5.67,-0.41,-0.65,0.96,15.05,Hybrid : Solution Oriented,-1.53,19.02,Nil
LIC Mutual Fund,LIC MF Debt Hybrid Fund(G),HY-DT(CO),Unrated,65.4,2.25,1-Apr-98,CRISIL Hybrid 85+15 - Conservative Index,67.72,68.63,64.99,0.34,1.81,1.46,0.19,5.47,6.19,5.87,6.93,0,12,434103,20.83,0.2,-,Financials,2.26,1.93,6.75,-2.07,-0.53,-0.86,0.44,4.33,Hybrid : Debt Oriented (Conservative),0.59,9.76,Nil upto 12% on units and 1% on remaining units on or before 12M Nil after 12M
LIC Mutual Fund,LIC MF Equity Hybrid Fund(G),HY-EQ,3,423.5,2.51,1-Jan-91,CRISIL Hybrid 35+65 - Aggressive Index,135.82,144.1,122.17,-0.07,5.26,1.76,-4.07,13.15,8.53,7.7,8.88,20,45,186215,59,11.56,5.24,Financials,0.74,0.16,3.91,-5.01,-0.41,-0.65,0.87,13.23,Hybrid : Equity Oriented,1.35,8.53,Nil upto 12% on units and 1% on remaining units on or before 12M Nil after 12M
LIC Mutual Fund,LIC MF Flexi Cap Fund-Reg(G),EQ-FLEX,2,410,2.57,31-Mar-98,NIFTY 500 - TRI,66.73,70.55,56.84,0.47,8.03,3.95,-3.91,17.89,11.03,9.1,9.78,64,73,80944,55.31,18.68,21.85,Financials,-,-,-,0.38,-0.26,-0.41,0.88,17.09,Equity : Flexi Cap,-2.7,16.46,Nil upto 12% on units and 1% on remaining units on or before 12M Nil after 12M
LIC Mutual Fund,LIC MF G-Sec Fund-PF(G),DT-GILT,Unrated,48.1,1.48,29-Dec-03,Nifty All Duration G-Sec Index,28.51,28.76,28.17,-0.33,0.52,0.7,1.03,1.86,4.64,5.98,6.77,0,-,-,-,-,-,-,5.36,4.01,6.92,-1.66,-1.29,-1.95,0.32,1.41,Debt : Gilt,1.22,5.04,0.25% on or before 30D
LIC Mutual Fund,LIC MF G-Sec Fund-Reg(G),DT-GILT,Unrated,48.1,1.48,29-Nov-99,Nifty All Duration G-Sec Index,49.36,49.8,48.77,-0.33,0.52,0.7,1.03,1.86,4.64,5.98,6.75,0,-,-,-,-,-,-,5.36,4.01,6.92,-1.66,-1.29,-1.95,0.32,1.41,Debt : Gilt,1.22,5.04,0.25% on or before 30D
LIC Mutual Fund,LIC MF Gsec Long Term ETF,DT-ETF,Unrated,924.4,0.16,24-Dec-14,Nifty 8-13 yr G-Sec,22.19,22.58,21.45,-0.71,1.7,2.02,-0.08,0.87,4.01,5.32,-,0,-,-,-,-,-,-,9.5,6.85,7.38,-2.52,-0.65,-1.02,1.12,4.63,Debt : ETFs,-3.32,12.35,Nil
LIC Mutual Fund,LIC MF Infra Fund-Reg(G),EQ-INFRA,Unrated,90.6,2.61,24-Mar-08,Nifty Infrastructure - TRI,23.71,24.78,19.87,-1.47,8.21,4.02,6.3,36.09,18.33,11.14,11.41,34,37,20215,23.07,23.09,51.04,Capital Goods,-,-,-,10,0.29,0.45,0.81,18.87,Equity : Sectoral - Infrastructure,5.4,20.87,Nil upto 12% on units and 1% on remaining units on or before 12M Nil after 12M
LIC Mutual Fund,LIC MF Large & Midcap Fund-Reg(G),EQ-L&M,2,1966.7,2.34,25-Feb-15,NIFTY LargeMidcap 250 - TRI,24.65,25.85,21.19,-1.2,6.96,2.12,-4.25,25.23,16.85,11.38,-,36,72,60630,38.37,37.95,19.58,Financials,-,-,-,-0.5,-0.31,-0.47,0.86,17.18,Equity : Large & Mid Cap,-1.58,18.24,Nil upto 12% on units and 1% on remaining units on or before 12M Nil after 12M
LIC Mutual Fund,LIC MF Large Cap Fund-Reg(G),EQ-LC,2,674.4,2.5,31-Mar-98,NIFTY 100 - TRI,39.79,43.06,34.72,-0.55,6.55,0.32,-8.08,19.84,12.27,10.03,11.91,24,45,297713,95.02,0.97,-,Financials,-,-,-,-4.28,-0.54,-0.84,0.95,17.8,Equity : Large Cap,-3.51,14.3,Nil upto 12% on units and 1% on remaining units on or before 12M Nil after 12M
LIC Mutual Fund,LIC MF Liquid Fund-Reg(G),DT-LIQ,3,4652.7,0.31,13-Mar-02,Crisil Liquid Fund Index,3923.18,3923.18,3768.72,0.45,1.3,2.34,4.1,3.64,4,5.2,6.7,0,-,-,-,-,-,-,0.12,0.12,6.34,0.03,0.08,0.07,0.01,0.07,Debt : Liquid,4.1,3.86,0.007% for Day 1 0.0065% on Day 2 0.0060% on Day 3 0.0055% on Day 4 0.0050% on Day 5 0.0045% on Day 6 NIL on or after 7D
LIC Mutual Fund,LIC MF Money Market Fund-Reg(G),DT-MM,Unrated,128.1,0.61,1-Aug-22,Nifty Money Market Index,1007.78,1007.85,1000,0.27,-,-,-,-,-,-,-,0,-,-,-,-,-,-,0.56,0.56,6.56,-,-,-,-,-,Debt : Money Market,3.75,4.5,Nil
LIC Mutual Fund,LIC MF Multi Cap Fund-Reg(G),EQ-MLC,Unrated,-,-,-,Nifty500 Multicap 50:25:25 - TRI,-,-,-,-,-,-,-,-,-,-,-,-,-,-,-,-,-,-,-,-,-,-,-,-,-,-,Equity : Multi Cap,0.07,20.3,Nil upto 12% of units and 1% for remaining units on or before 12M Nil after 12M
LIC Mutual Fund,LIC MF Nifty 100 ETF,EQ-ETF,Unrated,539,0.28,17-Mar-16,NIFTY 100 - TRI,189.03,196.38,163.84,-1.07,7.5,1.82,-4.17,23.03,15.49,11.92,-,13,101,324071,97.67,1.62,-,Financials,-,-,-,0.68,-0.26,-0.42,0.98,18.17,Equity : ETFs,-3.32,12.35,null
LIC Mutual Fund,LIC MF Nifty 50 ETF,EQ-ETF,Unrated,640.1,0.1,20-Nov-15,NIFTY 50 - TRI,188.9,195.15,164.28,-0.19,7.77,2.8,-4.09,22.85,15.68,12.66,-,8,51,395833,99.27,-,-,Financials,-,-,-,0.91,-0.25,-0.41,0.99,18.14,Equity : ETFs,-3.32,12.35,null
LIC Mutual Fund,LIC MF Nifty 50 Index Fund(G),EQ-INDX,Unrated,58.1,1.01,28-Nov-02,NIFTY 50 - TRI,96.71,100.64,84.34,-0.21,7.57,2.4,-4.96,21.47,14.5,11.34,11.7,33,51,396085,99.28,-,-,Financials,-,-,-,-0.05,-0.3,-0.49,0.99,18.13,Equity : Index Funds,-2.76,15.7,0.25% on or before 7D Nil after 7D
LIC Mutual Fund,LIC MF Overnight Fund-Reg(G),DT-ON,2,608.6,0.2,18-Jul-19,Nifty 1D Rate Index,1126.01,1126.01,1082.24,0.47,1.31,2.37,4.05,3.52,3.57,-,-,0,-,-,-,-,-,-,0.01,0.01,6.01,-0.03,-0.72,-0.38,-,0.04,Debt : Overnight,4.1,3.6,Nil
LIC Mutual Fund,LIC MF S&P BSE Sensex ETF,EQ-ETF,Unrated,577.5,0.1,30-Nov-15,S&P BSE SENSEX - TRI,639.93,657.42,554.47,0.22,8.4,4.06,-3.45,22.11,15.72,13.87,-,15,30,484254,99.44,-,-,Financials,-,-,-,1.64,-0.21,-0.35,1,18.25,Equity : ETFs,-3.32,12.35,null
LIC Mutual Fund,LIC MF S&P BSE Sensex Index Fund(G),EQ-INDX,Unrated,52.4,1.08,28-Nov-02,S&P BSE SENSEX - TRI,109.95,114.01,95.63,0.12,8.09,3.51,-4.36,20.85,14.69,12.65,11.95,29,30,482998,104.51,-,-,Financials,-,-,-,0.66,-0.27,-0.43,1,18.21,Equity : Index Funds,-2.76,15.7,0.25% on or before 7D Nil after 7D
LIC Mutual Fund,LIC MF Savings Fund(G),DT-LOWD,3,943.4,0.83,4-Jun-03,CRISIL Low Duration Debt Index,32.98,32.98,31.96,0.26,0.96,1.68,3.19,3.57,4.86,5.01,6.47,0,-,-,-,-,-,-,0.82,0.79,6.69,0.53,1.19,1.77,0.08,0.42,Debt : Low Duration,3.28,4.97,Nil
LIC Mutual Fund,LIC MF ST Debt Fund-Reg(G),DT-SD,2,155.1,1.44,1-Feb-19,Crisil Short Term Bond Fund Index,12.1,12.12,11.93,0.05,0.65,0.49,1.17,2.05,4.12,-,-,0,-,-,-,-,-,-,1.61,1.41,6.84,-1.51,-1.7,-2.3,0.22,0.94,Debt : Short Duration,2.89,5.39,Nil
LIC Mutual Fund,LIC MF Tax Plan-Reg(G),EQ-ELSS,2,420.5,2.5,31-Mar-98,NIFTY 500 - TRI,100.55,105.12,85.95,-0.11,8.58,3.16,-4.84,22.34,12.82,10.45,13.28,37,57,134137,67.69,21.86,6.75,Financials,-,-,-,-1.21,-0.36,-0.55,0.91,17.46,Equity : Tax Saving (ELSS),-1.86,16.69,Nil
LIC Mutual Fund,LIC MF ULIS,HY-SOL,3,427.9,2.58,19-Jun-89,CRISIL Hybrid 35+65 - Aggressive Index,27.26,28.37,24.09,-0.65,6.2,1.55,-3.19,21.02,12.03,9.67,10.49,21,44,153172,55.72,12.44,10.52,Financials,-,-,-,-4.54,-0.36,-0.55,0.93,14.16,Hybrid : Solution Oriented,-1.53,19.02,Nil
LIC Mutual Fund,LIC MF Ultra Short Term Fund-Reg(G),DT-USD,Unrated,31.8,0.4,27-Nov-19,CRISIL Ultra Short Term Debt Index,1114.17,1114.18,1074.87,0.41,1.21,2.06,3.67,3.44,-,-,-,0,-,-,-,-,-,-,0.29,0.29,6.21,1.01,3.31,6.66,0.04,0.3,Debt : Ultra Short Duration,3.68,4.48,Nil
Mahindra Manulife Mutual Fund,Mahindra Manulife Arbitrage Yojana-Reg(G),HY-ARB,Unrated,26.8,1.16,24-Aug-20,Nifty 50 Arbitrage,10.62,10.62,10.32,0.41,0.9,1.55,2.89,2.87,-,-,-,802,16,170381,53.26,13.5,-,Financials,0.01,0.01,5.86,0.08,0.11,0.21,-0.05,1.04,Hybrid : Arbitrage,3.56,3.65,0.25% on or before 30D Nil after 30D
Mahindra Manulife Mutual Fund,Mahindra Manulife Asia Pacific REITs FOF-Reg(G),FOF-OVR,Unrated,30.6,1.41,20-Oct-21,FTSE EPRA Nareit Asia ex Japan REITs Index,7.65,10.09,7.65,-10.66,-12.36,-18.09,-,-,-,-,-,-,-,-,-,-,-,-,-,-,-,-28.48,-2.04,-3.13,0.4,14,FoFs : Overseas,-21.18,4.44,Nil upto 10% of units on or before 24M For remaining units 1% on or before 12M and 0.50% between 12M to 24M Nil after 24M
Mahindra Manulife Mutual Fund,Mahindra Manulife Balanced Advantage Yojana-Reg(G),HY-DYN,Unrated,671,2.37,30-Dec-21,NIFTY 50 Hybrid Composite Debt 50:50 Index,10.12,10.31,9.25,-0.09,5.09,0.97,-,-,-,-,-,0,49,132174,50.94,13.48,4.99,Financials,2.49,1.93,6.6,-,-,-,-,-,Hybrid : Dynamic Asset Allocation,1.18,10.47,Nil upto 10% of units and 0.50% for remaining units on or before 3M Nil after 3M
Mahindra Manulife Mutual Fund,Mahindra Manulife Dynamic Bond Yojana-Reg(G),DT-CR,Unrated,75.5,1.61,20-Aug-18,CRISIL Dynamic Debt Index,11.77,11.88,11.56,-0.09,0.95,0.72,-0.3,1.32,2.96,-,-,0,-,-,-,-,-,-,4.05,3.19,7.07,-2.92,-1.49,-2.17,0.53,2.13,Debt : Credit Risk,3.6,5.53,Nil
Mahindra Manulife Mutual Fund,Mahindra Manulife ELSS Kar Bachat Yojana-Reg(G),EQ-ELSS,4,494.4,2.46,18-Oct-16,NIFTY 500 - TRI,18.89,19.81,16.2,-0.36,7.33,1.31,-3.44,28.84,17.41,9.69,-,91,52,148255,69.53,16.99,10.3,Financials,-,-,-,1.11,-0.23,-0.36,0.93,17.55,Equity : Tax Saving (ELSS),-1.86,16.69,Nil
Mahindra Manulife Mutual Fund,Mahindra Manulife Equity Savings Dhan Sanchay Yojana-Reg(G),HY-EQ,3,443.8,2.52,1-Feb-17,NIFTY 50 Equity Savings Index - TRI,15.75,15.99,14.61,-0.2,4.18,0.33,-1.45,13.47,11.14,7.62,-,377,50,168744,56.06,11.4,1.13,Financials,1.45,1.19,6.6,-3.2,-0.4,-0.62,0.43,8.61,Hybrid : Equity Oriented,1.35,8.53,Nil for 10% of units on or before 12M For remaining units 1% on or before 12M and nil after 12M
Mahindra Manulife Mutual Fund,Mahindra Manulife Flexi Cap Yojana-Reg(G),EQ-FLEX,Unrated,965.5,2.2,23-Aug-21,NIFTY 500 - TRI,10.22,10.72,8.79,-0.69,6.9,1.02,-3.77,-,-,-,-,95,50,152560,69.14,18.46,10.31,Financials,-,-,-,0.86,-0.25,-0.38,0.94,17.86,Equity : Flexi Cap,-2.7,16.46,0.50% on or before 3M Nil after 3M
Mahindra Manulife Mutual Fund,Mahindra Manulife Focused Equity Yojana-Reg(G),EQ-FLEX,Unrated,587.8,2.5,17-Nov-20,NIFTY 500 - TRI,15.64,16.12,13.43,0.14,8.73,2.82,-1.02,-,-,-,-,96,29,237469,85.81,7.18,5.2,Financials,-,-,-,3.93,-0.08,-0.12,0.96,18.21,Equity : Flexi Cap,-2.7,16.46,1% on or before 1Y Nil after 1Y
Mahindra Manulife Mutual Fund,Mahindra Manulife Hybrid Equity Nivesh Yojana-Reg(G),HY-EQ,Unrated,532.4,2.55,19-Jul-19,CRISIL Hybrid 35+65 - Aggressive Index,17.09,17.6,15.11,-0.34,5.78,1.1,-1.63,23.35,17.08,-,-,88,52,134107,52.7,12.92,8.09,Financials,2.77,2.16,6.74,-2.32,-0.2,-0.32,0.74,13.6,Hybrid : Equity Oriented,1.35,8.53,Nil for 10% of units on or before 12M For remaining units 1% on or before 12M and Nil after 12M
Mahindra Manulife Mutual Fund,Mahindra Manulife Large Cap Pragati Yojana-Reg(G),EQ-LC,3,199.4,2.67,15-Mar-19,NIFTY 100 - TRI,15.57,16.49,13.63,-0.9,6.72,0.66,-5.75,23.37,13.7,-,-,97,50,206554,89.14,5.06,3.06,Financials,-,-,-,-1.03,-0.36,-0.56,0.95,17.74,Equity : Large Cap,-3.51,14.3,1% upto 1Y Nil after 1Y
Mahindra Manulife Mutual Fund,Mahindra Manulife Liquid Fund-Reg(G),DT-LIQ,5,477.9,0.25,4-Jul-16,Crisil Liquid Fund Index,1410.55,1410.55,1353.41,0.46,1.34,2.43,4.22,3.73,4.07,5.29,-,0,-,-,-,-,-,-,0.12,0.12,6.4,0.1,1.07,1.03,0.01,0.08,Debt : Liquid,4.1,3.86,0.007% for Day 1 0.0065% on Day 2 0.0060% on Day 3 0.0055% on Day 4 0.0050% on Day 5 0.0045% on Day 6 NIL on or after 7D
Mahindra Manulife Mutual Fund,Mahindra Manulife Low Duration Fund-Reg(G),DT-LOWD,2,421.4,1.16,15-Feb-17,CRISIL Low Duration Debt Index,1360.32,1360.32,1320.84,0.27,0.99,1.62,2.99,3.19,4.38,5.44,-,0,-,-,-,-,-,-,0.67,0.62,7.01,0.33,0.67,0.96,0.08,0.44,Debt : Low Duration,3.28,4.97,Nil
Mahindra Manulife Mutual Fund,Mahindra Manulife Mid Cap Unnati Yojana-Reg(G),EQ-MID,3,1029.6,2.35,30-Jan-18,Nifty Midcap 150 - TRI,17.59,18.56,14.62,-2.23,8.13,0.1,-5.8,33.66,22.44,-,-,119,59,29480,11.4,72.56,11.23,Automobile and Ancillaries,-,-,-,-0.53,-0.28,-0.42,0.88,19.34,Equity : Mid Cap,0.53,23.53,1% on or before 1Y Nil after 1Y
Mahindra Manulife Mutual Fund,Mahindra Manulife Multi Cap Badhat Yojana-Reg(G),EQ-MLC,5,1426.3,2.27,11-May-17,Nifty500 Multicap 50:25:25 - TRI,20.89,21.95,17.3,0.01,9.92,-1.35,-4.8,33.77,23.29,14.28,-,137,55,45347,39.02,28.14,29.99,Financials,-,-,-,0.81,-0.23,-0.34,0.96,20.03,Equity : Multi Cap,0.07,20.3,1% on or before 1Y Nil after 1Y
Mahindra Manulife Mutual Fund,Mahindra Manulife Overnight Fund-Reg(G),DT-ON,2,127.4,0.21,23-Jul-19,CRISIL Overnight Index,1125.43,1125.43,1081.37,0.46,1.32,2.37,4.08,3.56,3.59,-,-,0,-,-,-,-,-,-,0.01,0.01,5.86,-,-0.15,-0.07,-,0.04,Debt : Overnight,4.1,3.6,Nil
Mahindra Manulife Mutual Fund,Mahindra Manulife Rural Bharat and Consumption Yojana-Reg(G),EQ-CONS,Unrated,56.3,2.45,13-Nov-18,Nifty India Consumption - TRI,14.96,15.35,12.47,0.39,7.82,8.04,4.97,25.56,14.04,-,-,116,39,107239,68.77,14.26,11.93,FMCG,-,-,-,8.37,0.25,0.4,0.78,16.37,Equity : Thematic - Consumption,7.84,17.57,1% on or before 1Y Nil after 1Y
Mahindra Manulife Mutual Fund,Mahindra Manulife Short Term Fund-Reg(G),DT-SD,1,55.8,1.26,23-Feb-21,Crisil Short Term Bond Fund Index,10.52,10.54,10.32,0.07,0.89,1.06,1.93,-,-,-,-,0,-,-,-,-,-,-,2.14,1.76,6.98,-0.68,-0.74,-1,0.25,1.08,Debt : Short Duration,2.89,5.39,Nil
Mahindra Manulife Mutual Fund,Mahindra Manulife Top 250 Nivesh Yojana-Reg(G),EQ-L&M,Unrated,984.9,2.33,30-Dec-19,NIFTY LargeMidcap 250 - TRI,17.11,18,14.6,-1.35,7.68,-1.1,-5.15,30.54,-,-,-,142,50,92968,53.62,40.53,3.28,Financials,-,-,-,0.23,-0.26,-0.4,0.94,19.15,Equity : Large & Mid Cap,-1.58,18.24,1% on or before 1Y Nil after 1Y
Mahindra Manulife Mutual Fund,Mahindra Manulife Ultra Short Term Fund-Reg(G),DT-USD,2,166,0.76,17-Oct-19,CRISIL Ultra Short Term Debt Index,1141.95,1141.95,1101.23,0.38,1.17,2.01,3.7,3.52,4.5,-,-,0,-,-,-,-,-,-,0.33,0.31,6.73,1.03,3.19,4.94,0.04,0.32,Debt : Ultra Short Duration,3.68,4.48,Nil
Mirae Asset Mutual Fund,Mirae Asset Arbitrage Fund-Reg(G),HY-ARB,Unrated,374,1.09,19-Jun-20,Nifty 50 Arbitrage,10.84,10.84,10.46,0.42,1.17,1.87,3.6,3.63,-,-,-,1366,62,90706,47.8,20.92,4.66,Financials,0.67,0.62,6.31,0.78,0.86,1.71,0.01,0.9,Hybrid : Arbitrage,3.56,3.65,0.25% on or before 30D Nil after 30D
Mirae Asset Mutual Fund,Mirae Asset Balanced Advantage Fund-Reg(G),HY-DYN,Unrated,833.8,2.32,11-Aug-22,NIFTY 50 Hybrid Composite Debt 50:50 Index,10.03,10.15,9.8,-0.11,-,-,-,-,-,-,-,0,85,175909,54.68,8.17,4.93,Financials,4.35,3.43,7.47,-,-,-,-,-,Hybrid : Dynamic Asset Allocation,1.18,10.47,Nil upto 15% of units and 1% for remainng units on or before 365D Nil after 365D
Mirae Asset Mutual Fund,Mirae Asset Banking and Financial Services Fund-Reg(G),EQ-FIN,Unrated,1137.5,2.2,11-Dec-20,Nifty Financial Services - TRI,12.84,13.63,10.65,-2.19,9.93,5.89,-3.33,-,-,-,-,20,28,237185,82.23,8.9,8.29,Financials,-,-,-,2.47,-0.16,-0.25,1.05,20.76,Equity : Sectoral - Financial Services,-1.79,11.01,1% on or before 1Y Nil after 1Y
Mirae Asset Mutual Fund,Mirae Asset Banking and PSU Debt Fund-Reg(G),DT-B&PSU,1,103.3,0.82,24-Jul-20,CRISIL Banking and PSU Debt Index,10.68,10.69,10.47,0.06,0.94,1.03,1.94,2.9,-,-,-,0,-,-,-,-,-,-,1.96,1.54,7.11,-0.71,-0.8,-1.03,0.21,0.99,Debt : Banking & PSU,2.42,5.6,Nil
Mirae Asset Mutual Fund,Mirae Asset Cash Management-Reg(G),DT-LIQ,3,3922.9,0.27,12-Jan-09,Crisil Liquid Fund Index,2273.95,2273.95,2182.62,0.45,1.32,2.4,4.18,3.72,4.01,5.23,6.48,0,-,-,-,-,-,-,0.12,0.12,6.29,0.63,5.31,7.7,0.01,0.12,Debt : Liquid,4.1,3.86,0.007% for Day 1 0.0065% on Day 2 0.0060% on Day 3 0.0055% on Day 4 0.0050% on Day 5 0.0045% on Day 6 NIL on or after 7D
Mirae Asset Mutual Fund,Mirae Asset Corp Bond Fund-Reg(G),DT-CORP,Unrated,76.8,0.91,17-Mar-21,NIFTY Corporate Bond Index,10.49,10.52,10.3,-0.06,0.7,0.9,1.72,-,-,-,-,0,-,-,-,-,-,-,1.95,1.51,7.11,-0.91,-0.88,-1.13,0.25,1.15,Debt : Corporate Bond,2.2,5.79,Nil
Mirae Asset Mutual Fund,Mirae Asset CRISIL IBX Gilt Index - April 2033 Index Fund-Reg(G),DT-GILT,Unrated,-,-,-,CRISIL IBX Gilt Index - April 2033,-,-,-,-,-,-,-,-,-,-,-,-,-,-,-,-,-,-,-,-,-,-,-,-,-,-,Debt : Gilt,1.22,5.04,Nil
Mirae Asset Mutual Fund,Mirae Asset Dynamic Bond Fund-Reg(G),DT-DYN,3,239.3,1.11,24-Mar-17,CRISIL Dynamic Debt Index,13.47,13.63,13.13,-0.22,0.58,0.39,0.32,1.54,4.31,5.42,-,0,-,-,-,-,-,-,4.17,3.4,7.42,-2.19,-0.96,-1.2,0.57,2.58,Debt : Dynamic Bond,2.02,5.08,Nil
Mirae Asset Mutual Fund,Mirae Asset Emerging Bluechip-Reg(G),EQ-L&M,5,22927.4,1.67,9-Jul-10,NIFTY LargeMidcap 250 - TRI,94.83,102.91,83.11,-1.67,4.66,-0.78,-8.58,26.05,20.58,13.87,21.89,65,71,89025,52.51,35.48,11.81,Financials,-,-,-,-4.41,-0.54,-0.83,0.9,17.56,Equity : Large & Mid Cap,-1.58,18.24,1% on or before 1Y(365D) Nil after 1Y(365D)
Mirae Asset Mutual Fund,Mirae Asset Equity Allocator FoF-Reg(G),FOF-DOM,Unrated,372.6,0.15,21-Sep-20,NIFTY 200 - TRI,16.07,16.69,13.84,-1.05,7.69,1.98,-4.8,24.02,-,-,-,-,-,-,-,-,-,-,-,-,-,-4.56,-0.29,-0.45,1.01,17.89,FoFs : Domestic,-3.72,13.95,0.05% on or before 5D Nil after 5D
Mirae Asset Mutual Fund,Mirae Asset Equity Savings Fund-Reg(G),HY-EQ,3,581.4,1.42,17-Dec-18,NIFTY 50 Equity Savings Index,14.91,15.08,13.83,-0.17,4,2.2,0.63,12.63,11.58,-,-,370,97,116822,48.93,14.51,7.89,Financials,3.77,3.08,7.25,-1.16,-0.21,-0.33,0.59,7.04,Hybrid : Equity Oriented,1.35,8.53,1% on or before 1Y(365D) Nil after 1Y(365D)
Mirae Asset Mutual Fund,Mirae Asset Focused Fund-Reg(G),EQ-MLC,Unrated,8588.3,1.74,14-May-19,NIFTY 500 - TRI,18.45,20.86,16.6,-2.01,3.29,-3.32,-11.87,22.44,17.68,-,-,31,31,125743,60.2,29.3,8.54,Financials,-,-,-,-7.89,-0.73,-1.13,0.91,17.7,Equity : Multi Cap,0.07,20.3,1% on or before 1Y(365D) Nil after 1Y(365D)
Mirae Asset Mutual Fund,Mirae Asset Global Electric & Autonomous Vehicles ETFs FoF-Reg(G),FOF-OVR,Unrated,42.3,0.52,7-Sep-22,Solactive Autonomous & Electric Vehicles Index - TRI,9.05,10.38,8.88,-7.48,-,-,-,-,-,-,-,-,-,-,-,-,-,-,-,-,-,-,-,-,-,-,FoFs : Overseas,-21.18,4.44,1% on or before 1Y(365D) Nil after 1Y(365D)
Mirae Asset Mutual Fund,Mirae Asset Global X Artificial Intelligence & Technology ETF FoF-Reg(G),FOF-OVR,Unrated,30.7,0.37,7-Sep-22,Indxx Artificial Intelligence & Big Data Index - TRI,9.37,10.38,8.96,-2.83,-,-,-,-,-,-,-,-,-,-,-,-,-,-,-,-,-,-,-,-,-,-,FoFs : Overseas,-21.18,4.44,1% on or before 1Y(365D) Nil after 1Y(365D)
Mirae Asset Mutual Fund,Mirae Asset Great Consumer Fund-Reg(G),EQ-CONS,3,2004.1,2.02,29-Mar-11,Nifty India Consumption - TRI,59.85,60.96,48.62,0.09,9.49,9.04,3.62,29.51,18.03,14.27,16.71,41,36,86532,65.73,16.51,16.75,FMCG,-,-,-,7.33,0.17,0.27,0.8,16.87,Equity : Thematic - Consumption,7.84,17.57,1% on or before 1Y(365D) Nil after 1Y(365D)
Mirae Asset Mutual Fund,Mirae Asset Hang Seng TECH ETF,EQ-ETF,Unrated,102.3,0.49,7-Dec-21,Hang Seng TECH TRI,11.27,19.68,11.04,-10.65,-24.79,-15.28,-,-,-,-,-,-,30,-,-,-,-,-,-,-,-,-,-,-,-,-,Equity : ETFs,-3.32,12.35,null
Mirae Asset Mutual Fund,Mirae Asset Hang Seng TECH ETF FoF-Reg(G),FOF-OVR,Unrated,55.5,0.64,8-Dec-21,Hang Seng TECH TRI,5.97,10.19,5.82,-11.99,-24.56,-13.65,-,-,-,-,-,-,-,-,-,-,-,-,-,-,-,-,-,-,-,-,FoFs : Overseas,-21.18,4.44,0.50% on or before 3M Nil after 3M
Mirae Asset Mutual Fund,Mirae Asset Healthcare Fund-Reg(G),EQ-PHRM,4,1728.1,2.05,2-Jul-18,S&P BSE Health Care - TRI,21.85,24.08,19.5,3.27,3.55,-3.02,-7.79,12.21,28.68,-,-,22,28,47452,52.61,27.61,19.28,Healthcare,-,-,-,-7.28,-0.68,-1.11,0.59,15.59,Equity : Sectoral - Pharma,-7.13,24.5,1% on or before 1Y(365D) Nil after 1Y(365D)
Mirae Asset Mutual Fund,Mirae Asset Hybrid Equity Fund-Reg(G),HY-EQ,4,6933.1,1.75,29-Jul-15,CRISIL Hybrid 35+65 - Aggressive Index,22.09,22.87,19.68,-0.71,5.47,1.52,-3.47,18.36,14.05,10.64,-,62,65,153577,53.68,9.61,10.14,Financials,3.01,2.34,7.3,-4.23,-0.36,-0.55,0.89,13.23,Hybrid : Equity Oriented,1.35,8.53,1% on or before 1Y(365D) Nil after 1Y(365D)
Mirae Asset Mutual Fund,Mirae Asset Large Cap Fund-Reg(G),EQ-LC,4,32980.7,1.54,4-Apr-08,NIFTY 100 - TRI,78.34,82.44,68.66,-0.44,6.23,1.67,-6.53,21.09,14.9,11.24,15.95,22,59,228019,80.03,14.26,4.7,Financials,-,-,-,-2.04,-0.41,-0.65,0.93,17.39,Equity : Large Cap,-3.51,14.3,1% on or before 1Y(365D) Nil after 1Y(365D)
Mirae Asset Mutual Fund,Mirae Asset Midcap Fund-Reg(G),EQ-MID,Unrated,8439.3,2.05,29-Jul-19,Nifty Midcap 150 - TRI,21.54,22.3,17.9,-1.49,7.61,2.32,-1.2,36.44,26.31,-,-,42,56,31975,16.04,64.57,18.24,Financials,-,-,-,3,-0.09,-0.14,0.85,18.09,Equity : Mid Cap,0.53,23.53,1% on or before 365D Nil after 365D
Mirae Asset Mutual Fund,Mirae Asset Money Market Fund-Reg(G),DT-MM,Unrated,58.1,0.66,11-Aug-21,Nifty Money Market Index,1043.4,1043.4,1005.66,0.34,1.08,2.1,3.76,-,-,-,-,0,-,-,-,-,-,-,0.42,0.42,6.67,1.08,4.6,10.38,0.02,0.23,Debt : Money Market,3.75,4.5,NIL
Mirae Asset Mutual Fund,Mirae Asset Nifty 100 ESG Sector Leaders ETF,EQ-ETF,Unrated,155.3,0.65,18-Nov-20,Nifty100 ESG Sector Leaders - TRI,29.11,31.11,25.58,-0.55,5.93,0.17,-6.76,-,-,-,-,-,56,362372,98.39,1.56,-,Financials,-,-,-,-2.44,-0.43,-0.7,0.97,18.07,Equity : ETFs,-3.32,12.35,null
Mirae Asset Mutual Fund,Mirae Asset Nifty 100 ESG Sector Leaders FoF-Reg(G),FOF-DOM,Unrated,129.3,0.49,18-Nov-20,Nifty100 ESG Sector Leaders - TRI,12.86,13.78,11.35,-0.89,5.82,-0.37,-7.27,-,-,-,-,-,-,-,-,-,-,-,-,-,-,-7.59,-0.47,-0.76,1.1,17.63,FoFs : Domestic,-3.72,13.95,0.05% on or before 5D Nil after 5D
Mirae Asset Mutual Fund,Mirae Asset Nifty 50 ETF,EQ-ETF,Unrated,936.3,0.05,20-Nov-18,NIFTY 50 - TRI,182.66,188.82,158.92,-0.25,7.72,2.76,-4.11,22.92,15.62,-,-,-,51,397414,99.98,-,-,Financials,-,-,-,0.88,-0.25,-0.41,0.99,18.16,Equity : ETFs,-3.32,12.35,null
Mirae Asset Mutual Fund,Mirae Asset Nifty AAA PSU Bond Plus SDL Apr 2026 50:50 Index Fund-Reg(G),DT-B&PSU,Unrated,-,-,-,Nifty AAA Bond Plus SDL Apr 2026 50:50 Index,-,-,-,-,-,-,-,-,-,-,-,-,-,-,-,-,-,-,-,-,-,-,-,-,-,-,Debt : Banking & PSU,2.42,5.6,Nil
Mirae Asset Mutual Fund,Mirae Asset Nifty Financial Services ETF,EQ-ETF,Unrated,243.3,0.12,30-Jul-21,Nifty Financial Services - TRI,18.22,19.64,15.09,-1.92,10.39,6.57,-4.6,-,-,-,-,-,20,404984,97.18,2.44,0.37,Financials,-,-,-,1.49,-0.21,-0.34,1.11,21.91,Equity : ETFs,-3.32,12.35,null
Mirae Asset Mutual Fund,Mirae Asset Nifty India Manufacturing ETF,EQ-ETF,Unrated,73.3,0.36,27-Jan-22,Nifty India Manufacturing - TRI,82.89,86.39,70.06,-1.03,7.43,1.71,-,-,-,-,-,-,77,80665,67.25,31.5,1.23,Automobile and Ancillaries,-,-,-,-,-,-,-,-,Equity : ETFs,-3.32,12.35,null
Mirae Asset Mutual Fund,Mirae Asset Nifty India Manufacturing ETF FoF-Reg(G),FOF-DOM,Unrated,43.4,0.61,31-Jan-22,Nifty India Manufacturing - TRI,10.41,10.9,8.82,-1.25,7.41,1.29,-,-,-,-,-,-,-,-,-,-,-,-,-,-,-,-,-,-,-,-,FoFs : Domestic,-3.72,13.95,0.50% on or before 3M Nil after 3M
Mirae Asset Mutual Fund,Mirae Asset Nifty Midcap 150 ETF,EQ-ETF,Unrated,145.2,0.05,9-Mar-22,Nifty Midcap 150 - TRI,11.78,12.29,9.58,-1.73,9.48,3.46,-,-,-,-,-,-,150,30996,8.09,87.42,4.4,Financials,-,-,-,-,-,-,-,-,Equity : ETFs,-3.32,12.35,null
Mirae Asset Mutual Fund,Mirae Asset Nifty Next 50 ETF,EQ-ETF,Unrated,96.5,0.15,24-Jan-20,NIFTY NEXT 50 - TRI,422.7,458.55,356.55,-4.94,6.37,-2.78,-5.11,24.68,-,-,-,-,50,83360,88.05,11.9,-,Financials,-,-,-,-0.45,-0.28,-0.41,0.95,20.63,Equity : ETFs,-3.32,12.35,null
Mirae Asset Mutual Fund,Mirae Asset Nifty SDL Jun 2027 Index Fund-Reg(G),DT-M&LD,Unrated,538.5,0.29,30-Mar-22,Nifty SDL Jun 2027 Index,9.98,10.05,9.65,0.09,1.2,1.21,-,-,-,-,-,0,-,-,-,-,-,-,4.43,3.64,7.43,-,-,-,-,-,Debt : Medium to Long Duration,1.11,4.88,Nil
Mirae Asset Mutual Fund,Mirae Asset NYSE FANG+ ETF,EQ-ETF,Unrated,1012.2,0.69,7-May-21,NYSE FANG+ TRI,37.77,59.26,36.01,-6.26,-6.47,-17.94,-33.29,-,-,-,-,-,10,-,-,-,-,-,-,-,-,-33.14,-0.82,-1.36,2.17,41.37,Equity : ETFs,-3.32,12.35,null
Mirae Asset Mutual Fund,Mirae Asset NYSE FANG+ETF FoF-Reg(G),FOF-OVR,Unrated,721.8,0.48,10-May-21,NYSE FANG+ TRI,8.13,12.92,7.8,-4.2,-6.34,-14.5,-29.23,-,-,-,-,-,-,-,-,-,-,-,-,-,-,-36.99,-1.13,-1.79,0.84,33.06,FoFs : Overseas,-21.18,4.44,0.50% on or before 3M Nil after 3M
Mirae Asset Mutual Fund,Mirae Asset Overnight Fund-Reg(G),DT-ON,2,877.6,0.21,15-Oct-19,Nifty 1D Rate Index,1114.76,1114.76,1070.97,0.47,1.32,2.38,4.09,3.59,3.67,-,-,0,-,-,-,-,-,-,0.01,0.01,6.16,0.55,5.72,7.18,-,0.1,Debt : Overnight,4.1,3.6,Nil
Mirae Asset Mutual Fund,Mirae Asset S&P 500 Top 50 ETF,EQ-ETF,Unrated,435.3,0.59,21-Sep-21,S&P 500 Top 50 TRI,25.55,31.23,24.17,-1.23,-2.08,-10.66,-11.7,-,-,-,-,-,51,-,-,-,-,-,-,-,-,-11.31,-0.46,-0.75,1.11,25.27,Equity : ETFs,-3.32,12.35,null
Mirae Asset Mutual Fund,Mirae Asset S&P 500 Top 50 ETF FoF-Reg(G),FOF-OVR,Unrated,336,0.57,22-Sep-21,S&P 500 Top 50 TRI,9.22,11.27,8.79,-1.01,-4.02,-8.99,-10.37,-,-,-,-,-,-,-,-,-,-,-,-,-,-,-13.13,-0.62,-1.06,0.68,21.43,FoFs : Overseas,-21.18,4.44,0.50% on or before 3M
Mirae Asset Mutual Fund,Mirae Asset Savings Fund-Reg Savings Plan(G),DT-LOWD,2,617.7,0.93,5-Mar-08,NIFTY Low Duration Debt Index,1875.9,1875.9,1816.81,0.26,1.1,1.82,3.25,3.31,4.36,5.1,6.21,0,-,-,-,-,-,-,0.73,0.66,6.97,0.6,1.28,1.93,0.08,0.44,Debt : Low Duration,3.28,4.97,Nil
Mirae Asset Mutual Fund,Mirae Asset Short Term Fund-Reg(G),DT-SD,2,397.1,1.15,16-Mar-18,Crisil Short Term Bond Fund Index,13,13.01,12.71,0.07,0.9,1.27,2.24,2.97,4.85,-,-,0,-,-,-,-,-,-,1.76,1.48,7.28,-0.38,-0.51,-0.7,0.21,0.91,Debt : Short Duration,2.89,5.39,Nil
Mirae Asset Mutual Fund,Mirae Asset Tax Saver Fund-Reg(G),EQ-ELSS,4,12925,1.63,28-Dec-15,NIFTY 500 - TRI,30.6,32.79,26.86,-1.32,5.41,-0.32,-7.48,24.73,19.52,14.02,-,75,70,145648,70.4,18.11,11,Financials,-,-,-,-3,-0.46,-0.72,0.93,17.61,Equity : Tax Saving (ELSS),-1.86,16.69,Nil
Mirae Asset Mutual Fund,Mirae Asset Ultra Short Duration Fund-Reg(G),DT-USD,1,232.1,0.48,7-Oct-20,NIFTY Ultra Short Duration Debt Index,1077.87,1077.87,1036.29,0.37,1.17,2.14,4.01,3.74,-,-,-,0,-,-,-,-,-,-,0.39,0.37,6.66,1.34,4.59,7.84,0.03,0.29,Debt : Ultra Short Duration,3.68,4.48,Nil
Motilal Oswal Mutual Fund,Motilal Oswal 5 Year G-Sec FoF-Reg(G),FOF-DOM,Unrated,7.9,0.1,6-Oct-21,Nifty 5 yr Benchmark G-Sec Index TRI,10.09,10.21,9.79,-0.05,0.93,0.78,0.87,-,-,-,-,-,-,-,-,-,-,-,-,-,-,-1.46,-0.42,-0.66,0.84,4.38,FoFs : Domestic,-3.72,13.95,1% on or before 15D Nil after 15D
Motilal Oswal Mutual Fund,Motilal Oswal Asset Allocation Passive FoF-Aggressive-Reg(G),FOF-DOM,Unrated,52.4,0.59,12-Mar-21,NIFTY 500 - TRI,11.32,11.78,10.29,-1.02,3.65,-1.78,-3.93,-,-,-,-,-,-,-,-,-,-,-,-,-,-,-5.01,-0.45,-0.71,0.6,11.82,FoFs : Domestic,-3.72,13.95,1% on or before 15D Nil after 15D
Motilal Oswal Mutual Fund,Motilal Oswal Asset Allocation Passive FoF-Conservative-Reg(G),FOF-DOM,Unrated,46,0.66,12-Mar-21,Nifty 5 yr Benchmark G-Sec Index TRI,10.97,11.24,10.31,-0.52,2.59,-0.99,-2.08,-,-,-,-,-,-,-,-,-,-,-,-,-,-,-3.88,-0.57,-0.88,0.65,7.47,FoFs : Domestic,-3.72,13.95,1% on or before 15D Nil after 15D
Motilal Oswal Mutual Fund,Motilal Oswal Dynamic Fund-Reg(G),HY-DYN,2,813.2,2.33,27-Sep-16,CRISIL Hybrid 50+50 - Moderate Index,15.51,15.99,13.58,-0.63,7.03,2.98,-1.57,6.9,6.18,5.74,-,320,27,37465,33,15.61,20.65,Financials,1.14,0.93,7.17,-2.92,-0.3,-0.46,0.69,10.93,Hybrid : Dynamic Asset Allocation,1.18,10.47,1% on or before 1Y Nil after 1Y
Motilal Oswal Mutual Fund,Motilal Oswal Equity Hybrid Fund-Reg(G),HY-EQ,3,406.1,2.42,14-Sep-18,CRISIL Hybrid 35+65 - Aggressive Index,15.48,15.76,13.63,0.18,7.03,5.36,-2.04,14.13,11.14,-,-,70,33,159191,52.37,12.49,3.76,Financials,0.64,0.55,6.47,-3.25,-0.29,-0.45,0.68,12.69,Hybrid : Equity Oriented,1.35,8.53,1% on or before 15D Nil after 15D
Motilal Oswal Mutual Fund,Motilal Oswal Flexi Cap Fund-Reg(G),EQ-FLEX,1,9367,1.77,28-Apr-14,NIFTY 500 - TRI,34.36,36.2,28.62,-1.08,11.36,5.53,-6.58,14.97,8.75,5.61,-,40,25,140914,64.92,22.42,7.28,Financials,-,-,-,-1.92,-0.39,-0.61,0.95,18.26,Equity : Flexi Cap,-2.7,16.46,1% on or before 15D Nil after 15D
Motilal Oswal Mutual Fund,Motilal Oswal Focused 25 Fund-Reg(G),EQ-LC,2,1742,2.16,13-May-13,NIFTY 500 - TRI,33.2,34.66,28.38,-0.75,7.43,6.33,-4.26,16.94,12.64,9.73,-,60,24,184975,79.01,20.05,-,Financials,-,-,-,-0.13,-0.29,-0.46,0.9,17.45,Equity : Large Cap,-3.51,14.3,1% on or before 15D Nil after 15D
Motilal Oswal Mutual Fund,Motilal Oswal Gold and Silver ETFs FoF-Reg(G),GOLD-MF,Unrated,-,-,-,Gold-India,9.85,10,9.85,-,-,-,-,-,-,-,-,-,-,-,-,-,-,-,-,-,-,-,-,-,-,-,Gold : MFs,3.72,7.87,1% on or before 15D Nil after 15D
Motilal Oswal Mutual Fund,Motilal Oswal Large & Midcap Fund-Reg(G),EQ-L&M,Unrated,1335.3,2.23,17-Oct-19,NIFTY LargeMidcap 250 - TRI,16.46,17.8,13.62,-1.39,9.78,4.52,-3.98,28.62,18.02,-,-,30,37,65695,44.3,37.83,15.94,Financials,-,-,-,0.58,-0.24,-0.36,0.91,18.96,Equity : Large & Mid Cap,-1.58,18.24,1% on or before 15D Nil after 15D
Motilal Oswal Mutual Fund,Motilal Oswal Liquid Fund-Reg(G),DT-LIQ,1,475.6,0.36,19-Dec-18,Crisil Liquid Fund Index,11.6,11.6,11.18,0.4,1.19,2.19,3.8,3.34,3.47,-,-,0,-,-,-,-,-,-,0.16,0.15,5.98,0.35,2.45,3.96,0.01,0.14,Debt : Liquid,4.1,3.86,0.007% for Day 1 0.0065% on Day 2 0.0060% on Day 3 0.0055% on Day 4 0.0050% on Day 5 0.0045% on Day 6 NIL on or after 7D
Motilal Oswal Mutual Fund,Motilal Oswal Long Term Equity Fund-Reg(G),EQ-ELSS,3,2182.8,2.05,21-Jan-15,NIFTY 500 - TRI,26.46,28.33,22.09,-1.49,8.83,4.27,-5.08,25.4,13.83,9.1,-,40,32,93242,55.47,32.54,10.52,Financials,-,-,-,-0.81,-0.32,-0.49,0.93,18.6,Equity : Tax Saving (ELSS),-1.86,16.69,Nil
Motilal Oswal Mutual Fund,Motilal Oswal Midcap Fund-Reg(G),EQ-MID,2,3409,2,24-Feb-14,Nifty Midcap 150 - TRI,52.26,53.38,40.02,0.83,15.71,12.43,15.04,45.9,26.63,15.48,-,70,25,39759,15.19,68.49,10.34,Construction,-,-,-,19.78,0.77,1.2,0.83,19.77,Equity : Mid Cap,0.53,23.53,1% on or before 15D Nil after 15D
Motilal Oswal Mutual Fund,Motilal Oswal MSCI EAFE Top 100 Select Index Fund-Reg(G),EQ-INDX,Unrated,30.2,1.09,1-Dec-21,MSCI EAFE Top 100 Select Index,8.78,10.49,8.35,-2,-3.69,-11.68,-,-,-,-,-,-,100,-,-,-,-,-,-,-,-,-,-,-,-,-,Equity : Index Funds,-2.76,15.7,1% on or before 15D Nil after 15D
Motilal Oswal Mutual Fund,Motilal Oswal Multi Asset Fund-Reg(G),HY-MULTI,Unrated,151.4,1.93,4-Aug-20,CRISIL Short Term Gilt Index,10.67,10.93,10.28,-0.23,0.83,-1.79,-1.64,2.68,-,-,-,50,22,49051,12.59,2.05,6.03,Financials,0.77,0.72,6.24,-3.96,-0.82,-1.26,0.2,4.98,Hybrid : Multi Asset Allocation,1.62,13.98,1% on or before 3M Nil after 3M
Motilal Oswal Mutual Fund,Motilal Oswal Nasdaq 100 ETF,EQ-ETF,Unrated,4786.3,0.58,29-Mar-11,Nasdaq-100,89.75,121.42,84.91,-4.3,-4.82,-14.09,-19.71,2.79,17.58,18,19.78,20,102,-,-,-,-,-,-,-,-,-17.97,-0.6,-0.98,0.8,30.59,Equity : ETFs,-3.32,12.35,Nil
Motilal Oswal Mutual Fund,Motilal Oswal Nasdaq 100 FOF-Reg(G),FOF-OVR,Unrated,3087.7,0.5,29-Nov-18,Nasdaq-100,18.93,25.79,17.93,-2.93,-3.36,-13.25,-19.63,1.51,16.86,-,-,-,1,-,-,-,-,-,-,-,-,-18.35,-0.65,-1.03,1.71,29.56,FoFs : Overseas,-21.18,4.44,Nil
Motilal Oswal Mutual Fund,Motilal Oswal NASDAQ Q 50 ETF,EQ-ETF,Unrated,15.5,0.42,23-Dec-21,NASDAQ Q-50-TRI,48.36,65.25,44.93,-6.28,-1.83,-12.14,-,-,-,-,-,-,52,-,-,-,-,-,-,-,-,-,-,-,-,-,Equity : ETFs,-3.32,12.35,null
Motilal Oswal Mutual Fund,Motilal Oswal Nifty 200 Momentum 30 ETF,EQ-ETF,Unrated,17.1,0.33,10-Feb-22,Nifty200 Momentum 30 - TRI,39.14,209.65,37.42,-1.45,13.75,-2.45,-,-,-,-,-,-,30,137227,86.12,13.81,-,Energy,-,-,-,-,-,-,-,-,Equity : ETFs,-3.32,12.35,null
Motilal Oswal Mutual Fund,Motilal Oswal Nifty 200 Momentum 30 Index Fund-Reg(G),EQ-INDX,Unrated,115.2,0.97,10-Feb-22,Nifty200 Momentum 30 - TRI,9.61,10.3,7.86,-1.52,13.72,-2.53,-,-,-,-,-,-,30,137263,86.07,13.8,-,Energy,-,-,-,-,-,-,-,-,Equity : Index Funds,-2.76,15.7,1% on or before 15D Nil after 15D
Motilal Oswal Mutual Fund,Motilal Oswal Nifty 5 Year Benchmark G-Sec ETF,DT-ETF,Unrated,55,0.15,10-Dec-20,Nifty 5 yr Benchmark G-Sec Index TRI,49.25,49.74,47.98,0.03,0.85,0.76,0.91,-,-,-,-,0,-,-,-,-,-,-,4.72,3.75,7.3,-1.64,-0.63,-0.96,0.8,3.18,Debt : ETFs,-3.32,12.35,null
Motilal Oswal Mutual Fund,Motilal Oswal Nifty 50 ETF,EQ-ETF,Unrated,30.4,0.05,28-Jul-10,NIFTY 50 - TRI,175.84,181.58,152.99,-0.25,7.73,2.84,-4,22.85,15.51,12.38,12.25,3,51,397422,100.09,-,-,Financials,-,-,-,0.98,-0.25,-0.4,0.99,18.12,Equity : ETFs,-3.32,12.35,Nil
Motilal Oswal Mutual Fund,Motilal Oswal Nifty 50 Index Fund-Reg(G),EQ-INDX,Unrated,206.4,0.5,23-Dec-19,NIFTY 50 - TRI,14.55,15.09,12.67,-0.29,7.61,2.54,-4.63,22.05,-,-,-,10,51,397415,99.96,-,-,Financials,-,-,-,0.33,-0.28,-0.46,0.99,18.17,Equity : Index Funds,-2.76,15.7,1% on or before 15D Nil after 15D
Motilal Oswal Mutual Fund,Motilal Oswal Nifty 500 Index Fund-Reg(G),EQ-INDX,Unrated,344.8,1.05,6-Sep-19,NIFTY 500 - TRI,16.81,17.56,14.45,-1.31,7.66,1.13,-5.03,24.43,16.52,-,-,10,501,174058,77.58,14.66,7.79,Financials,-,-,-,-0.2,-0.3,-0.48,0.97,18.29,Equity : Index Funds,-2.76,15.7,1% on or before 15D Nil after 15D
Motilal Oswal Mutual Fund,Motilal Oswal Nifty Bank Index Fund-Reg(G),EQ-INDX,Unrated,299.1,1.01,6-Sep-19,NIFTY BANK - TRI,14.4,14.79,11.63,-1.11,14.14,10.21,1.37,27.99,10.56,-,-,40,13,363664,93.85,6.37,-,Financials,-,-,-,8.09,0.09,0.14,1.1,22.4,Equity : Index Funds,-2.76,15.7,1% on or before 15D Nil after 15D
Motilal Oswal Mutual Fund,Motilal Oswal Nifty Midcap 100 ETF,EQ-ETF,Unrated,202.2,0.2,3-Feb-11,Nifty Midcap 100 - TRI,32.8,34.45,26.76,-2.25,8.6,1.72,-5.34,36.07,24.59,10.9,14.93,60,100,33176,9.75,85.75,2.57,Financials,-,-,-,0.81,-0.22,-0.33,1,21.87,Equity : ETFs,-3.32,12.35,Nil
Motilal Oswal Mutual Fund,Motilal Oswal Nifty Midcap 150 Index Fund-Reg(G),EQ-INDX,Unrated,621.5,1.02,6-Sep-19,Nifty Midcap 150 - TRI,20.5,21.43,16.74,-1.92,9.07,2.96,-4.09,34.26,24.95,-,-,50,150,30990,8.05,86.88,4.38,Financials,-,-,-,1.23,-0.19,-0.29,0.93,20.28,Equity : Index Funds,-2.76,15.7,1% on or before 15D Nil after 15D
Motilal Oswal Mutual Fund,Motilal Oswal Nifty Next 50 Index Fund-Reg(G),EQ-INDX,Unrated,132.8,0.98,23-Dec-19,NIFTY NEXT 50 - TRI,14.53,15.75,12.27,-4.85,6.35,-3.01,-5.91,23.34,-,-,-,60,50,83358,88.1,11.91,-,Financials,-,-,-,-1.34,-0.32,-0.48,0.95,20.58,Equity : Index Funds,-2.76,15.7,1% on or before 15D Nil after 15D
Motilal Oswal Mutual Fund,Motilal Oswal Nifty Smallcap 250 Index Fund-Reg(G),EQ-INDX,Unrated,299.7,1.03,6-Sep-19,Nifty Smallcap 250 - TRI,20.3,22.87,16.7,-1.7,9.43,-4.78,-7.46,35.08,25.39,-,-,70,250,9007,-,2.94,96.85,Financials,-,-,-,-2.44,-0.34,-0.49,0.9,21.63,Equity : Index Funds,-2.76,15.7,1% on or before 15D Nil after 15D
Motilal Oswal Mutual Fund,Motilal Oswal S&P 500 Index Fund-Reg(G),EQ-INTL,Unrated,2275.4,1.06,28-Apr-20,S&P 500 - TRI,13.84,16.07,12.83,-2.61,-1.91,-9.5,-10.14,9.52,-,-,-,10,502,-,-,-,-,-,-,-,-,-6.65,-0.38,-0.62,0.34,22.36,Equity : International,-18.69,6,1% on or before 15D Nil after 15D
Motilal Oswal Mutual Fund,Motilal Oswal S&P BSE Enhanced Value ETF,EQ-ETF,Unrated,5.7,0.29,22-Aug-22,S&P BSE Enhanced Value Index - TRI,41.87,43.77,39.45,-1.59,-,-,-,-,-,-,-,-,30,60317,58.16,40.28,1.21,Energy,-,-,-,-,-,-,-,-,Equity : ETFs,-3.32,12.35,null
Motilal Oswal Mutual Fund,Motilal Oswal S&P BSE Enhanced Value Index Fund-Reg(G),EQ-INDX,Unrated,6.1,0.94,22-Aug-22,S&P BSE Enhanced Value Index - TRI,10.31,10.79,9.73,-1.65,-,-,-,-,-,-,-,-,30,60319,58.07,40.21,1.2,Energy,-,-,-,-,-,-,-,-,Equity : Index Funds,-2.76,15.7,1% on or before 15D Nil after 15D
Motilal Oswal Mutual Fund,Motilal Oswal S&P BSE Financials ex Bank 30 Index Fund-Reg(G),EQ-INDX,Unrated,3.8,0.98,29-Jul-22,S&P BSE Financials ex Bank 30 - TRI,9.96,10.58,9.72,-2.93,-,-,-,-,-,-,-,-,30,124651,76.29,20.73,3.12,Financials,-,-,-,-,-,-,-,-,Equity : Index Funds,-2.76,15.7,1% on or before 15D Nil after 15D
Motilal Oswal Mutual Fund,Motilal Oswal S&P BSE Healthcare ETF,EQ-ETF,Unrated,6.1,0.2,29-Jul-22,S&P BSE Health Care - TRI,23.45,23.8,22.66,3.15,-,-,-,-,-,-,-,-,96,44029,50.63,31.05,18.07,Healthcare,-,-,-,-,-,-,-,-,Equity : ETFs,-3.32,12.35,null
Motilal Oswal Mutual Fund,Motilal Oswal S&P BSE Low Volatility ETF,EQ-ETF,Unrated,2.7,0.31,23-Mar-22,S&P BSE Low Volatility Index - TRI,23.71,120.94,23.3,-0.01,2.22,3.23,-,-,-,-,-,-,30,89798,59.75,29.77,9.41,FMCG,-,-,-,-,-,-,-,-,Equity : ETFs,-3.32,12.35,null
Motilal Oswal Mutual Fund,Motilal Oswal S&P BSE Low Volatility Index Fund-Reg(G),EQ-INDX,Unrated,11.2,0.96,23-Mar-22,S&P BSE Low Volatility Index - TRI,10.55,10.99,9.52,-0.1,2.01,3.37,-,-,-,-,-,-,30,89815,61.11,30.41,9.64,FMCG,-,-,-,-,-,-,-,-,Equity : Index Funds,-2.76,15.7,1% on or before 15D Nil after 15D
Motilal Oswal Mutual Fund,Motilal Oswal S&P BSE Quality ETF,EQ-ETF,Unrated,5.7,0.29,22-Aug-22,S&P BSE Quality Index - TRI,117.16,118.93,113.56,1.05,-,-,-,-,-,-,-,-,30,108528,68.66,29,1.92,FMCG,-,-,-,-,-,-,-,-,Equity : ETFs,-3.32,12.35,null
Motilal Oswal Mutual Fund,Motilal Oswal S&P BSE Quality Index Fund-Reg(G),EQ-INDX,Unrated,4.5,0.98,22-Aug-22,S&P BSE Quality Index - TRI,10.31,10.46,10,1.04,-,-,-,-,-,-,-,-,30,108359,70.02,29.74,1.92,FMCG,-,-,-,-,-,-,-,-,Equity : Index Funds,-2.76,15.7,1% on or before 15D Nil after 15D
Motilal Oswal Mutual Fund,Motilal Oswal Ultra Short Term Fund-Reg(G),DT-USD,Unrated,98.3,1.07,6-Sep-13,CRISIL Ultra Short Term Debt Index,14.13,14.13,13.72,0.36,1.03,1.7,2.98,2.78,3.41,1.54,-,0,-,-,-,-,-,-,0.37,0.33,6.14,0.3,1.05,1.73,0.03,0.28,Debt : Ultra Short Duration,3.68,4.48,Nil
Navi Mutual Fund,Navi 3 in 1 Fund-Reg(G),HY-MULTI,Unrated,15.9,2.4,5-Apr-11,Nifty 50 Arbitrage,23.67,26.61,22.71,1.78,-7.51,-10.84,0.36,15.4,9.56,7.44,-,0,41,164606,51.81,15.17,5.48,Financials,1.6,1.31,6.15,-1.18,-0.12,-0.19,0.35,13.22,Hybrid : Multi Asset Allocation,1.62,13.98,Nil for 15% of units on or before 365D For remaining units 1% on or beofre 365D and Nil after 365D
Navi Mutual Fund,Navi ELSS Tax Saver Fund-Reg(G),EQ-ELSS,Unrated,57.8,2.34,30-Dec-15,S&P BSE 100 - TRI,20.21,21.92,17.44,-0.34,8.39,1.34,-7.85,19.72,11.84,7.82,-,45,45,112851,59.59,22.44,15.1,Financials,-,-,-,-3.2,-0.47,-0.71,0.94,18.05,Equity : Tax Saving (ELSS),-1.86,16.69,Nil
Navi Mutual Fund,Navi Equity Hybrid Fund-Reg(G),HY-EQ,Unrated,86,2.33,30-Apr-18,CRISIL Hybrid 35+65 - Aggressive Index,14.39,14.83,12.83,-0.02,6.76,2.17,-2.14,16.49,10.42,-,-,37,38,155235,46.44,14.73,5.16,Financials,1.45,1.22,6.89,-3.12,-0.27,-0.42,0.86,13.42,Hybrid : Equity Oriented,1.35,8.53,Nil
Navi Mutual Fund,Navi Flexi Cap Fund-Reg(G),EQ-FLEX,2,209.5,2.34,9-Jul-18,NIFTY 500 - TRI,16.03,16.79,13.64,-0.46,8.87,2.84,-4.83,23.91,14.41,-,-,42,56,123233,64.12,19.59,11.24,Financials,-,-,-,-0.23,-0.3,-0.47,0.95,18.04,Equity : Flexi Cap,-2.7,16.46,Nil
Navi Mutual Fund,Navi Large & Midcap Fund-Reg(G),EQ-L&M,2,244.3,2.31,7-Dec-15,S&P BSE 250 LargeMidCap Index - TRI,24.78,25.89,21.04,-0.12,8.52,1.97,-2.71,28.65,17.29,10.96,-,70,55,85821,46.92,38.82,10.54,Financials,-,-,-,2.27,-0.16,-0.24,0.93,18.37,Equity : Large & Mid Cap,-1.58,18.24,Nil
Navi Mutual Fund,Navi Large Cap Equity Fund-Reg(G),EQ-LC,2,91.3,2.51,28-Sep-11,NIFTY 50 - TRI,30.76,36.02,29.18,2.6,-7.97,-14.49,-2.56,20.48,9.99,7,-,37,40,251331,85.07,5.81,2.77,Financials,-,-,-,-3.55,-0.24,-0.38,0.96,17.03,Equity : Large Cap,-3.51,14.3,Nil
Navi Mutual Fund,Navi Liquid Fund-Reg(G),DT-LIQ,Unrated,96,0.2,19-Feb-10,Crisil Liquid Fund Index,2378.03,2378.03,2273.97,0.45,1.34,2.47,4.58,3.87,3.93,5.14,6.77,0,-,-,-,-,-,-,0.11,0.11,5.74,0.96,7.84,10.26,0.01,0.12,Debt : Liquid,4.1,3.86,0.007% for Day 1 0.0065% on Day 2 0.0060% on Day 3 0.0055% on Day 4 0.0050% on Day 5 0.0045% on Day 6 NIL on or after 7D
Navi Mutual Fund,Navi NASDAQ 100 FoF-Reg(G),FOF-OVR,Unrated,202.9,0.31,23-Mar-22,Nasdaq-100,8.11,10.28,7.7,-2.91,-3.38,-13.87,-,-,-,-,-,-,-,-,-,-,-,-,-,-,-,-,-,-,-,-,FoFs : Overseas,-21.18,4.44,Nil
Navi Mutual Fund,Navi Nifty 50 Index Fund-Reg(G),EQ-INDX,Unrated,520.5,0.27,15-Jul-21,NIFTY 50 - TRI,11.11,11.52,9.67,-0.27,7.63,2.54,-4.52,-,-,-,-,10,50,397416,100.25,-,-,Financials,-,-,-,0.45,-0.28,-0.45,0.99,18.17,Equity : Index Funds,-2.76,15.7,Nil
Navi Mutual Fund,Navi Nifty Bank Index Fund-Reg(G),EQ-INDX,Unrated,39.9,0.81,4-Feb-22,NIFTY BANK - TRI,10.4,10.69,8.41,-1.21,13.96,10.05,-,-,-,-,-,30,12,363665,93.82,6.37,-,Financials,-,-,-,-,-,-,-,-,Equity : Index Funds,-2.76,15.7,Nil
Navi Mutual Fund,Navi Nifty India Manufacturing Index Fund-Reg(G),EQ-INDX,Unrated,9.4,1,26-Aug-22,Nifty India Manufacturing - TRI,9.87,10.3,9.63,-1.14,-,-,-,-,-,-,-,4,77,80665,67.56,31.63,1.23,Automobile and Ancillaries,-,-,-,-,-,-,-,-,Equity : Index Funds,-2.76,15.7,Nil
Navi Mutual Fund,Navi Nifty Midcap 150 Index Fund-Reg(G),EQ-INDX,Unrated,22.4,1.01,11-Mar-22,Nifty Midcap 150 - TRI,11.02,11.49,8.99,-1.69,9.25,2.97,-,-,-,-,-,30,150,30996,8.1,87.53,4.41,Financials,-,-,-,-,-,-,-,-,Equity : Index Funds,-2.76,15.7,Nil
Navi Mutual Fund,Navi Nifty Next 50 Index Fund-Reg(G),EQ-INDX,Unrated,84.4,0.59,19-Jan-22,NIFTY NEXT 50 - TRI,9.83,10.63,8.27,-4.63,6.67,-2.83,-,-,-,-,-,52,50,83356,88.19,11.92,-,Financials,-,-,-,-,-,-,-,-,Equity : Index Funds,-2.76,15.7,Nil
Navi Mutual Fund,Navi Regular Savings Fund-Reg(G),HY-DT(CO),Unrated,27.8,2.15,29-Jul-10,CRISIL Hybrid 85+15 - Conservative Index,22.52,22.57,21.64,0.11,2.62,1.64,0.8,5.68,4.8,4.66,6.78,0,11,371719,15.78,0.96,0.58,Financials,1.03,0.87,6,-1.71,-0.47,-0.77,0.28,3.91,Hybrid : Debt Oriented (Conservative),0.59,9.76,Nil for 15% of units on or before 365D For remaining units 1% on or beofre 365D and Nil after 365D
Navi Mutual Fund,Navi Ultra Short Term Fund-Reg(G),DT-USD,Unrated,11.8,1.65,19-Feb-10,Crisil Liquid Fund Index,2251.94,2251.94,2217.87,0.29,0.47,0.96,2.06,2.01,3.11,4.44,-,0,-,-,-,-,-,-,0.37,0.34,5.46,-0.63,-2.67,-3.93,0.03,0.24,Debt : Ultra Short Duration,3.68,4.48,Nil
Navi Mutual Fund,Navi US Total Stock Market FoF-Reg(G),FOF-OVR,Unrated,284,0.07,24-Feb-22,CRSP US Total Market Index,9.47,10.9,8.78,-0.78,0.66,-8.4,-,-,-,-,-,-,-,-,-,-,-,-,-,-,-,-,-,-,-,-,FoFs : Overseas,-21.18,4.44,Nil
Nippon India Mutual Fund,Nippon India Arbitrage Fund(G),HY-ARB,3,9181.5,1.05,14-Oct-10,Nifty 50 Arbitrage,22.1,22.1,21.27,0.41,1.11,1.91,3.8,3.81,3.99,5.03,6.32,1259,146,132614,50.89,14.44,3.77,Financials,-,-,-,1.01,1.19,2.53,-0.01,0.86,Hybrid : Arbitrage,3.56,3.65,0.25% on or before 1M Nil after 1M
Nippon India Mutual Fund,Nippon India Asset Allocator FoF-Reg(G),FOF-DOM,Unrated,106,1.5,8-Feb-21,CRISIL Hybrid 50+50 - Moderate Index,12.77,12.97,11.52,0.14,6.15,1.88,1.77,-,-,-,-,107,-,-,-,-,-,-,-,-,-,-0.35,-0.06,-0.09,0.34,9.18,FoFs : Domestic,-3.72,13.95,Nil upto 10% of units and 1% for remaning units on or before 12M Nil after 12M
Nippon India Mutual Fund,Nippon India Balanced Advantage Fund(G),HY-DYN,3,6501,1.81,15-Nov-04,CRISIL Hybrid 50+50 - Moderate Index,125.59,127.8,115.04,-0.4,4.65,3.92,0.78,15.34,11.13,8.18,11.57,342,60,164466,52.92,8.24,5.49,Financials,3.18,2.49,7.26,-1.06,-0.17,-0.26,0.49,8.01,Hybrid : Dynamic Asset Allocation,1.18,10.47,Nil for 10% of units on or before 12M In excess of limit 1% on or before 12M and Nil after 12M
Nippon India Mutual Fund,Nippon India Banking & Financial Services Fund(G),EQ-FIN,5,3620.9,2.03,26-May-03,Nifty Financial Services - TRI,388.23,399.92,310.3,-1.6,13.04,7.49,1.99,36.19,14.01,8.63,13.49,50,26,111351,65.49,13.87,16.45,Financials,-,-,-,8.37,0.12,0.18,1.06,21.45,Equity : Sectoral - Financial Services,-1.79,11.01,1% on or before 1M Nil after 1M
Nippon India Mutual Fund,Nippon India Banking & PSU Debt Fund(G),DT-B&PSU,5,4155.2,0.84,15-May-15,NIFTY Banking and PSU Debt Index,16.98,17.01,16.59,-0.03,0.98,1.07,2.28,3.36,5.86,6.62,-,0,-,-,-,-,-,-,2.81,2.23,7.25,-0.33,-0.38,-0.5,0.24,1.18,Debt : Banking & PSU,2.42,5.6,Nil
Nippon India Mutual Fund,Nippon India Consumption Fund(G),EQ-CONS,5,257.1,2.65,30-Sep-04,Nifty India Consumption - TRI,132.23,132.82,100.4,0.17,11.99,15.09,10.31,37.59,24.51,16.81,14.2,54,30,44476,43,18.84,31.25,FMCG,-,-,-,12.78,0.51,0.81,0.78,16.72,Equity : Thematic - Consumption,7.84,17.57,1% on or before 1M Nil after 1M
Nippon India Mutual Fund,Nippon India Corp Bond Fund(G),DT-CORP,2,1413.8,0.61,14-Sep-00,NIFTY Corporate Bond Index,48.51,48.51,46.9,0.17,1.24,1.78,3.36,4.51,6.13,6.43,7.51,0,-,-,-,-,-,-,2.12,1.78,7.78,0.78,0.65,0.83,0.18,1.06,Debt : Corporate Bond,2.2,5.79,Nil
Nippon India Mutual Fund,Nippon India Credit Risk Fund(G),DT-CR,2,1006.7,1.6,10-Jun-05,NIFTY Credit Risk Bond Index,28.13,28.14,27.15,0.22,1.26,1.63,3.66,8.96,3.16,3.54,6.32,0,-,-,-,-,-,-,1.95,1.65,8.3,1.11,0.77,1.01,0.26,1.29,Debt : Credit Risk,3.6,5.53,Nil for 10% of units and 1% for remaining units on or before 12M Nil after 12M
Nippon India Mutual Fund,Nippon India Dynamic Bond(G),DT-DYN,4,3030.2,0.69,15-Nov-04,CRISIL Dynamic Debt Index,29.95,30.3,29,-1.01,1.43,1.04,1.28,2.38,4.82,5.15,7.12,0,-,-,-,-,-,-,7.52,5.6,7.68,-1.06,-0.36,-0.46,0.83,3.93,Debt : Dynamic Bond,2.02,5.08,Nil
Nippon India Mutual Fund,Nippon India Equity Hybrid Fund(G),HY-EQ,3,2914.7,2.08,10-Jun-05,CRISIL Hybrid 35+65 - Aggressive Index,68.23,69.64,60.17,-0.01,7.07,2.91,-0.21,23.28,8.82,5,10.75,45,63,227580,60.78,7.14,3.69,Financials,3.66,2.75,7.97,-0.86,-0.1,-0.15,0.85,13.88,Hybrid : Equity Oriented,1.35,8.53,Nil for 10% of investments and 1% for remaining on or before 12M Nil after 12M
Nippon India Mutual Fund,Nippon India Equity Hybrid Fund-Segregated Portfolio 1-(G),HY-EQ,Unrated,9.3,-,25-Sep-19,CRISIL Hybrid 35+65 - Aggressive Index,0.05,0.05,0.05,0,0,0,0,0,0,-,-,167,-,-,-,-,-,-,3.16,2.03,12.34,-,-,-,-,-,Hybrid : Equity Oriented,1.35,8.53,null
Nippon India Mutual Fund,Nippon India Equity Savings Fund(G),HY-EQ,1,192.4,1.66,30-May-15,NIFTY 50 Equity Savings Index,12.49,12.57,11.85,0.26,2.38,1.24,-0.74,10.35,2.39,0.26,-,463,37,244860,66.59,3.24,-,Financials,0.91,0.79,6.67,-2.87,-0.49,-0.76,0.39,6.24,Hybrid : Equity Oriented,1.35,8.53,Nil upto 10% of units and for remaining units 1% on or before 1M and Nil after 1M
Nippon India Mutual Fund,Nippon India Equity Savings Fund-Segregated Portfolio 1-(G),HY-EQ,Unrated,25.8,-,25-Sep-19,NIFTY 50 Equity Savings Index,0.29,0.29,0.29,0,0,0,0,0,0,-,-,-,-,-,-,-,-,-,1.26,0.75,11.86,-,-,-,-,-,Hybrid : Equity Oriented,1.35,8.53,null
Nippon India Mutual Fund,Nippon India ETF Gold BeES,GOLD-ETF,Unrated,6531.8,0.79,8-Mar-07,Gold-India,43.13,47.46,41.07,1.93,-1.18,-6.46,5.2,-1.59,8.29,10.02,3.87,7,-,-,-,-,-,-,-,-,-,1.49,0.13,0.24,-0.44,12.89,Gold : ETFs,-3.32,12.35,Nil
Nippon India Mutual Fund,Nippon India ETF Hang Seng BeES,EQ-ETF,Unrated,109.1,0.93,9-Mar-10,Hang Seng,235,330.71,231.18,-6.76,-15.74,-12.32,-26,-11.43,-8.37,-3.97,4.21,23,73,-,-,-,-,-,-,-,-,-29.38,-1.07,-1.97,0.01,27.34,Equity : ETFs,-3.32,12.35,Nil
Nippon India Mutual Fund,Nippon India ETF Nifty 100,EQ-ETF,Unrated,173.7,0.5,25-Mar-13,NIFTY 100 - TRI,184.43,191.74,160.14,-1.14,7.35,1.61,-4.52,22.63,14.88,11.24,-,16,100,322277,98.23,1.69,-,Financials,-,-,-,0.3,-0.28,-0.45,0.98,18.16,Equity : ETFs,-3.32,12.35,Nil
Nippon India Mutual Fund,Nippon India ETF Nifty 1D Rate Liquid BeES,DT-ETF,Unrated,6155.3,0.69,8-Jul-03,Nifty 1D Rate Index,1000,1000,1000,0.42,1.18,1.99,3.36,2.86,2.79,3.29,5.45,0,-,-,-,-,-,-,0.01,-,-,-,-0.14,-0.2,-,0.09,Debt : ETFs,-3.32,12.35,Nil
Nippon India Mutual Fund,Nippon India ETF Nifty 5 yr Benchmark G-Sec,DT-ETF,Unrated,36.8,0.08,7-Apr-21,Nifty 5 yr Benchmark G-Sec Index TRI,49.4,49.84,48.08,0.04,0.93,0.88,1.18,-,-,-,-,0,-,-,-,-,-,-,4.64,3.78,7.42,-1.34,-0.54,-0.83,0.79,3.16,Debt : ETFs,-3.32,12.35,null
Nippon India Mutual Fund,Nippon India ETF Nifty 50 BeES,EQ-ETF,Unrated,9622.5,0.05,28-Dec-01,NIFTY 50 - TRI,191.24,197.64,166.38,-0.25,7.72,2.77,-4.09,22.94,15.67,12.69,13.02,17,50,397410,99.95,-,-,Financials,1,-,-,0.91,-0.25,-0.41,0.99,18.15,Equity : ETFs,-3.32,12.35,Nil
Nippon India Mutual Fund,Nippon India ETF Nifty 50 Shariah BeES,EQ-ETF,Unrated,14.4,0.96,18-Mar-09,Nifty50 Shariah - TRI,401.84,474.2,368.12,2.65,2.34,-4.38,-11.51,13.23,15.48,10.11,12.72,18,22,311431,99.55,-,-,Technology,-,-,-,-7.51,-0.67,-1.05,0.85,18.33,Equity : ETFs,-3.32,12.35,Nil
Nippon India Mutual Fund,Nippon India ETF Nifty 50 Value 20,EQ-ETF,Unrated,65.3,0.32,18-Jun-15,Nifty50 Value 20 - TRI,97.81,104.86,86.28,1.8,5.9,-0.74,-4.86,24.85,18.88,16.65,-,15,20,321226,99.87,-,-,Technology,-,-,-,-0.18,-0.28,-0.45,0.86,17.7,Equity : ETFs,-3.32,12.35,null
Nippon India Mutual Fund,Nippon India ETF Nifty 8-13 yr G-Sec Long Term Gilt,DT-ETF,Unrated,844,0.09,5-Jul-16,Nifty 8-13 yr G-Sec,22.5,22.91,21.74,-0.7,1.73,2.1,-0.29,0.82,4,5.48,-,0,-,-,-,-,-,-,9.85,6.91,7.55,-2.7,-0.68,-1.06,1.14,4.72,Debt : ETFs,-3.32,12.35,null
Nippon India Mutual Fund,Nippon India ETF Nifty Bank BeES,EQ-ETF,Unrated,9397,0.19,27-May-04,NIFTY BANK - TRI,408.79,420.02,329.64,-1.16,14.2,10.51,2.17,29.44,11.18,10.6,13.57,35,12,363664,93.64,6.35,-,Financials,-,-,-,8.9,0.13,0.2,1.1,22.44,Equity : ETFs,-3.32,12.35,Nil
Nippon India Mutual Fund,Nippon India ETF Nifty CPSE Bond Plus SDL Sep 2024 50:50,DT-ETF,Unrated,1893.1,0.15,17-Nov-20,Nifty CPSE Bond Plus SDL Sep 2024 50:50 Index,108.6,108.69,106.58,0.15,0.92,0.75,1.82,-,-,-,-,0,-,-,-,-,-,-,1.79,1.61,7.4,-0.78,-0.66,-0.88,0.28,1.38,Debt : ETFs,-3.32,12.35,Nil
Nippon India Mutual Fund,Nippon India ETF Nifty Dividend Opportunities 50,EQ-ETF,Unrated,16.6,0.17,15-Apr-14,Nifty Dividend Opportunities 50 - TRI,45.59,47.5,39.94,1.12,6.25,-0.19,-4.4,25.5,15.04,10.24,-,20,49,213826,89.45,6.96,2.91,Technology,-,-,-,0.3,-0.25,-0.41,0.84,17.18,Equity : ETFs,-3.32,12.35,Nil
Nippon India Mutual Fund,Nippon India ETF Nifty India Consumption,EQ-ETF,Unrated,38.4,0.29,10-Apr-14,Nifty India Consumption - TRI,84.5,88.5,67.91,-1.47,6.53,10.93,4.16,25.42,15.95,11.98,-,16,30,195568,92.25,7.51,-,FMCG,-,-,-,7.06,0.14,0.22,0.83,17.92,Equity : ETFs,-3.32,12.35,Nil
Nippon India Mutual Fund,Nippon India ETF Nifty Infrastructure BeES,EQ-ETF,Unrated,28.4,1.03,4-Oct-10,Nifty Infrastructure - TRI,523.92,553.46,461.66,-3.36,6.43,-1.84,-4.8,27.87,15.39,8.53,7.36,104,30,225296,89.29,10.19,-,Energy,-,-,-,-0.28,-0.28,-0.44,0.93,19.21,Equity : ETFs,-3.32,12.35,Nil
Nippon India Mutual Fund,Nippon India ETF Nifty IT,EQ-ETF,Unrated,893.5,0.22,30-Jun-20,NIFTY IT - TRI,29.08,40.23,27.35,5.97,3.92,-12.63,-20.66,16.45,-,-,-,127,10,290723,85.22,14.75,-,Technology,-,-,-,-15.83,-0.87,-1.34,1.02,24.86,Equity : ETFs,-3.32,12.35,null
Nippon India Mutual Fund,Nippon India ETF Nifty Midcap 150,EQ-ETF,Unrated,761.6,0.21,31-Jan-19,Nifty Midcap 150 - TRI,119.64,124.77,97.31,-1.71,9.46,3.44,-3.25,35.89,25.82,-,-,79,149,31045,8.1,87.22,4.4,Financials,-,-,-,2.14,-0.15,-0.22,0.93,20.31,Equity : ETFs,-3.32,12.35,null
Nippon India Mutual Fund,Nippon India ETF Nifty Next 50 Junior BeES,EQ-ETF,Unrated,2924,0.15,21-Feb-03,NIFTY NEXT 50 - TRI,442.93,479.94,373.29,-4.83,6.47,-2.68,-5.14,24.55,15.12,8.67,14.75,50,50,83360,88.01,11.9,-,Financials,-,-,-,-0.5,-0.28,-0.42,0.95,20.59,Equity : ETFs,-3.32,12.35,Nil
Nippon India Mutual Fund,Nippon India ETF Nifty PSU Bank BeES,EQ-ETF,Unrated,544.8,0.49,25-Oct-07,NIFTY PSU BANK - TRI,34.97,35.85,25.57,0.6,19.09,14.29,14.17,55.28,12.17,1.17,-0.17,83,12,77794,48.82,48.32,2.81,Financials,-,-,-,26.49,0.62,1.01,1.24,31.69,Equity : ETFs,-3.32,12.35,Nil
Nippon India Mutual Fund,Nippon India ETF Nifty SDL Apr 2026 Top 20 Equal Weight,DT-ETF,Unrated,6305,0.18,30-Mar-21,Nifty SDL Apr 2026 Top 20 Equal Weight Index,107.82,108.26,104.85,0.11,1.3,0.96,1.65,-,-,-,-,0,-,-,-,-,-,-,3.22,2.74,7.56,-0.81,-0.45,-0.6,0.45,2.26,Debt : ETFs,-3.32,12.35,null
Nippon India Mutual Fund,Nippon India ETF S&P BSE Sensex,EQ-ETF,Unrated,170.4,0.06,24-Sep-14,S&P BSE SENSEX - TRI,649.47,666.65,562.79,0.22,8.41,4.07,-3.37,22.16,15.71,13.84,-,3,30,483563,99.96,-,-,Financials,-,-,-,1.71,-0.21,-0.34,1,18.24,Equity : ETFs,-3.32,12.35,Nil
Nippon India Mutual Fund,Nippon India ETF S&P BSE Sensex Next 50,EQ-ETF,Unrated,20.7,0.21,30-Jul-19,S&P BSE Sensex Next 50 - TRI,50.41,53.76,42.32,-3.29,6.68,-2.95,-2.25,29.68,17.1,-,-,34,51,64758,69.61,29.78,-,Financials,-,-,-,3.02,-0.11,-0.17,0.97,21.43,Equity : ETFs,-3.32,12.35,null
Nippon India Mutual Fund,Nippon India Flexi Cap Fund-Reg(G),EQ-FLEX,Unrated,4162.8,2.17,13-Aug-21,NIFTY 500 - TRI,10.73,11.51,9.29,-1.98,6.07,-0.55,-4.21,-,-,-,-,70,71,82556,53.57,17.3,22.43,Financials,-,-,-,0.48,-0.26,-0.38,0.97,19.12,Equity : Flexi Cap,-2.7,16.46,Nil upto 10% of units and 1% for remaining investments on or before 12M Nil after 12M
Nippon India Mutual Fund,Nippon India Floating Rate Fund(G),DT-FL,5,9074.1,0.6,2-Sep-04,Crisil Short Term Bond Fund Index,36.72,36.72,35.7,0.2,0.91,1.49,2.87,3.87,6.23,6.4,7.48,0,-,-,-,-,-,-,1.55,1.23,7.27,0.25,0.24,0.35,0.13,0.73,Debt : Floater,3.09,5.61,Nil
Nippon India Mutual Fund,Nippon India Focused Equity Fund(G),EQ-FLEX,4,6039.1,2.06,26-Dec-06,S&P BSE 500 - TRI,81.65,83.92,68.53,-0.24,8.26,4.07,-0.48,34.83,22.08,12.1,17.41,77,29,85078,54.03,11.83,24.43,Financials,-,-,-,4.44,-0.05,-0.07,0.95,18.64,Equity : Flexi Cap,-2.7,16.46,Nil upto 10% of units and 1% for remaining units on or before 12M Nil after 12M
Nippon India Mutual Fund,Nippon India Gilt Securities Fund(G),DT-GILT,3,1119.3,1.57,22-Aug-08,CRISIL Dynamic Gilt Index,31.09,31.28,30.33,-0.15,1.87,1.29,1.03,1.86,4.85,6.31,8.28,0,-,-,-,-,-,-,6.67,4.97,7.38,-1.64,-0.89,-1.37,0.55,2.14,Debt : Gilt,1.22,5.04,0.25% on or before 7D Nil after 7D
Nippon India Mutual Fund,Nippon India Gold Savings Fund(G),GOLD-MF,Unrated,1392.8,0.39,7-Mar-11,Gold-India,20.13,21.57,19.15,2,-1.08,-6.82,4.77,-1.89,8.15,9.69,3.23,93,-,-,-,-,-,-,-,-,-,1.08,0.11,0.2,-0.5,12.1,Gold : MFs,3.72,7.87,1% on or before for 15D Nil after 15D
Nippon India Mutual Fund,Nippon India Growth Fund(G),EQ-MID,4,13240.8,1.8,8-Oct-95,Nifty Midcap 150 - TRI,2152.48,2239.65,1783.06,-2.12,8.95,4.6,-1.96,36.46,25.54,14.33,16.36,96,87,33266,20.76,59.84,13.93,Financials,-,-,-,2.52,-0.13,-0.19,0.89,19.32,Equity : Mid Cap,0.53,23.53,1% on or before 1M Nil after 1M
Nippon India Mutual Fund,Nippon India Hybrid Bond Fund(G),HY-DT(CO),1,720.8,1.84,12-Jan-04,CRISIL Hybrid 85+15 - Conservative Index,45.47,45.54,43.62,0.26,2.17,2.31,3.87,8.47,1.57,2.14,6.28,0,50,396062,11.36,-,-,Financials,1.79,1.49,8.7,1.36,0.49,0.79,0.3,2.53,Hybrid : Debt Oriented (Conservative),0.59,9.76,Nil upto 10% of units and 1% for remaining units on or before 12M Nil after 12M
Nippon India Mutual Fund,Nippon India Income Fund(G),DT-M&LD,3,220,1.69,1-Jan-98,NIFTY Medium to Long Term Debt Index,73.48,73.58,71.22,0.38,2.58,2.04,1.86,2.18,4.8,5.83,7.07,0,-,-,-,-,-,-,6.75,4.8,7.06,-0.86,-0.56,-0.93,0.35,1.83,Debt : Medium to Long Duration,1.11,4.88,0.25% on or before 15D Nil after 15D
Nippon India Mutual Fund,Nippon India Index Fund-Nifty 50 Plan(G),EQ-INDX,2,574.4,0.6,28-Sep-10,NIFTY 50 - TRI,29.24,30.45,25.51,-0.31,7.53,2.3,-5.1,21.56,14.33,11.42,11.92,10,50,397413,99.97,-,-,Financials,-,-,-,-0.2,-0.31,-0.5,0.99,18.15,Equity : Index Funds,-2.76,15.7,0.25% on or before 7D Nil after 7D
Nippon India Mutual Fund,Nippon India Index Fund-S&P BSE Sensex Plan(G),EQ-INDX,2,329.7,0.81,28-Sep-10,S&P BSE SENSEX - TRI,29.53,30.5,25.66,0.12,8.16,3.72,-3.98,21.51,15.13,13.03,12.32,7,30,483563,99.96,-,-,Financials,-,-,-,1.06,-0.24,-0.4,1,18.23,Equity : Index Funds,-2.76,15.7,0.25% on or before 7D Nil after 7D
Nippon India Mutual Fund,Nippon India Japan Equity Fund(G),EQ-INTL,Unrated,205.8,2.48,26-Aug-14,S&P BSE 500 Japan - TRI,13.06,18.07,12.92,-3.4,-4.15,-10.27,-26.02,-5.22,-1.02,2.08,-,44,30,-,-,-,-,-,-,-,-,-31.05,-1.81,-2.93,0.4,18.03,Equity : International,-18.69,6,1% on or before 1Y Nil after 1Y
Nippon India Mutual Fund,Nippon India Large Cap Fund(G),EQ-LC,2,11950.9,1.82,8-Aug-07,S&P BSE 100 - TRI,54.04,55.13,44.94,0.36,10.35,7.02,2.18,32.59,16.82,11.9,14.63,75,58,192453,81.58,10.44,5.2,Financials,-,-,-,6.83,0.08,0.12,0.97,18.43,Equity : Large Cap,-3.51,14.3,1% on or before 7D Nil after 7D
Nippon India Mutual Fund,Nippon India Liquid Fund(G),DT-LIQ,4,20590.5,0.34,9-Dec-03,Nifty Liquid Fund Index,5295.58,5295.58,5085.3,0.45,1.31,2.35,4.13,3.64,3.99,5.26,6.76,0,-,-,-,-,-,-,0.17,0.16,6.39,0.05,0.34,0.35,0.01,0.09,Debt : Liquid,4.1,3.86,0.007% for Day 1 0.0065% on Day 2 0.0060% on Day 3 0.0055% on Day 4 0.0050% on Day 5 0.0045% on Day 6 NIL on or after 7D
Nippon India Mutual Fund,Nippon India Low Duration Fund(G),DT-LOWD,4,6237.3,1.03,20-Mar-07,CRISIL Low Duration Debt Index,3100.21,3100.21,2997.31,0.21,0.97,1.74,3.43,4.01,5.21,5.88,7.22,0,-,-,-,-,-,-,0.97,0.87,7.32,0.78,1.5,2.1,0.09,0.5,Debt : Low Duration,3.28,4.97,Nil
Nippon India Mutual Fund,Nippon India Money Market Fund(G),DT-MM,3,9502.6,0.34,15-Jun-05,CRISIL Money Market Index,3402.33,3402.33,3261.98,0.38,1.24,2.27,4.3,4.06,4.84,6.1,7.17,0,-,-,-,-,-,-,0.41,0.39,6.85,1.64,4.96,8.38,0.04,0.33,Debt : Money Market,3.75,4.5,Nil
Nippon India Mutual Fund,Nippon India Multi Asset Fund-Reg(G),HY-MULTI,Unrated,1107.8,1.82,28-Aug-20,S&P BSE 500 - TRI,13.04,13.52,12.16,-0.71,2.28,-1.87,-2.98,14.47,-,-,-,83,40,178273,40.23,9.58,1.83,Financials,2.15,1.84,6.97,-4.16,-0.43,-0.7,0.62,10.55,Hybrid : Multi Asset Allocation,1.62,13.98,1% on or before 1Y Nil after 1Y
Nippon India Mutual Fund,Nippon India Multi Cap Fund(G),EQ-MLC,3,13529.1,1.94,28-Mar-05,Nifty500 Multicap 50:25:25 - TRI,165.15,167.56,131.41,0.33,12.49,8.71,8.34,43.22,20.92,13.67,14.65,68,90,50818,41.25,25.48,30.86,Financials,-,-,-,12.45,0.39,0.6,0.93,18.74,Equity : Multi Cap,0.07,20.3,Nil upto 10% of units and 1% for remaining units on or before 12M Nil after 12M
Nippon India Mutual Fund,Nippon India Nifty 50 Value 20 Index Fund-Reg(G),EQ-INDX,Unrated,193.4,0.8,19-Feb-21,Nifty50 Value 20 - TRI,12.27,13.22,10.84,1.75,5.74,-1,-5.45,-,-,-,-,36,20,321225,98.3,-,-,Technology,-,-,-,-0.81,-0.32,-0.51,0.86,17.69,Equity : Index Funds,-2.76,15.7,Nil
Nippon India Mutual Fund,Nippon India Nifty AAA CPSE Bond Plus SDL - Apr 2027 Maturity 60:40 Index Fund(G),DT-M&LD,Unrated,1223,0.31,29-Mar-22,Nifty AAA CPSE Bond Plus SDL Apr 2027 60:40 Index,9.95,10.04,9.7,-0.21,0.58,0.57,-,-,-,-,-,0,-,-,-,-,-,-,4.04,3.29,7.49,-,-,-,-,-,Debt : Medium to Long Duration,1.11,4.88,Nil
Nippon India Mutual Fund,Nippon India Nifty AAA PSU Bond Plus SDL - Sep 2026 Maturity 50:50 Index Fund-Reg(G),DT-B&PSU,Unrated,-,-,-,Nifty AAA PSU Bond Plus SDL Sep 2026 50:50 Index,-,-,-,-,-,-,-,-,-,-,-,-,-,-,-,-,-,-,-,-,-,-,-,-,-,-,Debt : Banking & PSU,2.42,5.6,Nil
Nippon India Mutual Fund,Nippon India Nifty Alpha Low Volatility 30 Index Fund(G),EQ-INDX,Unrated,44.2,1.01,19-Aug-22,NIFTY Alpha Low-Volatility 30 - TRI,10.11,10.3,9.86,0.69,-,-,-,-,-,-,-,-,30,174904,95.72,4.09,-,FMCG,-,-,-,-,-,-,-,-,Equity : Index Funds,-2.76,15.7,Nil
Nippon India Mutual Fund,Nippon India Nifty Auto ETF,EQ-ETF,Unrated,43.3,0.21,24-Jan-22,NIFTY AUTO - TRI,128.51,134.57,95.11,-1.73,2.8,19.33,-,-,-,-,-,-,15,105379,77.47,22.11,-,Automobile and Ancillaries,-,-,-,-,-,-,-,-,Equity : ETFs,-3.32,12.35,null
Nippon India Mutual Fund,Nippon India Nifty Midcap 150 Index Fund-Reg(G),EQ-INDX,Unrated,499.4,0.8,19-Feb-21,Nifty Midcap 150 - TRI,13.36,13.94,10.89,-1.78,9.23,3.04,-4.14,-,-,-,-,51,149,31043,8.12,87.43,4.41,Financials,-,-,-,1.18,-0.2,-0.29,0.93,20.27,Equity : Index Funds,-2.76,15.7,Nil
Nippon India Mutual Fund,Nippon India Nifty Next 50 Junior BeES FoF-Reg(G),FOF-DOM,Unrated,152.3,0.28,8-Mar-19,NIFTY NEXT 50,15.42,16.69,13.02,-4.87,6.72,-2.54,-5.35,24.06,14.76,-,-,-,-,-,-,-,-,-,-,-,-,-5.8,-0.32,-0.48,0.7,19.29,FoFs : Domestic,-3.72,13.95,Nil
Nippon India Mutual Fund,Nippon India Nifty Pharma ETF,EQ-ETF,Unrated,100.9,0.19,6-Jul-21,NIFTY PHARMA - TRI,13.14,14.26,11.87,5.34,2.62,-4.76,-10.3,-,-,-,-,65,20,69535,63.48,31.47,4.95,Healthcare,-,-,-,-9.9,-0.76,-1.29,0.59,17.41,Equity : ETFs,-3.32,12.35,null
Nippon India Mutual Fund,Nippon India Nifty Smallcap 250 Index Fund-Reg(G),EQ-INDX,Unrated,359.8,1.04,16-Oct-20,Nifty Smallcap 250 - TRI,18.28,20.64,15.03,-1.72,9.36,-4.69,-7.56,34.95,-,-,-,97,250,9016,-,2.98,96.97,Financials,-,-,-,-2.55,-0.35,-0.5,0.9,21.61,Equity : Index Funds,-2.76,15.7,Nil
Nippon India Mutual Fund,Nippon India Nivesh Lakshya Fund(G),DT-LD,Unrated,2186.1,0.53,6-Jul-18,Crisil Long Term Debt Index,14.1,14.38,13.39,-1.06,3.06,2.2,1.92,2.17,5.26,-,-,0,-,-,-,-,-,-,22.2,10.18,7.61,-0.33,-0.17,-0.27,1.41,5.69,Debt : Long Duration,-0.06,4.44,Nil upto 20% of units and 1% for remaining units on or before 36M Nil after 36M
Nippon India Mutual Fund,Nippon India Overnight Fund-Reg(G),DT-ON,5,14139.4,0.16,18-Dec-18,CRISIL Overnight Index,116.66,116.66,112.1,0.47,1.32,2.37,4.07,3.54,3.61,-,-,0,-,-,-,-,-,-,0.01,-,6.05,0.45,5.53,5.77,-,0.08,Debt : Overnight,4.1,3.6,Nil
Nippon India Mutual Fund,Nippon India Passive Flexicap FoF-Reg(G),FOF-DOM,Unrated,190.9,0.5,1-Jan-21,NIFTY 500 - TRI,13.6,14.2,11.68,-1.32,8.03,1.14,-5.28,-,-,-,-,9,-,-,-,-,-,-,-,-,-,-5.37,-0.34,-0.52,0.78,17.19,FoFs : Domestic,-3.72,13.95,NIL
Nippon India Mutual Fund,Nippon India Pharma Fund(G),EQ-PHRM,3,4655.8,1.95,5-Jun-04,S&P BSE Health Care - TRI,282.65,313.67,253.79,3.84,3.66,-3.39,-8.77,11.54,25.58,16.22,15.69,25,28,41341,46.49,30.63,22.53,Healthcare,-,-,-,-8.37,-0.75,-1.23,0.55,15.24,Equity : Sectoral - Pharma,-7.13,24.5,1% on or before 1M Nil after 1M
Nippon India Mutual Fund,Nippon India Power & Infra Fund(G),EQ-POWER,Unrated,1817,2.19,8-May-04,Nifty Infrastructure - TRI,167.21,172.71,133.53,-0.9,15.4,6.58,1.88,38.94,21.04,8.5,11.03,57,35,59735,54.45,16.3,25.6,Energy,-,-,-,6.38,0.09,0.13,0.86,18.59,Equity : Sectoral - Energy / Power,-8.12,20.34,1% on or before 1M Nil after 1M
Nippon India Mutual Fund,Nippon India Quant Fund(G),EQ-THEM,Unrated,33.2,1.12,18-Apr-08,S&P BSE 200 - TRI,41.05,42.25,34.79,-0.41,9.09,2.88,-1.65,24.6,16.83,10.4,11.49,119,35,209942,85.63,13.08,-,Financials,-,-,-,3.28,-0.11,-0.18,0.97,18.4,Equity : Thematic,7.27,15.07,0.25% on or before 1M Nil after 1M
Nippon India Mutual Fund,Nippon India Retirement Fund-Income Generation(G),HY-SOL,1,187.1,2.19,11-Feb-15,CRISIL Hybrid 85+15 - Conservative Index,15.63,16,14.65,-1.06,3.69,1.69,-0.58,4.65,5.51,5.07,-,0,34,151959,14.59,3.07,1.96,Financials,19.37,9.44,7.58,-2.75,-0.57,-0.87,1.27,5.86,Hybrid : Solution Oriented,-1.53,19.02,NIL
Nippon India Mutual Fund,Nippon India Retirement Fund-Wealth Creation(G),HY-SOL,3,2316.5,2.08,11-Feb-15,S&P BSE 500 - TRI,17.73,18.69,15.17,-1.13,8.74,2.4,-5.59,24.17,11.18,6.14,-,67,58,126093,67.3,16.29,13.76,Financials,0.08,0.07,6.28,-5.62,-0.35,-0.54,1.06,17.94,Hybrid : Solution Oriented,-1.53,19.02,Nil
Nippon India Mutual Fund,Nippon India Short Term Fund(G),DT-SD,4,6551.8,1.17,18-Dec-02,Crisil Short Term Bond Fund Index,43.09,43.17,42.1,0.04,0.87,1.06,2.29,3.79,5.64,6.06,7.4,0,-,-,-,-,-,-,2.47,2.08,7.53,-0.3,-0.35,-0.46,0.24,1.15,Debt : Short Duration,2.89,5.39,Nil
Nippon India Mutual Fund,Nippon India Silver ETF,GOLD-ETF,Unrated,520.1,0.51,4-Feb-22,Silver,55.56,70.94,51.91,1.24,0.22,-19.9,-,-,-,-,-,-,-,-,-,-,-,-,-,-,-,-,-,-,-,-,Gold : ETFs,-3.32,12.35,null
Nippon India Mutual Fund,Nippon India Silver ETF FOF-Reg(G),FOF-DOM,Unrated,180.9,0.61,2-Feb-22,Silver,9,11.44,8.46,1.49,-0.37,-20,-,-,-,-,-,-,-,-,-,-,-,-,-,-,-,-,-,-,-,-,FoFs : Domestic,-3.72,13.95,1% on or before 15D Nil after 15D
Nippon India Mutual Fund,Nippon India Small Cap Fund(G),EQ-SML,4,22158.4,1.81,16-Sep-10,Nifty Smallcap 250 - TRI,91.73,94.17,73.55,-0.33,11.91,4.21,6.04,49.12,34.82,17.2,23.73,28,152,12737,11.97,20.41,63.85,Financials,-,-,-,10.89,0.3,0.44,0.88,20.41,Equity : Small Cap,2.94,30.51,1% on or before 1M Nil after 1M
Nippon India Mutual Fund,Nippon India Strategic Debt Fund(G),DT-MD,2,182.1,1.95,26-Jun-14,CRISIL Medium Term Debt Index,12.59,12.61,12.41,0.14,0.81,0.48,1.1,9.83,-3.49,-1.76,-,0,-,-,-,-,-,-,1.82,1.53,6,-1.46,-1.06,-1.34,0.32,1.52,Debt : Medium Duration,1.38,5.02,1% on or before 12M Nil after 12M
Nippon India Mutual Fund,Nippon India Taiwan Equity Fund-Reg(G),EQ-INTL,Unrated,377.5,2.52,11-Dec-21,Taiwan Capitalization Weighted Stock Index,5.93,10.19,5.86,-13.6,-14.39,-27.73,-,-,-,-,-,-,35,-,-,-,-,-,-,-,-,-,-,-,-,-,Equity : International,-18.69,6,1% on or before 3M Nil after 3M
Nippon India Mutual Fund,Nippon India Tax Saver (ELSS) Fund(G),EQ-ELSS,2,11625.3,1.81,21-Sep-05,NIFTY 500 - TRI,78.52,81.78,66.95,-1.49,7.21,2.13,-3.32,30.32,14.84,4.86,12.84,32,55,123514,73.39,13.16,10.56,Financials,-,-,-,1.69,-0.2,-0.32,0.99,18.55,Equity : Tax Saving (ELSS),-1.86,16.69,Nil
Nippon India Mutual Fund,Nippon India Ultra Short Duration Fund(G),DT-USD,3,4469.3,1.18,6-Dec-01,NIFTY Ultra Short Duration Debt Index,3353.43,3353.43,3224.19,0.32,1.09,2.08,4,6.1,5.82,5.02,6.27,0,-,-,-,-,-,-,0.5,0.45,7.18,1.34,3.78,6.41,0.03,0.35,Debt : Ultra Short Duration,3.68,4.48,Nil
Nippon India Mutual Fund,Nippon India US Equity Opp Fund(G),EQ-INTL,Unrated,485.6,2.54,23-Jul-15,S&P 500 - TRI,20.65,26.64,19.83,-3.84,-4.71,-13.41,-20.41,2.52,8.34,11.22,-,23,21,-,-,-,-,-,-,-,-,-19.13,-0.87,-1.39,0.32,25.82,Equity : International,-18.69,6,1% on or before 1M Nil after 1M
Nippon India Mutual Fund,Nippon India Value Fund(G),EQ-VAL,4,4638.4,2.03,8-Jun-05,NIFTY 500 - TRI,125.29,129.63,106.05,-0.86,8.54,1.93,-4.07,30.73,19.75,11.75,14.72,33,80,119820,67.7,15.95,11.61,Financials,-,-,-,0.93,-0.23,-0.36,0.94,18.41,Equity : Value / Contra,3.04,21.88,Nil upto 10% of units and 1% for remaining units on or before 12M Nil after 12M
Nippon India Mutual Fund,Nippon India Vision Fund(G),EQ-L&M,3,3155.1,2.05,8-Oct-95,NIFTY LargeMidcap 250 - TRI,832.66,862.88,711.32,-1.1,8.17,2.08,-5.47,27.03,17.01,8.13,12.12,95,74,102034,57.65,37.78,0.7,Financials,-,-,-,-0.55,-0.31,-0.48,0.95,18.46,Equity : Large & Mid Cap,-1.58,18.24,Nil upto 10% of units and 1% for remaining units on or before 12M Nil after 12M
Nippon India Mutual Fund,NJ Balanced Advantage Fund-Reg(G),HY-EQ,Unrated,4850.8,1.91,29-Oct-21,NIFTY 50 Hybrid Composite Debt 50:50 Index,9.69,10.12,9,-1.02,3.42,-1.52,-,-,-,-,-,0.4,105,91502,52.06,23.35,5.4,Financials,0.23,0.22,6.04,-,-,-,-,-,Hybrid : Equity Oriented,1.35,8.53,Nil upto 5% of units and 1% for remaining units on or before 30D Nil after 30D
Parag Parikh Mutual Fund,Parag Parikh Conservative Hybrid Fund-Reg(G),HY-DT(CO),Unrated,1030.4,0.62,26-May-21,CRISIL Hybrid 85+15 - Conservative Index,10.94,11.08,10.39,-0.87,1.52,2.42,4.12,-,-,-,-,0,6,92886,8.35,4.17,-,Energy,5.35,4.16,7.62,1.86,0.45,0.74,0.5,3.67,Hybrid : Debt Oriented (Conservative),0.59,9.76,Nil upto 10% of units For remaining units 1% on or before 365D and Nil after 365D
Parag Parikh Mutual Fund,Parag Parikh Flexi Cap Fund-Reg(G),EQ-FLEX,5,26033.2,1.73,28-May-13,NIFTY 500 - TRI,48.31,52.23,42.7,-0.84,6.18,-1.2,-7.88,23.11,22.92,16.68,-,15.08,28,123019,57.46,4.78,8.63,Financials,-,-,-,-4.79,-0.52,-0.84,0.74,16.93,Equity : Flexi Cap,-2.7,16.46,Nil upto 10% of units. For remaining units 2% on or before 365D 1% after 365D but on or before 730D Nil after 730D
Parag Parikh Mutual Fund,Parag Parikh Liquid Fund-Reg(G),DT-LIQ,3,1520,0.26,11-May-18,Crisil Liquid Fund Index,1215.43,1215.43,1169.37,0.43,1.25,2.25,3.94,3.49,3.66,-,-,0,-,-,-,-,-,-,0.11,0.11,5.93,0.45,3.63,5.14,0.01,0.12,Debt : Liquid,4.1,3.86,0.007% for Day 1 0.0065% on Day 2 0.0060% on Day 3 0.0055% on Day 4 0.0050% on Day 5 0.0045% on Day 6 NIL on or after 7D
Parag Parikh Mutual Fund,Parag Parikh Tax Saver Fund-Reg(G),EQ-ELSS,Unrated,769.1,2.24,24-Jul-19,NIFTY 500 - TRI,19.71,20.01,16.99,0.32,9.87,5.45,0.89,25.67,23.06,-,-,9.56,28,114225,69.96,5.3,15.29,Financials,-,-,-,3.53,-0.04,-0.06,0.74,14.93,Equity : Tax Saving (ELSS),-1.86,16.69,Nil
PGIM India Mutual Fund,PGIM India Arbitrage Fund-Reg(G),HY-ARB,2,132.8,0.98,27-Aug-14,Nifty 50 Arbitrage,15.42,15.42,14.88,0.46,1.07,1.85,3.52,3.53,3.71,4.54,-,238,63,65397,38.48,18.62,11.67,Financials,0.01,-,4.48,0.76,0.84,1.78,-0.02,0.9,Hybrid : Arbitrage,3.56,3.65,Nil
PGIM India Mutual Fund,PGIM India Balanced Advantage Fund-Reg(G),HY-DYN,Unrated,1504.4,2.09,4-Feb-21,CRISIL Hybrid 50+50 - Moderate Index,11.5,11.94,10.29,-1.87,6.08,0.7,0.61,-,-,-,-,157,35,126706,62.6,10.51,4.96,Financials,0.17,0.15,6.53,-0.98,-0.13,-0.2,0.65,10.35,Hybrid : Dynamic Asset Allocation,1.18,10.47,0.50% on or before 90D Nil after 90D
PGIM India Mutual Fund,PGIM India Banking & PSU Debt Fund(G),DT-B&PSU,Unrated,65.2,0.42,8-Mar-13,CRISIL Banking and PSU Debt Index,20.03,20.06,19.59,0.04,0.68,1.16,2.19,3.34,5.59,6.34,-,0,-,-,-,-,-,-,2.27,1.9,7.18,-0.4,-0.59,-0.81,0.16,0.84,Debt : Banking & PSU,2.42,5.6,Nil
PGIM India Mutual Fund,PGIM India Corp Bond Fund(G),DT-CORP,Unrated,54.8,0.94,30-Jan-03,Crisil Composite Bond Fund Index,35.62,35.69,34.8,0,0.66,1.2,2.28,3.52,5.61,5.65,6.56,0,-,-,-,-,-,-,1.38,1.17,6.93,-0.33,-0.45,-0.61,0.17,0.89,Debt : Corporate Bond,2.2,5.79,Nil
PGIM India Mutual Fund,PGIM India Dynamic Bond Fund(G),DT-DYN,3,134.6,1.58,12-Jan-12,CRISIL Dynamic Debt Index,2169.51,2171.38,2124.97,0.15,1.02,1.56,1.61,2.53,4.63,5.68,7.32,0,-,-,-,-,-,-,2.16,1.54,6.29,-1.03,-0.97,-1.58,0.25,1.18,Debt : Dynamic Bond,2.02,5.08,Nil
PGIM India Mutual Fund,PGIM India ELSS Tax Saver Fund-Reg(G),EQ-ELSS,4,411.3,2.53,11-Dec-15,NIFTY 500 - TRI,24.08,25.17,20.75,0.5,7.54,0.5,0.67,29.36,18.6,12.09,-,41,32,145945,68.29,14.81,10.99,Financials,-,-,-,4.56,-0.01,-0.02,0.87,16.81,Equity : Tax Saving (ELSS),-1.86,16.69,Nil
PGIM India Mutual Fund,PGIM India Emerging Markets Equity Fund(G),FOF-OVR,Unrated,133.4,2.36,11-Sep-07,MSCI EMU Index,11.27,19.56,10.76,-3.84,-8.22,-15.39,-42.26,-13,-6.57,-3.66,1.71,98,-,-,-,-,-,-,-,-,-,-52.29,-1.95,-3.17,2.09,27.34,FoFs : Overseas,-21.18,4.44,0.50% on or before 90D Nil after 90D
PGIM India Mutual Fund,PGIM India Equity Savings Fund(G),HY-EQ,1,169.7,1.24,5-Feb-04,NIFTY 50 Equity Savings Index - TRI,40.47,40.47,39.06,0.45,2.11,1.3,1.31,10.5,7.22,7.01,8.04,81,47,160384,59.04,6.7,3.47,Financials,0.17,0.15,6.22,-0.98,-0.34,-0.55,0.14,3.1,Hybrid : Equity Oriented,1.35,8.53,Nil
PGIM India Mutual Fund,PGIM India Flexi Cap Fund-Reg(G),EQ-FLEX,5,5084.7,1.95,4-Mar-15,NIFTY 500 - TRI,25.02,28.25,21.73,-2.42,6.73,-2.26,-9.83,25.4,22.97,13.97,-,143,48,75887,60.19,17.71,18.5,Financials,-,-,-,-6.15,-0.62,-0.95,0.89,17.8,Equity : Flexi Cap,-2.7,16.46,0.50% on or before 90D Nil after 90D
PGIM India Mutual Fund,PGIM India Gilt Fund(G),DT-GILT,2,140.2,1.41,27-Oct-08,CRISIL Dynamic Gilt Index,24.76,24.95,24.39,-0.11,0.83,1.15,0.89,2.28,4.57,5.52,7.12,0,-,-,-,-,-,-,4,2.87,6.67,-1.74,-1.19,-1.96,0.38,1.62,Debt : Gilt,1.22,5.04,Nil
PGIM India Mutual Fund,PGIM India Global Equity Opp Fund(G),FOF-OVR,Unrated,1196.8,2.45,13-May-10,MSCI AC World Index,24.67,41.3,23.22,-3.29,-3.37,-18.82,-37.45,-11.68,9.47,10.08,5.97,187,1,-,-,-,-,-,-,-,-,-43.42,-1.47,-2.48,2.3,30.31,FoFs : Overseas,-21.18,4.44,0.50% on or before 90D Nil after 90D
PGIM India Mutual Fund,PGIM India Global Select Real Estate Securities FoF-Reg(G),FOF-OVR,Unrated,100.4,2.13,3-Dec-21,FTSE EPRA/NAREIT Developed Index,7.98,10.7,7.73,-7.96,-9.83,-23.78,-,-,-,-,-,-,-,-,-,-,-,-,-,-,-,-,-,-,-,-,FoFs : Overseas,-21.18,4.44,0.50% on or before 90D Nil after 90D
PGIM India Mutual Fund,PGIM India Hybrid Equity Fund(G),HY-EQ,3,222.3,2.35,5-Feb-04,CRISIL Hybrid 35+65 - Aggressive Index,90.66,101.32,81.04,-1.16,5.53,-0.13,-11.94,13.76,9.49,6.87,9.65,77,33,167751,51.58,14.72,3.94,Financials,0.05,0.06,6.18,-13.43,-0.97,-1.47,0.78,14.33,Hybrid : Equity Oriented,1.35,8.53,0.50% on or before 90D Nil after 90D
PGIM India Mutual Fund,PGIM India Large Cap Fund(G),EQ-LC,1,391.8,2.51,30-Jan-03,NIFTY 100 - TRI,239.34,257.46,208.75,-0.98,6.85,2.54,-9.13,17.54,11.73,8.68,12.1,85,32,234512,81.82,10.09,3.16,Financials,-,-,-,-4.91,-0.57,-0.9,0.94,17.56,Equity : Large Cap,-3.51,14.3,0.50% on or before 90D Nil after 90D
PGIM India Mutual Fund,PGIM India Liquid Fund(G),DT-LIQ,3,715.2,0.25,4-Sep-07,Crisil Liquid Fund Index,282.35,282.35,271.06,0.45,1.32,2.38,4.16,3.68,4,5.27,6.76,0,-,-,-,-,-,-,0.11,0.1,6.17,0.05,0.71,0.61,0.01,0.07,Debt : Liquid,4.1,3.86,0.007% for Day 1 0.0065% on Day 2 0.0060% on Day 3 0.0055% on Day 4 0.0050% on Day 5 0.0045% on Day 6 NIL on or after 7D
PGIM India Mutual Fund,PGIM India Low Duration Fund(G),DT-LOWD,1,100.7,1.19,22-Jun-07,CRISIL Ultra Short Term Debt Index,24.56,24.56,23.76,0.29,1.04,1.79,3.32,3.5,3.25,1.25,5.01,0,-,-,-,-,-,-,0.78,0.6,6.75,0.68,1.42,2.14,0.08,0.45,Debt : Low Duration,3.28,4.97,Nil
PGIM India Mutual Fund,PGIM India Midcap Opp Fund-Reg(G),EQ-MID,5,6953.6,1.93,2-Dec-13,Nifty Midcap 150 - TRI,44.77,46.66,36.9,-1.85,8.86,5.24,-0.76,40.34,37.27,18.45,-,93,46,32516,17.56,63.26,12.77,Automobile and Ancillaries,-,-,-,3.7,-0.06,-0.08,0.86,18.87,Equity : Mid Cap,0.53,23.53,0.50% on or before 90D Nil after 90D
PGIM India Mutual Fund,PGIM India Money Market Fund-Reg(G),DT-MM,Unrated,48.4,0.51,6-Mar-20,CRISIL Money Market Index,1098.38,1098.38,1059.81,0.39,1.11,2.01,3.57,3.25,-,-,-,0,-,-,-,-,-,-,0.31,0.29,6.43,0.88,3.49,6.09,0.03,0.25,Debt : Money Market,3.75,4.5,Nil
PGIM India Mutual Fund,PGIM India Overnight Fund-Reg(G),DT-ON,Unrated,83.7,0.15,27-Aug-19,Nifty 1D Rate Index,1123.13,1123.13,1078.87,0.46,1.34,2.39,4.1,3.6,3.68,-,-,0,-,-,-,-,-,-,-,-,5.84,0.03,0.37,0.19,-,0.04,Debt : Overnight,4.1,3.6,Nil
PGIM India Mutual Fund,PGIM India Short Duration Fund(G),DT-SD,Unrated,25.5,0.8,27-Jan-03,Crisil Short Term Bond Fund Index,37.14,37.15,36.28,0.24,1.11,1.58,2.34,2.94,4.37,3.59,6.26,0,-,-,-,-,-,-,1.19,1.01,6.59,-0.28,-0.42,-0.61,0.2,0.88,Debt : Short Duration,2.89,5.39,Nil
PGIM India Mutual Fund,PGIM India Small Cap Fund-Reg(G),EQ-SML,Unrated,2099,2.1,29-Jul-21,Nifty Smallcap 250 - TRI,11.18,12.13,9.07,-1.41,10.47,0.09,-2.53,-,-,-,-,104,54,9700,-,21.59,73.3,Automobile and Ancillaries,-,-,-,1.71,-0.14,-0.21,0.85,20.93,Equity : Small Cap,2.94,30.51,0.50% on or before 90D Nil after 90D
PGIM India Mutual Fund,PGIM India Ultra Short Duration Fund(G),DT-USD,4,514.1,0.8,4-Jul-08,CRISIL Ultra Short Term Debt Index,28.56,28.56,27.56,0.37,1.1,1.97,3.64,3.51,4.38,6.89,7.87,0,-,-,-,-,-,-,0.28,0.26,6.49,0.98,3.04,4.63,0.04,0.31,Debt : Ultra Short Duration,3.68,4.48,Nil
Quant Mutual Fund,Quant Absolute Fund(G),HY-EQ,5,681.1,2.31,20-Mar-01,CRISIL Hybrid 25+75 - Aggressive Index,303.61,317.38,253.39,-2.36,10.07,5.26,6.88,37.9,29.71,19.12,17.35,168,28,155628,70.49,8.49,-,Financials,-,-,-,6.9,0.39,0.6,0.64,16.98,Hybrid : Equity Oriented,1.35,8.53,Nil
Quant Mutual Fund,Quant Active Fund(G),EQ-MLC,5,3024.1,2.63,20-Mar-01,NIFTY 500 - TRI,441.23,461.79,354.72,-2.02,12.03,0.6,0.84,41.25,33.76,21.82,20.24,121,63,45974,46.39,26.28,26.66,FMCG,103,-,-,7.41,0.08,0.13,1,22.15,Equity : Multi Cap,0.07,20.3,Nil
Quant Mutual Fund,Quant ESG Equity Fund-Reg(G),EQ-THEM,Unrated,115.5,2.69,5-Nov-20,NIFTY100 ESG - TRI,21.52,22.82,16.87,-2.74,11.88,1.86,14.09,-,-,-,-,227,33,81028,60.65,39.6,-,Financials,-,-,-,19.96,0.57,0.88,1.12,24.24,Equity : Thematic,7.27,15.07,1% on or before 1Y Nil after 1Y
Quant Mutual Fund,Quant Flexi Cap Fund(G),EQ-FLEX,5,639.6,2.33,23-Sep-08,NIFTY 500 - TRI,61.36,64.27,49.86,-1.82,13.06,2.32,1.82,43.44,36.24,18.39,17.94,192,41,109286,72.6,18.94,8.09,FMCG,-,-,-,6.7,0.05,0.08,1,21.53,Equity : Flexi Cap,-2.7,16.46,Nil
Quant Mutual Fund,Quant Focused Fund(G),EQ-LC,Unrated,143.2,2.62,1-Aug-08,NIFTY 500 - TRI,56.53,60.16,47.59,-3.33,9.85,0.25,0.01,31.6,20.97,12.94,17.21,299,25,138142,90.8,7.53,-,FMCG,-,-,-,6.3,0.03,0.05,1.01,21.5,Equity : Large Cap,-3.51,14.3,Nil
Quant Mutual Fund,Quant Infrastructure Fund(G),EQ-INFRA,5,730,2.39,26-Aug-07,Nifty Infrastructure - TRI,22.82,24.4,18.21,-3.74,11.7,1.56,8.99,56.92,37.38,20.76,15.69,162,31,70644,64.1,16.33,19.25,Infrastructure,-,-,-,16.05,0.41,0.63,1.08,24.36,Equity : Sectoral - Infrastructure,5.4,20.87,0.50% on or before 3M Nil after 3M
Quant Mutual Fund,Quant Large & Mid Cap Fund(G),EQ-L&M,Unrated,314.1,2.31,11-Dec-06,NIFTY LargeMidcap 250 - TRI,71.29,74.44,59.66,-1.93,9.22,0.51,2.74,34.39,24.44,13.58,17.88,191,36,96807,61.07,38.65,-,FMCG,-,-,-,8.85,0.14,0.22,1.02,22.07,Equity : Large & Mid Cap,-1.58,18.24,Nil
Quant Mutual Fund,Quant Large Cap Fund-Reg(G),EQ-LC,Unrated,244.7,2.63,10-Aug-22,NIFTY 100 - TRI,9.88,10.52,9.64,-3.5,-,-,-,-,-,-,-,13,23,117100,91.67,7.39,-,Financials,-,-,-,-,-,-,-,-,Equity : Large Cap,-3.51,14.3,Nil
Quant Mutual Fund,Quant Liquid Plan(G),DT-LIQ,5,960.1,0.54,29-Sep-05,Crisil Liquid Fund Index,34.55,34.55,33.12,0.45,1.26,2.3,4.3,4.15,4.55,5.57,7.12,0,-,-,-,-,-,-,0.1,0.1,5.8,0.73,5.99,7.91,0.01,0.12,Debt : Liquid,4.1,3.86,0.007% for Day 1 0.0065% on Day 2 0.0060% on Day 3 0.0055% on Day 4 0.0050% on Day 5 0.0045% on Day 6 NIL on or after 7D
Quant Mutual Fund,Quant Mid Cap Fund(G),EQ-MID,5,862.3,2.68,26-Feb-01,Nifty Midcap 150 - TRI,131.77,137.44,107.68,-1.85,10.84,1.69,8.8,44.84,35.12,19.65,15.9,204,34,48425,30.98,67.13,1.42,Automobile and Ancillaries,-,-,-,13.53,0.37,0.57,0.97,21.89,Equity : Mid Cap,0.53,23.53,0.50% on or before 3M Nil after 3M
Quant Mutual Fund,Quant Multi Asset Fund(G),DT-GILT,5,393.7,2.31,20-Mar-01,S&P BSE 200 - TRI,85.1,87.09,71.4,-0.48,11.26,0.31,8.8,34.2,29.23,19.47,13.46,118,24,82427,36.67,11.2,14.06,FMCG,6.76,4.82,7.07,8.49,0.45,0.69,0.39,18.44,Debt : Gilt,1.22,5.04,Nil
Quant Mutual Fund,Quant Quantamental Fund-Reg(G),EQ-THEM,Unrated,135.2,2.31,30-Apr-21,NIFTY 500 - TRI,12.93,13.45,10.18,-1.34,12.88,3.86,11.6,-,-,-,-,279,35,108769,69.42,30.68,-,Financials,-,-,-,17.41,0.5,0.78,1.06,22.87,Equity : Thematic,7.27,15.07,Nil
Quant Mutual Fund,Quant Small Cap Fund(G),EQ-SML,5,2206.6,2.67,16-Oct-96,Nifty Smallcap 250 - TRI,134.71,143.9,106.97,-0.77,11.75,-4.64,-3.73,49.07,50.69,21.35,14.93,76,57,13730,20.7,6.46,70.02,FMCG,3.17,-,-,4.46,-0.05,-0.07,1.02,25.16,Equity : Small Cap,2.94,30.51,1% on or before 1Y Nil after 1Y
Quant Mutual Fund,Quant Tax Plan(G),EQ-ELSS,5,1942.9,2.62,31-Mar-00,NIFTY 500 - TRI,243.59,255.49,194.5,-1.82,13.57,3.88,5.8,46.01,37.95,21.91,20.3,158,50,97136,69.1,22.11,8.76,FMCG,-,-,-,12.8,0.3,0.46,1.06,22.92,Equity : Tax Saving (ELSS),-1.86,16.69,Nil
Quant Mutual Fund,Quant Value Fund-Reg(G),EQ-VAL,Unrated,516,2.62,30-Nov-21,NIFTY 500 - TRI,10.85,11.16,8.6,0.06,14.64,-0.84,-,-,-,-,-,116,41,27139,34.45,21.69,43.86,FMCG,-,-,-,-,-,-,-,-,Equity : Value / Contra,3.04,21.88,Nil
Quantum Mutual Fund,Quantum Dynamic Bond Fund-Reg(G),DT-DYN,Unrated,83.9,0.73,19-May-15,CRISIL Dynamic Debt Index,17.18,17.22,16.69,0.41,1.28,2.21,2.85,3.34,5.63,5.83,-,0,-,-,-,-,-,-,1.93,1.7,6.9,0.23,0.02,0.03,0.4,1.77,Debt : Dynamic Bond,2.02,5.08,Nil
Quantum Mutual Fund,Quantum Equity FoF-Reg(G),FOF-DOM,Unrated,87.3,0.75,20-Jul-09,S&P BSE 200 - TRI,53.28,56.71,45.89,-0.7,7.67,1.87,-6.36,21.99,14.5,9.72,13.81,8.43,-,-,-,-,-,-,-,-,-,-6.83,-0.44,-0.67,1.04,16.94,FoFs : Domestic,-3.72,13.95,Nil upto 10% of Units and 1% For remaining Units on or before 365D Nil after 365D
Quantum Mutual Fund,Quantum Gold Fund ETF,GOLD-ETF,Unrated,141.4,0.78,22-Feb-08,Gold-India,42.71,2137.11,40.87,1.79,-1.35,-7.5,5.12,-1.7,8.13,10.02,3.81,3.17,-,-,-,-,-,-,-,-,-,1.46,0.13,0.23,-0.52,13.65,Gold : ETFs,-3.32,12.35,Nil
Quantum Mutual Fund,Quantum Gold Saving Fund-Reg(G),GOLD-MF,Unrated,76,0.21,19-May-11,Gold-India,19.77,21.16,18.77,1.98,-1.32,-6.67,5.08,-1.71,8.16,9.83,3.55,11.33,1,-,-,-,-,-,-,-,-,1.31,0.13,0.23,-0.42,12.07,Gold : MFs,3.72,7.87,Nil
Quantum Mutual Fund,Quantum India ESG Equity Fund-Reg(G),EQ-THEM,Unrated,60.2,1.73,12-Jul-19,NIFTY100 ESG - TRI,16.56,17.71,14.35,0,6.29,1.16,-7.85,21.43,16.96,-,-,19.2,47,102490,61.44,27.68,5.92,Technology,-,-,-,-4.46,-0.55,-0.84,0.86,16.88,Equity : Thematic,7.27,15.07,Nil upto 10% of units and 1% for remaining units on or before 365D Nil after 365D
Quantum Mutual Fund,Quantum Liquid Fund-Reg(G),DT-LIQ,2,516.5,0.25,7-Apr-06,Crisil Liquid Fund Index,29.3,29.3,28.18,0.44,1.26,2.27,3.96,3.5,3.65,4.73,6.21,0,-,-,-,-,-,-,0.09,0.08,6.03,-0.08,-1.17,-1.13,0.01,0.07,Debt : Liquid,4.1,3.86,0.007% for Day 1 0.0065% on Day 2 0.0060% on Day 3 0.0055% on Day 4 0.0050% on Day 5 0.0045% on Day 6 NIL on or after 7D
Quantum Mutual Fund,Quantum Long Term Equity Value Fund-Reg(G),EQ-VAL,2,853.8,1.79,13-Mar-06,S&P BSE 500 - TRI,76.6,79.95,67.11,-1.02,5.76,2.5,-4.54,22.01,13.95,8.12,12,18.85,27,171290,78.08,9.52,5,Financials,-,-,-,-0.43,-0.31,-0.49,0.88,17.03,Equity : Value / Contra,3.04,21.88,Nil upto 10% of units on or before 730D For remaining units 2% on or before 365D and 1% after 365D but before 730D Nil after 730D
Quantum Mutual Fund,Quantum Multi Asset FOFs-Reg(G),FOF-DOM,Unrated,46.7,0.47,11-Jul-12,S&P BSE SENSEX - TRI,24.06,24.36,22.79,0.29,2.99,1.12,1.95,7.79,8.41,7.39,8.55,28.52,1,-,-,-,-,-,-,-,-,-0.48,-0.12,-0.2,0.29,5.63,FoFs : Domestic,-3.72,13.95,1% on or before 90D Nil after 90D
Quantum Mutual Fund,Quantum Nifty 50 ETF FoF-Reg(G),FOF-DOM,Unrated,12.8,0.18,5-Aug-22,NIFTY 50 - TRI,10.08,10.39,9.67,-0.26,-,-,-,-,-,-,-,-,-,-,-,-,-,-,-,-,-,-,-,-,-,-,FoFs : Domestic,-3.72,13.95,Nil
Quantum Mutual Fund,Quantum Tax Saving Fund-Reg(G),EQ-ELSS,2,108.2,1.79,23-Dec-08,S&P BSE 500 - TRI,76.32,79.35,66.94,-1,5.7,2.77,-4.03,22.09,14.17,8.25,12.08,18.48,27,170845,77.97,9.58,4.9,Financials,-,-,-,-0.08,-0.29,-0.46,0.86,16.65,Equity : Tax Saving (ELSS),-1.86,16.69,Nil
Samco Mutual Fund,Samco Flexi Cap Fund-Reg(G),EQ-FLEX,Unrated,673,2.45,4-Feb-22,NIFTY 500 - TRI,9.45,10.37,8.16,0.95,8.55,-4.03,-,-,-,-,-,-,25,83972,53.65,30.45,10.9,Technology,-,-,-,-,-,-,-,-,Equity : Flexi Cap,-2.7,16.46,2% on or before 365D 1% after 365D but on or before 730D Nil after 730D
Samco Mutual Fund,Samco Overnight Fund-Reg(G),DT-ON,Unrated,-,-,12-Oct-22,CRISIL Overnight Index,1002.07,1002.07,1000,-,-,-,-,-,-,-,-,-,-,-,-,-,-,-,-,-,-,-,-,-,-,-,Debt : Overnight,4.1,3.6,Nil
SBI Mutual Fund,SBI Arbitrage Opportunities Fund-Reg(G),HY-ARB,1,6980.4,0.82,3-Nov-06,Nifty 50 Arbitrage,27.94,27.94,26.83,0.46,1.21,2.09,3.99,3.98,3.86,4.85,6.11,1334,155,98395,47.23,16.92,4.52,Financials,-,-,-,1.21,1.32,2.71,-0.02,0.92,Hybrid : Arbitrage,3.56,3.65,0.25% on or before 1M Nil after 1M
SBI Mutual Fund,SBI Banking & Financial Services Fund-Reg(G),EQ-FIN,3,3665.6,1.96,26-Feb-15,Nifty Financial Services - TRI,25.88,27.26,21.25,-1.28,10.54,6.8,-2.46,23.79,12.07,11.89,-,115,20,182187,74.97,6.22,10.72,Financials,-,-,-,3.02,-0.13,-0.2,1.03,20.69,Equity : Sectoral - Financial Services,-1.79,11.01,0.50% on or before 30D Nil after 30D
SBI Mutual Fund,SBI Banking and PSU Fund-Reg(G),DT-B&PSU,3,5281.4,0.81,9-Oct-09,NIFTY Banking and PSU Debt Index,2561.41,2561.41,2513.32,0.11,0.84,0.91,1.86,2.75,5.29,6.43,7.45,0,-,-,-,-,-,-,2.14,1.57,7.12,-0.83,-0.87,-1.1,0.21,1.05,Debt : Banking & PSU,2.42,5.6,Nil
SBI Mutual Fund,SBI BlueChip Fund-Reg(G),EQ-LC,4,33022,1.65,20-Jan-06,S&P BSE 100 - TRI,61.95,64.08,53.7,-0.96,6.59,3.03,-4.34,24.54,15.37,10.77,14.72,7,53,203501,82.63,11.14,0.23,Financials,-,-,-,-0.15,-0.3,-0.48,0.92,17.3,Equity : Large Cap,-3.51,14.3,1% on or before 1Y Nil after 1Y
SBI Mutual Fund,SBI Conservative Hybrid Fund-Reg(G),HY-DT(CO),4,6714.5,1.11,23-Mar-01,NIFTY 50 Hybrid Composite Debt 15:85 Index,55.21,55.53,52.04,0.09,3.42,3.18,3.89,12.55,10.56,7.58,9.12,0,35,51532,9.34,6.37,6.49,Financials,4.17,2.7,7.35,1.69,0.34,0.5,0.4,4.46,Hybrid : Debt Oriented (Conservative),0.59,9.76,Nil for 10% of investment and 1% for remaining Investment on or before 1Y Nil after 1Y
SBI Mutual Fund,SBI Consumption Opp Fund-Reg(G),EQ-CONS,3,1122,2.35,1-Jan-13,Nifty India Consumption - TRI,208.24,209.32,169.75,1.86,11.26,7.75,14.38,42.27,21.32,14.72,-,67,28,56644,45.31,19.09,23.96,FMCG,-,-,-,16.93,0.78,1.18,0.71,16.65,Equity : Thematic - Consumption,7.84,17.57,0.10% on or before 30D Nil after 30D
SBI Mutual Fund,SBI Contra Fund-Reg(G),EQ-VAL,5,6153.6,1.86,14-Jul-99,S&P BSE 500 - TRI,220.79,226.22,186.35,-0.35,9.29,7.05,7.47,43.66,30.03,14.6,14.77,230,72,37162,30.29,20.48,24.31,Financials,-,-,-,10.79,0.41,0.64,0.76,15.83,Equity : Value / Contra,3.04,21.88,1% on or before 1Y Nil after 1Y
SBI Mutual Fund,SBI Corp Bond Fund-Reg(G),DT-CORP,3,15754.1,0.79,1-Feb-19,NIFTY Corporate Bond Index,12.69,12.69,12.4,0.13,0.84,1.12,2.25,3.01,5.47,-,-,0,-,-,-,-,-,-,1.71,1.42,7.22,-0.35,-0.48,-0.62,0.19,0.93,Debt : Corporate Bond,2.2,5.79,Nil
SBI Mutual Fund,SBI CPSE Bond Plus SDL Sep 2026 50:50 Index Fund-Reg(G),DT-MD,Unrated,7789.2,0.39,19-Jan-22,Nifty CPSE Bond Plus SDL Sep 2026 50:50 Index,10.05,10.14,9.79,-0.06,0.81,0.6,-,-,-,-,-,0,-,-,-,-,-,-,3.61,3.03,7.45,-,-,-,-,-,Debt : Medium Duration,1.38,5.02,0.15% on or before 30D Nil after 30D
SBI Mutual Fund,SBI Credit Risk Fund-Reg(G),DT-CR,4,2916.6,1.55,14-Jul-04,NIFTY Credit Risk Bond Index,36.78,36.79,35.53,0.3,1.3,1.87,3.52,4.82,6.19,6.08,7.94,0,-,-,-,-,-,-,2.63,1.6,8,0.91,0.89,1.17,0.17,0.94,Debt : Credit Risk,3.6,5.53,Nil for 8% of investment and 3% for remaining investment on or before 12M Nil for 8% of investment and 1.5% for remaining investment after 12M but before 24M Nil for 8% of investment and 0.75% for remaining investment after 24M but before 36M Nil after 36M
SBI Mutual Fund,SBI CRISIL IBX Gilt Index - Apr 2029 Fund-Reg(G),DT-M&LD,Unrated,-,-,4-Oct-22,CRISIL IBX Gilt Index - April 2029,10,10.02,9.96,-,-,-,-,-,-,-,-,-,-,-,-,-,-,-,-,-,-,-,-,-,-,-,Debt : Medium to Long Duration,1.11,4.88,0.15% on or before 30D Nil after 30D
SBI Mutual Fund,SBI CRISIL IBX Gilt Index - June 2036 Fund-Reg(G),DT-LD,Unrated,-,-,4-Oct-22,CRISIL IBX Gilt Index - June 2036,10.01,10.03,9.97,-,-,-,-,-,-,-,-,-,-,-,-,-,-,-,-,-,-,-,-,-,-,-,Debt : Long Duration,-0.06,4.44,0.15% on or before 30D Nil after 30D
SBI Mutual Fund,SBI CRISIL IBX SDL Index - Sep 2027 Fund-Reg(G),DT-M&LD,Unrated,-,-,4-Oct-22,CRISIL IBX SDL Index - September 2027,10.02,10.02,9.93,-,-,-,-,-,-,-,-,-,-,-,-,-,-,-,-,-,-,-,-,-,-,-,Debt : Medium to Long Duration,1.11,4.88,0.15% on or before 30D Nil after 30D
SBI Mutual Fund,SBI Dynamic Bond Fund-Reg(G),DT-DYN,3,2397.4,1.65,13-Jan-04,CRISIL Dynamic Debt Index,28.98,29.07,28.11,0.33,2.03,2.6,3.19,2.88,5.51,6.23,7.52,0,-,-,-,-,-,-,1.66,1.13,6.27,0.6,0.23,0.42,0.37,1.84,Debt : Dynamic Bond,2.02,5.08,Nil for 10% of investment and 0.25% for remaining Investment on or before 1M Nil after 1M
SBI Mutual Fund,SBI Equity Hybrid Fund-Reg(G),HY-EQ,4,55324.6,1.52,6-Jan-96,CRISIL Hybrid 35+65 - Aggressive Index,205.72,209.72,183.73,-0.48,5.81,1.23,-2.68,20.46,13.29,11.09,14.46,0,38,181408,52.2,14.12,2.12,Financials,6.35,4.09,7.07,-4.03,-0.38,-0.59,0.77,11.85,Hybrid : Equity Oriented,1.35,8.53,Nil for 10% of investments and 1% for remaining investment on or before 12M Nil after 12M
SBI Mutual Fund,SBI Equity Minimum Variance Fund-Reg(G),EQ-THEM,2,131.3,0.75,19-Mar-19,NIFTY 50 - TRI,16.3,16.6,14.1,0.65,6.47,3.87,-0.92,21.97,17.34,-,-,46,50,204677,99.56,-,-,FMCG,-,-,-,1.79,-0.16,-0.26,0.75,15.23,Equity : Thematic,7.27,15.07,0.50% on or before 15D Nil after 15D
SBI Mutual Fund,SBI Equity Savings Fund-Reg(G),HY-EQ,3,2423,1.18,27-May-15,NIFTY 50 Equity Savings Index,17.74,17.85,16.38,0.05,4.55,1.53,1.95,12.69,9.84,7.61,-,0,91,75065,38.75,16.21,13.68,Financials,4,2.82,7.33,-0.15,-0.06,-0.09,0.41,6.62,Hybrid : Equity Oriented,1.35,8.53,0.10% on or before 15D Nil after 15D
SBI Mutual Fund,SBI Flexicap Fund-Reg(G),EQ-FLEX,3,15799.7,1.8,16-Sep-05,S&P BSE 500 - TRI,76.14,79.51,66.21,-0.75,7.38,-0.35,-4.96,25.88,14.84,10.36,15.64,40,56,122651,64,16.15,14.02,Financials,-,-,-,-1.39,-0.37,-0.57,0.83,16.21,Equity : Flexi Cap,-2.7,16.46,0.10% on or before 30D Nil after 30D
SBI Mutual Fund,SBI Floating Rate Debt Fund-Reg(G),DT-FL,2,2215.5,0.46,27-Oct-20,Nifty Short Duration Debt Index,10.81,10.81,10.47,0.11,0.84,1.88,3.03,-,-,-,-,0,-,-,-,-,-,-,1.25,1.1,7.37,0.45,0.5,0.72,0.13,0.77,Debt : Floater,3.09,5.61,0.10% on or before 3D Nil after 3D
SBI Mutual Fund,SBI Focused Equity Fund-Reg(G),EQ-MLC,3,27607.2,1.71,11-Oct-04,S&P BSE 500 - TRI,232.34,261.31,201.34,-0.78,7.63,-0.17,-6.76,25.95,16.27,13.63,15.72,30,24,84776,49.05,33.57,1.77,Financials,-,-,-,-4.33,-0.54,-0.86,0.71,15.18,Equity : Multi Cap,0.07,20.3,1% on or before 1Y Nil after 1Y
SBI Mutual Fund,SBI Gold ETF,GOLD-ETF,Unrated,2589.1,0.64,18-May-09,Gold-India,44.21,4418.84,42.36,1.77,-1.3,-6.5,5.25,-1.52,8.38,10.16,3.91,1,1,-,-,-,-,-,-,-,-,1.64,0.14,0.24,-0.37,13.36,Gold : ETFs,-3.32,12.35,Nil
SBI Mutual Fund,SBI Gold-Reg(G),GOLD-MF,Unrated,1138.2,0.42,12-Sep-11,Gold-London Bullion Market association (LBMA),15.32,16.31,14.54,2.11,-1.76,-6.19,5.28,-1.58,8.37,10,3.46,-,-,-,-,-,-,-,-,-,-,1.81,0.17,0.3,-0.6,12.04,Gold : MFs,3.72,7.87,1% on or before 15D Nil after 15D
SBI Mutual Fund,SBI Healthcare Opp Fund-Reg(G),EQ-PHRM,2,1680.5,2.12,14-Jul-99,S&P BSE Health Care - TRI,218.67,236.36,194.21,1.54,4.57,-1.7,-5.8,10.72,25.52,11.53,14.47,25,18,45184,51.09,23.67,22.91,Healthcare,-,-,-,-5.29,-0.54,-0.88,0.56,15.6,Equity : Sectoral - Pharma,-7.13,24.5,0.50% on or before 15D Nil after 15D
SBI Mutual Fund,SBI Infrastructure Fund-Reg(G),EQ-INFRA,2,900.4,2.38,6-Jul-07,Nifty Infrastructure - TRI,26.76,27.74,22.46,-1.5,10.29,5.33,3.82,35.97,19.98,12.11,12.37,54,36,42993,40.27,16,36.81,Capital Goods,-,-,-,6.68,0.14,0.22,0.78,16.54,Equity : Sectoral - Infrastructure,5.4,20.87,0.50% on or before 30D Nil after 30D
SBI Mutual Fund,SBI International Access-US Equity FoF-Reg(G),FOF-OVR,Unrated,832.8,1.63,22-Mar-21,S&P 500 ,10.11,12.29,9.72,-1.45,-2.47,-11.79,-13.73,-,-,-,-,8,-,-,-,-,-,-,-,-,-,-13.91,-0.56,-0.94,0.73,24.86,FoFs : Overseas,-21.18,4.44,1% on or before 1Y Nil after 1Y
SBI Mutual Fund,SBI Large & Midcap Fund-Reg(G),EQ-L&M,4,8029.6,1.93,28-Feb-93,NIFTY LargeMidcap 250 - TRI,392.68,397.31,323.08,0.56,11.95,5.51,4.13,33.26,21.46,13.85,16.56,58,60,64889,37.49,36.29,16.13,Financials,-,-,-,7.64,0.19,0.29,0.81,16.42,Equity : Large & Mid Cap,-1.58,18.24,0.10% on or before 30D Nil after 30D
SBI Mutual Fund,SBI Liquid Fund-Reg(G),DT-LIQ,4,54495.7,0.28,11-Mar-07,Crisil Liquid Fund Index,3395.14,3395.14,3260.15,0.45,1.31,2.36,4.14,3.66,3.97,5.19,6.69,0,-,-,-,-,-,-,0.13,0.12,6.24,0.05,0.46,0.42,0.01,0.07,Debt : Liquid,4.1,3.86,0.007% for Day 1 0.0065% on Day 2 0.0060% on Day 3 0.0055% on Day 4 0.0050% on Day 5 0.0045% on Day 6 NIL on or after 7D
SBI Mutual Fund,SBI Long Term Equity Fund-Reg(G),EQ-ELSS,3,10867.1,1.8,31-Mar-93,S&P BSE 500 - TRI,228.36,236.62,195.34,-0.89,6.9,3.36,-1.98,25.75,17.75,10.28,13.42,17,59,84122,60.02,19.05,12.16,Financials,-,-,-,2.65,-0.13,-0.2,0.87,17.2,Equity : Tax Saving (ELSS),-1.86,16.69,Nil
SBI Mutual Fund,SBI Magnum Childrens Benefit Fund-Investment Plan-Reg(G),HY-SOL,Unrated,604.2,2.41,29-Sep-20,CRISIL Hybrid 35+65 - Aggressive Index,23.66,24.51,20.85,-0.86,7.31,1.44,3.8,52.82,-,-,-,0,23,20600,18.48,5.96,37.51,Financials,4.8,3.86,7.49,2.77,0.17,0.27,0.51,14.22,Hybrid : Solution Oriented,-1.53,19.02,3% on or before 1Y 2% after 1Y but on or before 2Y 1% after 2Y but on or before 3Y Nil after 3Y
SBI Mutual Fund,SBI Magnum Childrens Benefit Fund-Savings Plan,HY-SOL,Unrated,88.8,1.21,28-Jan-02,NIFTY 50 Hybrid Composite Debt 15:85 Index,77.76,78.04,73.77,0.39,3.19,1.73,3.59,14.72,11.49,8.48,11.39,0,23,12030,2.86,5.57,12.67,Financials,1.57,1.42,6.95,1.36,0.26,0.41,0.34,4.72,Hybrid : Solution Oriented,-1.53,19.02,3% on or before 1Y 2% after 1Y but on or before 2Y 1% after 2Y but on or before 3Y Nil after 3Y
SBI Mutual Fund,SBI Magnum Comma Fund-Reg(G),EQ-THEM,5,454.9,2.62,8-Aug-05,NIFTY COMMODITIES - TRI,66.83,77.92,57.27,-5,9.9,-8.95,-13.67,27.3,21.65,10.73,11.96,56,24,33343,45.82,11.57,36.3,Energy,-,-,-,-8.9,-0.64,-0.94,0.87,21.42,Equity : Thematic,7.27,15.07,0.50% on or before 30D Nil after 30D
SBI Mutual Fund,SBI Magnum Constant Maturity Fund-Reg(G),DT-GL10Y,Unrated,816.1,0.64,25-Dec-00,Nifty 10 yr Benchmark G-Sec,50.66,51.62,49.04,-0.75,1.67,1.77,0.16,1.46,4.67,6.94,8.56,0,-,-,-,-,-,-,9.55,6.75,7.38,-2.27,-0.61,-0.96,1.11,4.59,Debt : Gilt (10 Yr Constant Duration),-1.27,4.6,Nil
SBI Mutual Fund,SBI Magnum Equity ESG Fund-Reg(G),EQ-THEM,2,4507.3,2.01,1-Jan-91,NIFTY100 ESG - TRI,163.04,174.86,140.33,-0.45,6.23,1.01,-6.17,22.46,14.09,11.79,13.48,33,40,176456,81.34,12.68,1.35,Financials,-,-,-,-1.56,-0.38,-0.6,0.95,18.14,Equity : Thematic,7.27,15.07,1% on or before 1Y Nil after 1Y
SBI Mutual Fund,SBI Magnum Gilt Fund-Reg(G),DT-GILT,3,3772.1,0.94,23-Dec-00,Nifty All Duration G-Sec Index,53.25,53.44,51.54,0.28,2.02,2.64,3.46,3.56,6.2,6.7,9.02,0,-,-,-,-,-,-,2.06,1.47,6.26,0.83,0.33,0.59,0.41,1.93,Debt : Gilt,1.22,5.04,Nil
SBI Mutual Fund,SBI Magnum Global Fund-Reg(G),EQ-MNC,Unrated,5476.1,1.98,30-Sep-94,NIFTY MNC - TRI,286.95,298.94,241.96,-0.68,7.52,6.5,-1.19,23.52,17.31,12.24,16.32,43,22,48394,24.42,37.39,12.81,Automobile and Ancillaries,-,-,-,1.51,-0.12,-0.2,0.62,15.51,Equity : Thematic - MNC,-1.1,14.53,1% on or before 12M Nil after 12M
SBI Mutual Fund,SBI Magnum Income Fund-Reg(G),DT-M&LD,4,1531.7,1.46,25-Nov-98,CRISIL Medium to Long Term Debt Index,57.45,57.86,55.87,-0.14,1.61,1.86,1.92,3.18,6.42,6.44,7.57,0,-,-,-,-,-,-,6.05,3.89,7.19,-0.58,-0.34,-0.5,0.58,2.5,Debt : Medium to Long Duration,1.11,4.88,Nil for 10% of investment and 1% for remaining Investment on or before 1Y Nil after 1Y
SBI Mutual Fund,SBI Magnum Low Duration Fund-Reg(G),DT-LOWD,3,7869.4,0.96,26-Jul-07,CRISIL Low Duration Debt Index,2895.8,2895.82,2806.17,0.29,1.03,1.66,3.21,3.35,4.6,5.85,7.15,0,-,-,-,-,-,-,0.58,0.53,7.07,0.55,1.19,1.71,0.08,0.44,Debt : Low Duration,3.28,4.97,Nil
SBI Mutual Fund,SBI Magnum Medium Duration Fund-Reg(G),DT-MD,5,9054.9,1.22,5-Nov-03,NIFTY Medium Duration Debt Index,41.52,41.73,40.48,-0.03,1.24,1.55,2.43,3.68,6.57,6.96,8.47,0,-,-,-,-,-,-,3.98,3,7.55,-0.1,-0.16,-0.21,0.45,1.99,Debt : Medium Duration,1.38,5.02,Nil for 8% of investment and 1.50% for remaining investments or or before 12M Nil after 12M
SBI Mutual Fund,SBI Magnum Midcap Fund-Reg(G),EQ-MID,4,8195.4,1.87,29-Mar-05,Nifty Free Float Midcap 150 - TRI,148.97,155.89,123.26,-2.81,8.66,6,4.95,41.18,29.62,13.8,19.65,13,63,25362,11.54,59.16,25.23,Automobile and Ancillaries,-,-,-,8.97,0.25,0.38,0.79,18.18,Equity : Mid Cap,0.53,23.53,1% on or before 1Y Nil after 1Y
SBI Mutual Fund,SBI Magnum Ultra Short Duration Fund-Reg(G),DT-USD,4,11596.6,0.47,19-May-99,CRISIL Ultra Short Term Debt Index,4944.87,4944.87,4766.88,0.32,1.13,1.94,3.73,3.6,4.52,5.88,7.06,0,-,-,-,-,-,-,0.47,0.44,6.76,1.08,2.89,4.3,0.05,0.36,Debt : Ultra Short Duration,3.68,4.48,Nil
SBI Mutual Fund,SBI Multi Asset Allocation Fund-Reg(G),HY-MULTI,Unrated,589.4,1.82,30-Nov-05,Crisil 10 Yr Gilt Index,38.41,39.18,35.24,-0.14,4.43,1.03,1.01,12.07,10.5,8.72,9.82,0,61,22827,19.12,11.45,22.09,Financials,6.83,4.68,7.11,-1.18,-0.19,-0.29,0.43,7.36,Hybrid : Multi Asset Allocation,1.62,13.98,Nil for 10% of investment and 1% for remaining Investment on or before 12M Nil after 12M
SBI Mutual Fund,SBI Multicap Fund-Reg(G),EQ-MLC,Unrated,11576.2,1.8,8-Mar-22,Nifty500 Multicap 50:25:25 - TRI,10.88,11.18,9.1,-0.76,9.57,5.35,-,-,-,-,-,21,35,49270,38.65,28.92,25,Financials,-,-,-,-,-,-,-,-,Equity : Multi Cap,0.07,20.3,Nil upto 10% of units and 1% for remaining units on or before 1Y Nil after 1Y
SBI Mutual Fund,SBI Nifty 10 yr Benchmark G-Sec ETF,DT-ETF,Unrated,2110.9,0.14,10-Jun-16,Nifty 10 yr Benchmark G-Sec,201.39,206.08,195.32,-0.61,1.5,1.57,-0.9,0.22,2.81,4.11,-,0,-,-,-,-,-,-,9.28,-,-,-3.38,-0.77,-1.18,1.18,5.11,Debt : ETFs,-3.32,12.35,null
SBI Mutual Fund,SBI Nifty 200 Quality 30 ETF,EQ-ETF,Unrated,37.1,0.5,10-Dec-18,NIFTY200 Quality 30 - TRI,150.92,159.77,131.99,1.6,4.74,1.25,-6.04,18.05,14.57,-,-,-,30,119730,78.53,19.07,2.38,FMCG,-,-,-,-3.02,-0.44,-0.7,0.81,17.14,Equity : ETFs,-3.32,12.35,null
SBI Mutual Fund,SBI Nifty 50 ETF,EQ-ETF,Unrated,141594.5,0.07,22-Jul-15,NIFTY 50 - TRI,180.84,186.94,157.33,-0.25,7.72,2.76,-4.12,22.91,15.63,12.65,-,20,51,397408,100,-,-,Financials,-,-,-,0.88,-0.25,-0.41,0.99,18.16,Equity : ETFs,-3.32,12.35,null
SBI Mutual Fund,SBI Nifty Bank ETF,EQ-ETF,Unrated,5195.2,0.2,20-Mar-15,NIFTY BANK - TRI,405.44,416.52,326.88,-1.15,14.22,10.52,2.17,29.47,11.22,10.62,-,25,12,363664,93.64,6.35,-,Financials,-,-,-,8.9,0.13,0.2,1.1,22.44,Equity : ETFs,-3.32,12.35,null
SBI Mutual Fund,SBI Nifty Consumption ETF,EQ-ETF,Unrated,9.9,0.3,22-Jul-21,Nifty India Consumption - TRI,78.18,81.88,62.84,-1.48,6.54,10.93,4.09,-,-,-,-,-,30,195519,92.48,7.52,-,FMCG,-,-,-,7.03,0.13,0.22,0.83,17.96,Equity : ETFs,-3.32,12.35,null
SBI Mutual Fund,SBI Nifty Index Fund-Reg(G),EQ-INDX,3,2827.5,0.5,17-Jan-02,NIFTY 50 - TRI,151.99,157.71,132.42,-0.29,7.59,2.5,-4.61,22.21,14.79,11.82,11.95,25,50,397413,99.86,-,-,Financials,-,-,-,0.35,-0.28,-0.46,0.99,18.17,Equity : Index Funds,-2.76,15.7,0.20% on or before 15D Nil after 15D
SBI Mutual Fund,SBI Nifty IT ETF,EQ-ETF,Unrated,163.1,0.22,19-Oct-20,NIFTY IT - TRI,290.48,401.67,272.98,6.06,4,-12.58,-20.63,16.53,-,-,-,-,10,290819,85.25,14.75,-,Technology,-,-,-,-15.8,-0.86,-1.33,1.02,24.88,Equity : ETFs,-3.32,12.35,null
SBI Mutual Fund,SBI Nifty Midcap 150 Index Fund-Reg(G),EQ-INDX,Unrated,-,-,3-Oct-22,Nifty Midcap 150 - TRI,10.17,10.17,10,-,-,-,-,-,-,-,-,-,-,-,-,-,-,-,-,-,-,-,-,-,-,-,Equity : Index Funds,-2.76,15.7,0.25% on or before 30D Nil after 30D
SBI Mutual Fund,SBI Nifty Next 50 ETF,EQ-ETF,Unrated,1145.6,0.15,20-Mar-15,NIFTY NEXT 50 - TRI,438.22,474.79,369.21,-4.82,6.49,-2.66,-5.13,24.61,15.08,8.65,-,38,57,83361,88.06,11.91,-,Financials,-,-,-,-0.48,-0.28,-0.42,0.95,20.61,Equity : ETFs,-3.32,12.35,null
SBI Mutual Fund,SBI Nifty Next 50 Index Fund-Reg(G),EQ-INDX,Unrated,467.4,0.84,19-May-21,NIFTY NEXT 50 - TRI,11.37,12.33,9.6,-4.88,6.31,-2.97,-5.74,-,-,-,-,-,50,83358,88.17,11.92,-,Financials,-,-,-,-1.08,-0.31,-0.46,0.95,20.6,Equity : Index Funds,-2.76,15.7,0.50% on or before 30D Nil after 30D
SBI Mutual Fund,SBI Nifty Private Bank ETF,EQ-ETF,Unrated,29.7,0.15,19-Oct-20,Nifty Private Bank - TRI,209.97,214.09,164.63,-0.5,17.26,12.47,1.47,25.02,-,-,-,-,10,266305,88.34,7.83,3.83,Financials,-,-,-,8.44,0.1,0.15,1.12,23.11,Equity : ETFs,-3.32,12.35,null
SBI Mutual Fund,SBI Nifty Smallcap 250 Index Fund-Reg(G),EQ-INDX,Unrated,-,-,3-Oct-22,Nifty Smallcap 250 - TRI,10.16,10.16,10,-,-,-,-,-,-,-,-,-,-,-,-,-,-,-,-,-,-,-,-,-,-,-,Equity : Index Funds,-2.76,15.7,0.25% on or before 30D Nil after 30D
SBI Mutual Fund,SBI Overnight Fund-Reg(G),DT-ON,4,24709.2,0.18,24-Sep-02,CRISIL Overnight Index,3512.58,3512.58,3376.11,0.46,1.32,2.36,4.04,3.54,3.59,4.54,6.1,0,-,-,-,-,-,-,-,-,5.99,-0.03,-0.72,-0.37,-,0.04,Debt : Overnight,4.1,3.6,Nil
SBI Mutual Fund,SBI PSU Fund-Reg(G),EQ-THEM,1,434.7,2.54,7-Jul-10,S&P BSE PSU - TRI,14.67,14.99,11.78,-0.18,15.85,3.55,4.93,35.68,12.54,2.96,5.62,43,22,69223,63.02,17.05,18.18,Financials,-,-,-,11.47,0.31,0.48,0.87,21.5,Equity : Thematic,7.27,15.07,0.50% on or before 30D Nil after 30D
SBI Mutual Fund,SBI Retirement Benefit Fund-Aggressive Hybrid Plan-Reg(G),HY-SOL,Unrated,743,2.39,10-Feb-21,CRISIL Hybrid 35+65 - Aggressive Index,13.26,13.53,11.41,0.11,8.02,6.18,2.9,-,-,-,-,0,35,84743,44.11,20.44,11.07,Financials,2.9,2.53,7.22,2.29,0.14,0.22,0.69,13.45,Hybrid : Solution Oriented,-1.53,19.02,Nil
SBI Mutual Fund,SBI Retirement Benefit Fund-Aggressive Plan-Reg(G),HY-SOL,Unrated,967.9,2.26,10-Feb-21,S&P BSE 500 - TRI,13.81,14.15,11.54,0.08,9.45,7.59,2.98,-,-,-,-,0,35,94410,57.89,24.05,12.21,Financials,2.37,2.11,7.14,3.05,0.16,0.25,0.79,16.53,Hybrid : Solution Oriented,-1.53,19.02,Nil
SBI Mutual Fund,SBI Retirement Benefit Fund-Conservative Hybrid Plan-Reg(G),HY-SOL,Unrated,195.5,1.68,10-Feb-21,CRISIL Hybrid 65+35 - Conservative Index,11.79,11.94,10.74,-0.04,5.17,4.59,2.89,-,-,-,-,0,35,85910,22.69,9.88,5.67,Financials,8.4,3.49,7.33,1.16,0.12,0.19,0.66,7.22,Hybrid : Solution Oriented,-1.53,19.02,Nil
SBI Mutual Fund,SBI Retirement Benefit Fund-Conservative Plan-Reg(G),HY-SOL,Unrated,148.4,1.39,10-Feb-21,NIFTY Composite Debt Index,11.19,11.29,10.52,-0.03,3.7,3.69,3.83,-,-,-,-,0,35,87256,11.25,4.98,2.69,Financials,10.02,3.97,7.41,1.59,0.33,0.52,0.61,3.98,Hybrid : Solution Oriented,-1.53,19.02,Nil
SBI Mutual Fund,SBI S&P BSE 100 ETF,EQ-ETF,Unrated,6.3,0.14,20-Mar-15,S&P BSE 100 - TRI,190.7,197.5,164.98,-0.8,7.78,2.12,-3.56,24.02,16.24,12.26,-,166,101,305454,95.28,4.47,-,Financials,-,-,-,1.41,-0.22,-0.35,0.98,18.25,Equity : ETFs,-3.32,12.35,null
SBI Mutual Fund,SBI S&P BSE Sensex ETF,EQ-ETF,Unrated,77163.6,0.07,15-Mar-13,S&P BSE SENSEX - TRI,630.35,647.2,546.15,0.21,8.41,4.07,-3.4,22.24,15.78,13.87,-,19,30,483566,100,-,-,Financials,-,-,-,1.69,-0.21,-0.34,1,18.27,Equity : ETFs,-3.32,12.35,Nil
SBI Mutual Fund,SBI S&P BSE Sensex Next 50 ETF,EQ-ETF,Unrated,9,0.12,25-Sep-18,S&P BSE Sensex Next 50 - TRI,513.24,547.36,430.42,-3.33,6.67,-2.96,-2.13,30.05,17.41,-,-,-,50,70763,70.5,29.35,-,Financials,-,-,-,3.18,-0.1,-0.16,0.98,21.51,Equity : ETFs,-3.32,12.35,null
SBI Mutual Fund,SBI Savings Fund-Reg(G),DT-MM,2,19299.1,0.76,14-Jul-04,CRISIL Money Market Index,34.37,34.37,33.17,0.32,1.09,1.88,3.6,3.5,4.38,5.51,6.94,0,-,-,-,-,-,-,0.45,0.42,6.95,0.93,2.63,3.77,0.05,0.35,Debt : Money Market,3.75,4.5,0.10% on or before 3D Nil after 3D
SBI Mutual Fund,SBI Short Term Debt Fund-Reg(G),DT-SD,3,13331.5,0.85,26-Jul-07,Crisil Short Term Bond Fund Index,26.32,26.32,25.7,0.2,0.88,1.27,2.39,3.09,5.29,6.01,7.31,0,-,-,-,-,-,-,1.7,1.43,7.2,-0.25,-0.4,-0.54,0.19,0.85,Debt : Short Duration,2.89,5.39,Nil
SBI Mutual Fund,SBI Small Cap Fund-Reg(G),EQ-SML,2,14494.3,1.74,9-Sep-09,S&P BSE 250 Small Cap - TRI,115.46,118.13,92.91,-0.03,14.13,8.92,7.87,40.55,30.17,17.42,25.22,38,49,10300,-,20.8,64.87,Capital Goods,-,-,-,10.41,0.43,0.63,0.63,16.02,Equity : Small Cap,2.94,30.51,1% on or before 1Y Nil after 1Y
SBI Mutual Fund,SBI Technology Opp Fund-Reg(G),EQ-TECH,Unrated,2500.5,2.11,7-Jan-13,S&P BSE TECk Index - TRI,131.57,165.9,122.7,3.5,3.57,-7.03,-14.74,23.66,25.86,23.3,-,38,19,344389,67.71,2.16,4.69,Technology,-,-,-,-10.81,-0.77,-1.2,0.81,20,Equity : Sectoral - Technology,-17.82,26.86,0.50% on or before 15D Nil after 15D
Shriram Mutual Fund,Shriram Balanced Advantage Fund-Reg(G),HY-DYN,Unrated,49.9,2.6,5-Jul-19,NIFTY 50 Hybrid Composite Debt 50:50 Index,13.3,13.61,12.37,-0.43,4.05,2.89,-0.53,10.07,9.15,-,-,606,33,260565,71.14,9,3.38,Financials,5.39,3.98,7.55,-2.24,-0.32,-0.53,0.61,8.15,Hybrid : Dynamic Asset Allocation,1.18,10.47,NIL for 12% of units and 1% for remaining units on or before 365D Nil after 365D
Shriram Mutual Fund,Shriram Flexi Cap Fund-Reg(G),EQ-FLEX,Unrated,63.4,2.55,28-Sep-18,NIFTY 500 - TRI,14.97,15.49,12.58,-0.79,8.62,4.6,-4.18,18.97,12.14,-,-,267.5,36,206257,70.22,14.55,7.63,Financials,-,-,-,0.48,-0.26,-0.4,0.93,17.82,Equity : Flexi Cap,-2.7,16.46,1% on or before 365D
Shriram Mutual Fund,Shriram Hybrid Equity Fund-Reg(G),HY-EQ,Unrated,58.1,2.35,6-Dec-13,CRISIL Hybrid 35+65 - Aggressive Index,23.15,23.7,20.7,-0.32,5.72,2.94,-3.45,14.61,10.27,7.96,-,166.6,30,265359,66.13,7.63,1.91,Financials,4.34,3.27,7.57,-4.61,-0.39,-0.63,0.94,13.35,Hybrid : Equity Oriented,1.35,8.53,NIL for 12% of units and 1% for remaining units on or before 365D Nil after 365D
Shriram Mutual Fund,Shriram Long Term Equity Fund-Reg(G),EQ-ELSS,Unrated,40.5,2.55,25-Jan-19,NIFTY 500 - TRI,15.64,16.37,13.45,0.43,8.07,3.78,-5.27,17.29,13.1,-,-,113.9,38,183865,69.54,17.51,7.73,Financials,-,-,-,-1.01,-0.35,-0.54,0.92,17.7,Equity : Tax Saving (ELSS),-1.86,16.69,Nil
Shriram Mutual Fund,Shriram Overnight Fund-Reg(G),DT-ON,Unrated,98.3,0.15,26-Aug-22,CRISIL Overnight Index,10.09,10.09,10,0.46,-,-,-,-,-,-,-,0,-,-,-,-,-,-,0.01,0.01,6.11,-,-,-,-,-,Debt : Overnight,4.1,3.6,Nil
Sundaram Mutual Fund,Sundaram Aggressive Hybrid Fund(G),HY-EQ,4,3055.2,2.02,14-Jan-00,CRISIL Hybrid 35+65 - Aggressive Index,113.47,116.24,100.5,-0.53,6.99,3.65,-3.32,20.42,14.83,9.08,13.35,72,57,186933,61.44,11.13,4.06,Financials,1.67,1.34,6.44,-4.28,-0.36,-0.56,0.88,13.16,Hybrid : Equity Oriented,1.35,8.53,Nil upto 25% of units within 1Y 1% in excess of limit within 1Y Nil after 1Y
Sundaram Mutual Fund,Sundaram Arbitrage Fund(G),HY-ARB,Unrated,58.7,1.02,21-Apr-16,Nifty 50 Arbitrage,12.1,12.1,11.75,0.46,1.1,1.97,2.9,2.7,2.57,2.24,-,1051,19,205385,55.74,9.7,-,Financials,0.11,-,7.43,0.05,0.07,0.13,-0.02,0.98,Hybrid : Arbitrage,3.56,3.65,Nil upto 25% of units and 0.25% for remaining units on or before 15D Nil after 15D
Sundaram Mutual Fund,Sundaram Balanced Advantage Fund(G),HY-DYN,1,1569.3,2.06,16-Dec-10,NIFTY 50 Hybrid Composite Debt 50:50 Index,26.1,26.75,23.53,-0.84,6.13,4.08,2.06,9.63,8.3,6.03,9.04,323,65,185661,58.31,12.48,3.27,Financials,0.79,0.64,6.63,0.18,-0.02,-0.03,0.62,9.06,Hybrid : Dynamic Asset Allocation,1.18,10.47,Nil upto 25% of units and 1% for remaining units on or before 1Y Nil after 1Y
Sundaram Mutual Fund,Sundaram Banking & PSU Debt Fund(G),DT-B&PSU,2,458.8,0.4,30-Dec-04,NIFTY Banking and PSU Debt Index,35.18,35.23,34.45,0.04,0.8,1.15,2.09,2.62,4.52,5.57,7,0,-,-,-,-,-,-,1.93,1.66,7.1,-0.48,-0.47,-0.62,0.28,1.31,Debt : Banking & PSU,2.42,5.6,Nil
Sundaram Mutual Fund,Sundaram Consumption Fund(G),EQ-CONS,2,1244.4,2.24,12-May-06,Nifty India Consumption - TRI,63.75,65.69,51.19,-0.28,9.17,11.3,4.7,25.38,15.3,8.78,14.74,54,39,116796,71.84,11.09,10.42,FMCG,-,-,-,8.52,0.21,0.33,0.85,17.89,Equity : Thematic - Consumption,7.84,17.57,Nil upto 25% of units and 1% for remaining units on or before 365D Nil after 365D
Sundaram Mutual Fund,Sundaram Corp Bond Fund(G),DT-CORP,4,1038.5,0.54,30-Dec-04,NIFTY Corporate Bond Index,33.03,33.03,32.11,0.23,0.96,1.41,2.76,3.54,6.07,6.37,7.35,0,-,-,-,-,-,-,0.65,0.6,6.99,0.15,0.12,0.15,0.13,0.74,Debt : Corporate Bond,2.2,5.79,Nil
Sundaram Mutual Fund,Sundaram Debt Oriented Hybrid Fund(G),HY-DT(CO),Unrated,31.8,2.16,8-Mar-10,CRISIL Hybrid 85+15 - Conservative Index,23.93,24.21,22.9,-0.24,2.7,1.89,0.47,9.56,8.27,4.83,7.48,0,24,239581,16.63,3.31,0.37,Financials,5.73,4.15,7.17,-1.84,-0.53,-0.85,0.55,3.94,Hybrid : Debt Oriented (Conservative),0.59,9.76,Nil
Sundaram Mutual Fund,Sundaram Diversified Equity(G),EQ-ELSS,2,1756.4,2.13,2-May-05,NIFTY 500 - TRI,153.31,158.46,129.85,-1.12,8.95,4.91,-0.78,26.53,15.2,8.57,12.81,32,51,153044,68,26.36,5.44,Financials,-,-,-,4.36,-0.05,-0.08,0.94,17.93,Equity : Tax Saving (ELSS),-1.86,16.69,Nil
Sundaram Mutual Fund,Sundaram Dividend Yield Fund(G),EQ-DIV,Unrated,321.3,2.84,15-Oct-04,NIFTY 500 - TRI,85.5,91.04,75.96,-0.27,5.65,0.31,-5.24,23.68,17.28,11.04,13.16,31,52,160010,69.38,14.37,8.72,Financials,-,-,-,-0.93,-0.34,-0.54,0.85,16.32,Equity : Thematic - Dividend Yield,-1.06,18.75,Nil upto 24% of units and 1% for remaining units on or before 365D Nil after 365D
Sundaram Mutual Fund,Sundaram Equity Savings Fund(G),HY-EQ,3,395.6,2.36,23-May-02,NIFTY 50 Equity Savings Index,51.94,52.14,47.93,0.32,4.25,2.89,1.95,15.55,12.49,8.84,8.16,433,57,130078,50.12,14.43,6.01,Financials,0.67,0.63,6.41,-0.3,-0.07,-0.12,0.5,7.72,Hybrid : Equity Oriented,1.35,8.53,NIL
Sundaram Mutual Fund,Sundaram Fin Serv Opp Fund(G),EQ-FIN,4,583.3,2.57,10-Jun-08,Nifty Financial Services - TRI,62.82,64.72,51.24,-0.99,12.62,7.9,-0.52,26.14,12.53,10.57,12.54,61,25,214764,76.68,5.78,10.62,Financials,-,-,-,5.07,-0.04,-0.06,1.05,20.82,Equity : Sectoral - Financial Services,-1.79,11.01,Nil upto 25% of units and 1% for remaining units on or before 365D Nil after 365D
Sundaram Mutual Fund,Sundaram Flexi Cap Fund-Reg(G),EQ-FLEX,Unrated,1731.7,-,6-Sep-22,NIFTY 500 - TRI,9.89,10.02,9.6,0.03,-,-,-,-,-,-,-,42.8,52,180110,50.2,8.06,7.94,Financials,-,-,-,-,-,-,-,-,Equity : Flexi Cap,-2.7,16.46,Nil upto 25% of units and 1% for remaining units on or before 365D Nil after 365D
Sundaram Mutual Fund,Sundaram Focused Fund(G),EQ-FLEX,4,736.4,2.49,11-Nov-05,NIFTY 500 - TRI,108.42,115.92,92.23,-1.95,8.5,0.33,-6.35,25.2,18.35,12.7,14,43,29,73438,58.68,18.71,8.29,Financials,-,-,-,-2.14,-0.4,-0.61,0.98,18.94,Equity : Flexi Cap,-2.7,16.46,0.25% before 7D Nil after 7D
Sundaram Mutual Fund,Sundaram Global Brand Fund(G),FOF-OVR,Unrated,104.5,2.31,22-Aug-07,MSCI AC World Index,20.82,26.43,19.84,-1.52,-2.66,-12.15,-19.01,1.44,6.82,4.54,4.78,-,-,-,-,-,-,-,-,-,-,-21.75,-1.05,-1.73,0.67,20.98,FoFs : Overseas,-21.18,4.44,Nil upto 25% of units and 1% for remaining units on or before 365D Nil after 365D
Sundaram Mutual Fund,Sundaram Infra Advantage Fund(G),EQ-INFRA,3,618.9,2.56,29-Sep-05,S&P BSE 100 - TRI,52.46,55.11,43.92,-2.73,10.12,1.93,-1.36,35.53,19.26,8.81,10.96,45,49,78372,56.2,20.12,19.68,Capital Goods,-,-,-,3.7,-0.06,-0.1,0.88,18.52,Equity : Sectoral - Infrastructure,5.4,20.87,Nil upto 25% of units and 1% for remaining units on or before 365D Nil after 365D
Sundaram Mutual Fund,Sundaram Large and Mid Cap Fund(G),EQ-L&M,2,5089.8,1.89,27-Feb-07,NIFTY LargeMidcap 250 - TRI,54.98,58.76,46.61,-2.06,8.33,1.59,-4.93,26.75,14.99,12.05,14.38,27,68,108940,56.11,33.55,4.31,Financials,-,-,-,-0.13,-0.29,-0.45,0.94,18.3,Equity : Large & Mid Cap,-1.58,18.24,Nil upto 25% of units and 1% for remaining units on or before 365D Nil after 365D
Sundaram Mutual Fund,Sundaram Large Cap Fund-Reg(G),EQ-LC,Unrated,2962.4,1.93,8-Oct-20,NIFTY 100 - TRI,14.9,15.51,12.93,-0.51,7.78,2.78,-4.21,21.99,-,-,-,55,49,276853,89.25,6.74,0.22,Financials,-,-,-,0.23,-0.29,-0.45,0.94,17.36,Equity : Large Cap,-3.51,14.3,Nil upto 25% of units and 1% for remaining units on or before 1Y Nil after 1Y
Sundaram Mutual Fund,Sundaram Liquid Fund(G),DT-LIQ,1,2305.7,0.28,30-Aug-04,Nifty Liquid Fund Index,1914.58,1914.58,1838.17,0.46,1.33,2.4,4.16,3.64,3.82,3.19,5.71,0,-,-,-,-,-,-,0.08,0.08,6.38,0.05,0.67,0.59,0.01,0.07,Debt : Liquid,4.1,3.86,0.007% for Day 1 0.0065% on Day 2 0.0060% on Day 3 0.0055% on Day 4 0.0050% on Day 5 0.0045% on Day 6 NIL on or after 7D
Sundaram Mutual Fund,Sundaram Low Duration Fund(G),DT-LOWD,2,378.9,0.98,14-Sep-04,NIFTY Low Duration Debt Index,2881,2881.78,2785.65,0.31,1.08,1.81,3.44,3.48,4.14,1.38,4.86,0,-,-,-,-,-,-,0.76,0.53,6.92,0.78,1.66,2.75,0.06,0.46,Debt : Low Duration,3.28,4.97,Nil
Sundaram Mutual Fund,Sundaram Medium Term Bond Fund(G),DT-MD,Unrated,44.4,2.15,18-Dec-97,NIFTY Medium Duration Debt Index,58.58,59.16,57.64,-0.09,0.68,0.21,-0.47,0.9,2.82,3.97,6.03,0,-,-,-,-,-,-,3.59,2.92,7.2,-3.07,-1.51,-2.1,0.52,2.18,Debt : Medium Duration,1.38,5.02,Nil
Sundaram Mutual Fund,Sundaram Mid Cap Fund-Reg(G),EQ-MID,1,7413,1.84,19-Jul-02,Nifty Midcap 100 - TRI,751.04,781.12,607.46,-1.64,11.04,6.46,0.1,32.07,18.97,8.47,16.31,41,64,40197,24.72,64.79,6.78,Financials,-,-,-,5.17,0.01,0.01,0.91,19.26,Equity : Mid Cap,0.53,23.53,Nil upto 25% of units and 1% for remaining units on or before 365D Nil after 365D
Sundaram Mutual Fund,Sundaram Money Market Fund-Reg(G),DT-MM,Unrated,32.7,0.33,26-Sep-18,Nifty Money Market Index,12.38,12.38,11.9,0.44,1.28,2.27,4,3.7,4.34,-,-,0,-,-,-,-,-,-,0.13,0.13,6.03,1.31,6.05,12.62,0.01,0.22,Debt : Money Market,3.75,4.5,Nil
Sundaram Mutual Fund,Sundaram Multi Cap Fund(G),EQ-MLC,4,1859.8,2.14,25-Oct-00,Nifty500 Multicap 50:25:25 - TRI,240.45,254.22,203.72,-1.81,8.88,1.71,-2.53,30.34,20.42,11.38,16.23,74,68,72857,43.9,29.47,22.27,Financials,-,-,-,2.07,-0.16,-0.25,0.92,18.53,Equity : Multi Cap,0.07,20.3,Nil upto 25% of units and 1% for remaining units on or before 365D Nil after 365D
Sundaram Mutual Fund,Sundaram Nifty 100 Equal Weight Fund(G),EQ-INDX,Unrated,56.2,0.95,27-Jul-99,Nifty100 Equal Weight - TRI,109.22,115.65,94.68,-2.84,5.94,-1.33,-6.1,26.18,15.51,9.06,10.86,47,102,108173,82.44,14.95,-,Financials,-,-,-,-1.84,-0.38,-0.57,0.91,18.34,Equity : Index Funds,-2.76,15.7,Nil
Sundaram Mutual Fund,Sundaram Overnight Fund-Reg(G),DT-ON,4,1042.4,0.21,20-Mar-19,Nifty 1D Rate Index,1155.01,1155.01,1110.33,0.46,1.31,2.38,4.02,3.49,3.57,-,-,0,-,-,-,-,-,-,-,-,6.12,-0.05,-0.99,-0.54,-,0.04,Debt : Overnight,4.1,3.6,Nil
Sundaram Mutual Fund,Sundaram Services Fund-Reg(G),EQ-THEM,4,2266.4,2.04,21-Sep-18,Nifty Services Sector - TRI,21.51,22.21,18.19,-0.53,9.9,3.91,-2.73,34.48,21.91,-,-,35,43,107913,59.96,12.46,19.28,Financials,-,-,-,1.36,-0.21,-0.33,0.92,17.7,Equity : Thematic,7.27,15.07,Nil upto 25% of units and 1% for remaining units on or before 365D Nil after 365D
Sundaram Mutual Fund,Sundaram Short Duration Fund(G),DT-SD,2,207.1,0.93,13-May-03,Nifty Short Duration Debt Index,36.29,36.3,35.24,0.22,1.07,1.37,2.95,3.26,5.51,3.92,6.18,0,-,-,-,-,-,-,1.48,1.03,7.04,0.28,0.19,0.3,0.19,0.97,Debt : Short Duration,2.89,5.39,Nil
Sundaram Mutual Fund,Sundaram Small Cap Fund(G),EQ-SML,3,2039.9,2.09,15-Feb-05,Nifty Smallcap 100 - TRI,149.88,159.27,123.19,-0.9,10.98,2.55,-3.46,38.38,27.15,8.68,16.48,48,77,13724,8.66,17.36,67.82,Financials,-,-,-,0.43,-0.22,-0.32,0.82,18.68,Equity : Small Cap,2.94,30.51,Nil upto 25% of units and 1% for remaining units on or before 365D Nil after 365D
Sundaram Mutual Fund,Sundaram Tax Savings Fund-Reg(G),EQ-ELSS,4,945.1,2.35,31-Mar-96,NIFTY 500 - TRI,338.6,349.08,287.4,-0.75,8.58,4.04,-1.29,28.13,19.24,10.4,15.7,38,59,96008,60.35,24.51,8.75,Financials,-,-,-,3.23,-0.11,-0.17,0.94,18.14,Equity : Tax Saving (ELSS),-1.86,16.69,Nil
Sundaram Mutual Fund,Sundaram Ultra Short Duration Fund(G),DT-USD,1,1097.9,1.43,28-Dec-07,NIFTY Ultra Short Duration Debt Index,2276.96,2276.96,2209.24,0.32,0.97,1.7,3.06,2.88,3.4,3.6,6.06,0,-,-,-,-,-,-,0.31,0.31,6.71,0.38,1.45,2.4,0.03,0.26,Debt : Ultra Short Duration,3.68,4.48,Nil
Tata Mutual Fund,Tata Arbitrage Fund-Reg(G),HY-ARB,5,6975.2,1.07,18-Dec-18,Nifty 50 Arbitrage,11.93,11.93,11.51,0.42,1.11,1.89,3.58,3.75,4.18,-,-,465.14,136,75135,38.7,20.95,5.78,Financials,0.49,0.45,6.67,0.78,0.91,1.88,-,0.86,Hybrid : Arbitrage,3.56,3.65,0.25% on or before 30D
Tata Mutual Fund,Tata Balanced Adv Fund-Reg(G),HY-DYN,4,5798.4,1.83,28-Jan-19,CRISIL Hybrid 50+50 - Moderate Index,15.04,15.26,13.81,-0.18,4.35,2.63,1.87,14.51,12.38,-,-,61.24,70,193613,57.2,6.96,1.24,Financials,1.98,1.72,7.19,0.13,-0.02,-0.03,0.52,7.83,Hybrid : Dynamic Asset Allocation,1.18,10.47,Nil upto 12% of original cost of investments and 1% for more than 12% on or before 90D Nil after 90D
Tata Mutual Fund,Tata Banking & Financial Services Fund-Reg(G),EQ-FIN,2,1105.5,2.32,28-Dec-15,Nifty Financial Services - TRI,26.72,28.35,21.56,-1.38,13.29,8.42,-2.91,21.79,10.31,8.52,-,10.2,27,127661,71.52,9.47,16.76,Financials,-,-,-,2.6,-0.15,-0.24,1.02,20.34,Equity : Sectoral - Financial Services,-1.79,11.01,0.25% on or before 30D
Tata Mutual Fund,Tata Banking & PSU Debt Fund-Reg(G),DT-B&PSU,2,288.4,0.72,10-Oct-19,CRISIL Banking and PSU Debt Index,11.81,11.81,11.55,0.17,1.01,1.03,2.19,3.27,5.54,-,-,0,-,-,-,-,-,-,1.09,0.96,7.08,-0.43,-0.46,-0.58,0.21,1.13,Debt : Banking & PSU,2.42,5.6,Nil
Tata Mutual Fund,Tata Business Cycle Fund-Reg(G),EQ-THEM,Unrated,905.6,2.25,4-Aug-21,NIFTY 500 - TRI,11.17,11.47,9.31,-0.16,10.72,3.75,2.83,-,-,-,-,25.93,46,100555,67.57,18.1,10.22,Financials,-,-,-,7.81,0.14,0.22,0.94,18.48,Equity : Thematic,7.27,15.07,Nil upto 12% of investment and 1% for remaining investments on or beofre 365D Nil after 365D
Tata Mutual Fund,Tata Corp Bond Fund-Reg(G),DT-CORP,Unrated,429.9,0.86,1-Dec-21,CRISIL Corporate Bond Index,10.1,10.11,9.92,0.11,0.87,0.6,-,-,-,-,-,0,-,-,-,-,-,-,2.26,1.74,7.18,-,-,-,-,-,Debt : Corporate Bond,2.2,5.79,Nil
Tata Mutual Fund,Tata CRISIL IBX Gilt Index - April 2026 Index Fund-Reg(G),DT-MD,Unrated,416.3,0.34,30-Sep-22,CRISIL IBX Gilt Index - April 2026,10.02,10.03,9.98,-,-,-,-,-,-,-,-,0,-,-,-,-,-,-,2.38,2.05,6.87,-,-,-,-,-,Debt : Medium Duration,1.38,5.02,0.25% on or before 30D Nil after 30D
Tata Mutual Fund,Tata Digital India Fund-Reg(G),EQ-TECH,Unrated,5888.5,2.02,28-Dec-15,NIFTY IT - TRI,31.04,41.36,29.09,3.83,3.8,-11.78,-19.94,23.11,27.3,25.33,-,26.11,32,233551,76.46,6.32,5.35,Technology,-,-,-,-16.33,-0.98,-1.5,0.94,21.92,Equity : Sectoral - Technology,-17.82,26.86,0.25% on or before 30D
Tata Mutual Fund,Tata Dividend Yield Fund-Reg(G),EQ-DIV,Unrated,540.4,2.39,20-May-21,Nifty Dividend Opportunities 50 - TRI,11.13,11.77,9.61,-1.29,6.68,-2.06,-7.05,-,-,-,-,60.89,51,119765,64.89,22.36,7.59,Financials,-,-,-,-2.12,-0.38,-0.6,0.86,17.89,Equity : Thematic - Dividend Yield,-1.06,18.75,Nil upto 12% of investments and 1% for remaining units on or before 365D Nil after 365D
Tata Mutual Fund,Tata Dynamic Bond Fund-Reg(G),DT-DYN,3,145.9,0.72,3-Sep-03,CRISIL Dynamic Debt Index,34.92,34.92,33.16,0.4,2.56,3.77,5.34,5.66,6.55,5.76,-,0,-,-,-,-,-,-,1.77,1.46,5.88,2.82,2.02,4.62,0.22,1.3,Debt : Dynamic Bond,2.02,5.08,Nil
Tata Mutual Fund,Tata Equity P/E Fund(G),EQ-VAL,1,5114.7,1.95,29-Jun-04,NIFTY 500 - TRI,204.32,212.08,176.4,-2.13,8.54,3.54,-3.12,21.74,15.02,8.3,15.41,45.39,34,125350,67.28,15.17,13.58,Financials,-,-,-,1.21,-0.22,-0.34,0.88,16.85,Equity : Value / Contra,3.04,21.88,Nil upto 12% on investment and 1% for rest investment on or before 12M Nil after 12M
Tata Mutual Fund,Tata Equity Savings Fund-Reg(G),HY-EQ,2,151.4,1.04,27-Apr-00,NIFTY 50 Equity Savings Index,41.84,42.22,39.95,0.12,2.47,1.28,0.44,9.53,7.79,6.27,7.07,133.91,36,244094,63.93,2.38,-,Financials,1.81,1.54,7.25,-1.69,-0.33,-0.54,0.32,5.54,Hybrid : Equity Oriented,1.35,8.53,Nil upto 12% of original cost of investments and 0.25% for more than 12% on or before 90D Nil after 90D
Tata Mutual Fund,Tata Ethical Fund-Reg(G),EQ-THEM,4,1423.2,2.23,24-May-96,Nifty500 Shariah - TRI,276.12,301.61,243.82,0.04,5.2,-0.43,-3.76,24.94,19.5,12.69,14.4,24.49,55,88267,56.68,30.72,9.41,Technology,-,-,-,-0.15,-0.27,-0.41,0.79,16.82,Equity : Thematic,7.27,15.07,0.50% on or before 90D Nil after 90D
Tata Mutual Fund,Tata Flexi Cap Fund-Reg(G),EQ-FLEX,2,2217.3,2.13,6-Sep-18,NIFTY 500 - TRI,15.72,16.88,13.81,-2.49,6.55,0.92,-7.88,17.86,12.82,-,-,68.4,53,96854,61.8,16.67,16.59,Financials,-,-,-,-4.08,-0.53,-0.81,0.89,17.13,Equity : Flexi Cap,-2.7,16.46,Nil upto 12% of original cost of investments and 1% for more than 12% on or before 12M Nil after 12M
Tata Mutual Fund,Tata Floating Rate Fund-Reg(G),DT-FL,Unrated,353.5,0.73,7-Jul-21,Crisil Short Term Bond Fund Index,10.51,10.51,10.11,0.46,1.61,2.51,3.95,-,-,-,-,0,-,-,-,-,-,-,1.88,1.19,7.19,1.34,1.52,2.4,0.14,0.84,Debt : Floater,3.09,5.61,NIL
Tata Mutual Fund,Tata Focused Equity Fund-Reg(G),EQ-MLC,Unrated,1210.2,2.17,5-Dec-19,NIFTY 500 - TRI,15.1,15.9,13.08,-0.72,8.39,1.02,-3.68,25.1,-,-,-,19.67,31,236448,81.91,16.13,-,Financials,-,-,-,0.86,-0.24,-0.39,0.94,17.67,Equity : Multi Cap,0.07,20.3,Nil upto 12% of original cost of invesment and 1% for more than 12% original cost of investment on or before 365D Nil after 365D
Tata Mutual Fund,Tata Gilt Securities Fund-Reg(G),DT-GILT,1,249,1.71,4-Sep-99,CRISIL Dynamic Gilt Index,64.14,64.14,61.99,0.64,2.36,2.66,2.52,2.2,4.29,4.84,7.27,0,-,-,-,-,-,-,5.41,3.89,7.08,-0.25,-0.23,-0.39,0.49,2.13,Debt : Gilt,1.22,5.04,Nil
Tata Mutual Fund,Tata Housing Opportunities Fund-Reg(G),EQ-THEM,Unrated,365.2,2.55,2-Sep-22,Nifty Housing - TRI,9.9,10.16,9.67,-1.41,-,-,-,-,-,-,-,-,24,113007,60.52,19.61,11.93,Financials,-,-,-,-,-,-,-,-,Equity : Thematic,7.27,15.07,Nil upto 12% of original cost of investment and 1% for remaining investements on or before 365D Nil after 365D
Tata Mutual Fund,Tata Hybrid Equity Fund-Reg(G),HY-EQ,3,3221.5,1.99,8-Oct-95,CRISIL Hybrid 35+65 - Aggressive Index,313.54,321.43,276.1,-0.44,6.87,5.63,-0.1,21.03,13.73,9.02,12.63,3.97,37,228252,56.69,7.42,10.53,Financials,2.6,2.08,7.45,-0.78,-0.09,-0.14,0.79,13.48,Hybrid : Equity Oriented,1.35,8.53,Nil upto 12% of investments and 1% for remaining investments on or before 365D Nil after 365D
Tata Mutual Fund,Tata Income Fund-Reg(G),DT-M&LD,Unrated,52.3,1.94,28-Apr-97,CRISIL Medium to Long Term Debt Index,66.61,67.49,65.21,-0.56,1.59,-0.37,-0.24,2.26,5.13,4.9,-,0,-,-,-,-,-,-,6.16,4.48,7.16,-2.37,-1.12,-1.41,0.55,2.54,Debt : Medium to Long Duration,1.11,4.88,Nil
Tata Mutual Fund,Tata India Consumer Fund-Reg(G),EQ-CONS,2,1467.7,2.21,28-Dec-15,Nifty India Consumption - TRI,27.87,28.78,22.78,-0.34,8.73,6.1,-2.07,24.7,16.6,11.46,-,58.15,30,63949,52.5,25.08,18.16,FMCG,-,-,-,1.66,-0.16,-0.25,0.82,18.31,Equity : Thematic - Consumption,7.84,17.57,0.25% on or before 30D
Tata Mutual Fund,Tata India Pharma & Healthcare Fund-Reg(G),EQ-PHRM,1,519.7,2.5,28-Dec-15,NIFTY PHARMA - TRI,16.7,18.02,15,4.25,3.38,-2.72,-6.33,10.98,23.41,14.33,-,22.98,25,45346,49.59,28.05,18.04,Healthcare,-,-,-,-5.97,-0.61,-1.01,0.53,14.65,Equity : Sectoral - Pharma,-7.13,24.5,0.25% on or before 30D
Tata Mutual Fund,Tata India Tax Savings Fund-Reg(G),EQ-ELSS,2,3036.6,1.97,13-Oct-14,NIFTY 500 - TRI,28.96,29.79,24.5,-0.42,9.25,3.73,-1.36,25.11,16.32,11.09,-,23.42,53,116875,63.78,15.83,19.07,Financials,-,-,-,3.73,-0.08,-0.13,0.94,17.75,Equity : Tax Saving (ELSS),-1.86,16.69,Nil
Tata Mutual Fund,Tata Infrastructure Fund-Reg(G),EQ-INFRA,3,941.4,2.38,31-Dec-04,S&P BSE India Infrastructure Index - TRI,99.55,106.42,81.45,-3.59,9.68,6.53,6.31,44.91,21.58,12.04,12.82,19.14,44,41470,36.26,41.88,17.45,Capital Goods,-,-,-,10.99,0.35,0.53,0.83,18.37,Equity : Sectoral - Infrastructure,5.4,20.87,0.25% on or before 30D
Tata Mutual Fund,Tata Large & Mid Cap Fund(G),EQ-L&M,2,3333.3,2.08,25-Feb-93,NIFTY LargeMidcap 250 - TRI,349.95,359,289.22,-0.91,10.42,9.33,2.85,27.16,18.82,13.06,15.22,9,43,102478,48.38,36.16,11.01,Financials,-,-,-,6.83,0.13,0.2,0.85,16.55,Equity : Large & Mid Cap,-1.58,18.24,Nil upto 12% of investments and 1% for remaining investments on or before 365D Nil after 365D
Tata Mutual Fund,Tata Large Cap Fund(G),EQ-LC,3,1303.6,2.41,7-May-98,NIFTY 100 - TRI,330.19,348.39,288.57,-0.88,6.93,1.1,-5.71,24.02,13.86,10.13,12.12,8.84,54,225500,82.59,10.02,3.83,Financials,-,-,-,-1.29,-0.37,-0.58,0.91,16.99,Equity : Large Cap,-3.51,14.3,Nil upto 12% of investments and 1% for remaining investments on or before 365D Nil after 365D
Tata Mutual Fund,Tata Liquid Fund-Reg(G),DT-LIQ,4,12089.4,0.32,1-Sep-04,Crisil Liquid Fund Index,3417.16,3417.16,3281.83,0.44,1.29,2.33,4.12,3.63,4,5.24,6.76,0,-,-,-,-,-,-,0.12,0.12,6.31,0.03,0.23,0.23,0.01,0.08,Debt : Liquid,4.1,3.86,0.007% for Day 1 0.0065% on Day 2 0.0060% on Day 3 0.0055% on Day 4 0.0050% on Day 5 0.0045% on Day 6 NIL on or after 7D
Tata Mutual Fund,Tata Medium Term Fund-Reg(G),DT-MD,Unrated,76.1,1.39,26-Nov-02,CRISIL Medium Term Debt Index,29.79,29.97,29.12,-0.14,1.67,0.36,1.64,4.24,6.43,2.35,-,0,-,-,-,-,-,-,2.95,2.34,7.49,-0.63,-0.57,-0.74,0.42,1.74,Debt : Medium Duration,1.38,5.02,Nil upto 12% of investments and 1% for remaining investments on or before 365D Nil after 365D
Tata Mutual Fund,Tata Mid Cap Growth Fund(G),EQ-MID,3,1705.6,2.29,1-Jul-94,Nifty Midcap 150 - TRI,244.14,255.87,208.47,-2.18,5.78,1.14,-5.71,28.53,21.39,12.45,17.93,64.7,59,29999,15.84,69.49,9.7,Automobile and Ancillaries,-,-,-,-0.91,-0.3,-0.46,0.87,18.68,Equity : Mid Cap,0.53,23.53,Nil upto 12% of investments and 1% for remaining investments on or before 365D Nil after 365D
Tata Mutual Fund,Tata Money Market Fund-Reg(G),DT-MM,4,6924,0.42,22-May-03,CRISIL Money Market Index,3871.43,3871.43,3718.96,0.38,1.21,2.13,4.09,4.03,4.93,4.55,6.38,0,-,-,-,-,-,-,0.4,0.4,6.91,1.44,3.94,5.87,0.05,0.36,Debt : Money Market,3.75,4.5,Nil
Tata Mutual Fund,Tata Multi Asset Opp Fund-Reg(G),HY-MULTI,Unrated,1385.4,2.19,4-Mar-20,S&P BSE 200,15.89,16.17,14.36,-0.22,6.3,2.2,1.53,19.54,-,-,-,17.91,55,183083,54.05,6.79,5.99,Financials,1.07,0.94,6.89,0.3,-,-,0.54,10.24,Hybrid : Multi Asset Allocation,1.62,13.98,Nil upto 12% of investments and 1% for remaining investments on or before 365D Nil after 365D
Tata Mutual Fund,Tata Nifty 50 ETF,EQ-ETF,Unrated,429.2,0.08,1-Jan-19,NIFTY 50 - TRI,183.18,189.21,159.37,-0.18,7.75,2.82,-4.03,22.9,15.73,-,-,8.96,52,398593,99.77,-,-,Financials,-,-,-,0.93,-0.25,-0.4,0.99,18.09,Equity : ETFs,-3.32,12.35,null
Tata Mutual Fund,Tata NIFTY 50 Index Fund-Reg(G),EQ-INDX,3,301.3,0.52,25-Feb-03,NIFTY 50 - TRI,107.31,111.24,93.5,-0.23,7.61,2.59,-4.5,22.13,14.88,11.98,12.06,2.01,51,398831,99.68,-,-,Financials,-,-,-,0.43,-0.28,-0.45,0.99,18.08,Equity : Index Funds,-2.76,15.7,0.25% on or before 7D Nil after 7D
Tata Mutual Fund,Tata Nifty India Digital ETF,EQ-ETF,Unrated,41.3,0.4,31-Mar-22,Nifty India Digital  - TRI,54.2,65.6,50.54,-0.03,4.59,-13.62,-,-,-,-,-,20.18,30,95750,70.33,23.32,5.87,Technology,-,-,-,-,-,-,-,-,Equity : ETFs,-3.32,12.35,null
Tata Mutual Fund,Tata Nifty India Digital ETF FoF-Reg(G),FOF-DOM,Unrated,31.3,0.55,13-Apr-22,Nifty India Digital  - TRI,8.75,10,8.01,0.49,5.56,-11.59,-,-,-,-,-,-,-,-,-,-,-,-,-,-,-,-,-,-,-,-,FoFs : Domestic,-3.72,13.95,Nil upto 12% of investment and 1% for remaining investments on or before 365D Nil after 365D
Tata Mutual Fund,Tata Nifty Midcap 150 Momentum 50 Index Fund-Reg(G),EQ-INDX,Unrated,-,-,-,Nifty Midcap150 Momentum 50 - TRI,-,-,-,-,-,-,-,-,-,-,-,-,-,-,-,-,-,-,-,-,-,-,-,-,-,-,Equity : Index Funds,-2.76,15.7,0.25% on or before 90D Nil after 90D
Tata Mutual Fund,Tata Nifty Pvt Bank ETF,EQ-ETF,Unrated,13.4,0.13,30-Aug-19,Nifty Private Bank - TRI,212.76,217.3,166.89,-0.68,16.96,12.51,1.53,25.44,8.88,-,-,46.52,11,257218,88.82,7.3,3.54,Financials,-,-,-,8.47,0.1,0.16,1.12,23.03,Equity : ETFs,-3.32,12.35,null
Tata Mutual Fund,Tata Nifty SDL Plus AAA PSU Bond Dec 2027 60:40 Index Fund-Reg(G),DT-M&LD,Unrated,354.8,0.46,30-Mar-22,Nifty SDL Plus AAA PSU Bond Dec 2027 60: 40 Index - TRI,10.08,10.15,9.78,-0.29,0.95,1.05,-,-,-,-,-,0,-,-,-,-,-,-,4.83,3.81,7.46,-,-,-,-,-,Debt : Medium to Long Duration,1.11,4.88,0.25% on or before 30D Nil after 30D
Tata Mutual Fund,Tata Overnight Fund-Reg(G),DT-ON,4,5036,0.2,27-Mar-19,CRISIL Overnight Index,1146.38,1146.38,1101.93,0.47,1.32,2.36,4.03,3.52,3.58,-,-,0,-,-,-,-,-,-,0.01,0.01,6.1,-0.03,-0.87,-0.45,-,0.04,Debt : Overnight,4.1,3.6,Nil
Tata Mutual Fund,Tata Quant Fund-Reg(G),EQ-THEM,Unrated,42.4,2.47,22-Jan-20,S&P BSE 200 - TRI,10.46,11.12,8.99,-1.18,7.89,0.96,-6.19,14.76,-,-,-,675.08,30,126002,66.26,29.18,-,Financials,-,-,-,-2.42,-0.42,-0.66,0.9,17.81,Equity : Thematic,7.27,15.07,Nil upto 12% of original cost of invesment and 1% for more than 12% original cost of investment on or before 365D Nil after 365D
Tata Mutual Fund,Tata Resources & Energy Fund-Reg(G),EQ-POWER,Unrated,264,2.58,28-Dec-15,NIFTY COMMODITIES - TRI,27.55,31.21,23.79,-3.64,8.83,-9.87,-12.22,29.22,23.76,12.04,-,41.22,31,53689,53.3,28.2,15.32,Energy,-,-,-,-5.9,-0.49,-0.74,0.93,22.4,Equity : Sectoral - Energy / Power,-8.12,20.34,0.25% on or before 30D
Tata Mutual Fund,Tata Retirement Sav Fund - Cons Plan(G),HY-SOL,2,183.8,2.19,4-Nov-11,CRISIL Short Term Debt Hybrid 75+25 Fund Index,24.91,25.3,23.67,-0.51,2.77,1.22,-1.98,5.7,6.62,5.66,8.54,0,46,109372,18.7,5.82,3.71,Financials,2.27,1.93,7.14,-4.33,-0.85,-1.34,0.52,5.41,Hybrid : Solution Oriented,-1.53,19.02,Nil on or after age of 60Y 1% before 61 months from the Date of allotment
Tata Mutual Fund,Tata Retirement Sav Fund - Mod Plan(G),HY-SOL,3,1620.5,2.1,4-Nov-11,CRISIL Short Term Debt Hybrid 75+25 Fund Index,42.95,45.02,37.92,-1.34,7.17,3,-6.04,14.44,11.84,8.31,14.01,51.46,49,107039,53.5,17.12,11.1,Financials,-,-,-,-7.18,-0.54,-0.85,0.9,14.16,Hybrid : Solution Oriented,-1.53,19.02,Nil on or after age of 60Y 1% before 61 months from the Date of allotment
Tata Mutual Fund,Tata Retirement Sav Fund - Prog Plan(G),HY-SOL,4,1281.1,2.21,4-Nov-11,NIFTY 500 - TRI,42.38,45.51,36.86,-1.76,7.99,2.65,-8.79,15.38,11.91,8.51,13.74,57.82,50,107179,61.72,19.09,12.34,Financials,-,-,-,-9.53,-0.6,-0.92,0.97,16.9,Hybrid : Solution Oriented,-1.53,19.02,Nil on or after age of 60Y 1% before 61 months from the Date of allotment
Tata Mutual Fund,Tata S&P BSE Sensex Index Fund-Reg(G),EQ-INDX,1,156.2,0.58,25-Feb-03,S&P BSE SENSEX - TRI,145.9,150.56,126.78,0.16,8.18,3.76,-3.9,20.77,14.54,12.92,12.24,2.56,30,484576,99.74,-,-,Financials,-,-,-,1.08,-0.24,-0.4,0.99,18.15,Equity : Index Funds,-2.76,15.7,0.25% on or before 7D Nil after 7D
Tata Mutual Fund,Tata Small Cap Fund-Reg(G),EQ-SML,3,2571.5,2.18,12-Nov-18,Nifty Smallcap 250 - TRI,23.03,23.61,18.61,-0.67,11.38,8.48,4.22,45.76,31.6,-,-,10.99,44,5678,-,7.02,80.83,Chemicals,-,-,-,8.04,0.23,0.34,0.72,17.8,Equity : Small Cap,2.94,30.51,Nil upto 12% of original cost of investments and 1% for more than 12% on or before 12M Nil after 12M
Tata Mutual Fund,Tata ST Bond Fund(G),DT-SD,3,2326.4,1.2,8-Aug-02,Crisil Short Term Bond Fund Index,39.55,39.65,38.76,0.05,0.71,1.06,2.04,2.65,5.02,4.49,6.62,0,-,-,-,-,-,-,2.06,1.72,7.25,-0.6,-0.7,-1.02,0.24,1.01,Debt : Short Duration,2.89,5.39,Nil
Tata Mutual Fund,Tata Treasury Advantage Fund(G),DT-LOWD,3,2271.6,0.59,6-Sep-05,CRISIL Low Duration Debt Index,3252.98,3252.98,3143.55,0.26,1.05,1.78,3.47,3.69,5.05,4.88,6.75,0,-,-,-,-,-,-,0.88,0.8,6.89,0.83,1.49,2.04,0.1,0.53,Debt : Low Duration,3.28,4.97,Nil
Tata Mutual Fund,Tata Ultra Short Term Fund-Reg(G),DT-USD,3,1179.8,1.03,22-Jan-19,CRISIL Ultra Short Term Debt Index,11.87,11.87,11.47,0.33,1.04,1.83,3.46,3.31,3.98,-,-,0,-,-,-,-,-,-,0.42,0.4,6.71,0.81,2.49,3.84,0.04,0.31,Debt : Ultra Short Duration,3.68,4.48,Nil
Tata Mutual Fund,Tata Young Citizen Fund,HY-SOL,4,260.5,2.56,14-Oct-95,NIFTY 500 - TRI,41.43,43.52,35.6,-0.53,8.59,2.11,-5.29,23.86,17.58,9.52,11.02,8.06,50,118455,64.24,16.73,16.92,Financials,1.86,1.55,5.57,-5.59,-0.35,-0.55,0.95,17.41,Hybrid : Solution Oriented,-1.53,19.02,Compulsory Lock-in Option 5Y or till the child attains age of majority (whichever is earlier). 1% - If redeemed before child attains 18Y of age
Taurus Mutual Fund,Taurus Banking & Fin Serv Fund-Reg(G),EQ-FIN,Unrated,8.9,2.44,22-May-12,S&P BSE BANKEX - TRI,36.33,38.29,29.7,-1.3,12.59,8.1,-0.98,24.34,10.57,10.74,11.26,65,27,194713,77.83,13.47,7.05,Financials,-,-,-,5.12,-0.04,-0.06,1.07,21.27,Equity : Sectoral - Financial Services,-1.79,11.01,0.50% on or before 7D Nil after 7D
Taurus Mutual Fund,Taurus Discovery (Midcap) Fund-Reg(G),EQ-MID,Unrated,75.4,2.56,5-Sep-94,Nifty Midcap 150 - TRI,74.49,78.43,61.79,-1.41,8.88,-0.45,-6,25.32,21.17,11.55,16.54,158,38,15542,3.82,67.16,28.3,Financials,-,-,-,-0.66,-0.28,-0.41,0.93,20.74,Equity : Mid Cap,0.53,23.53,1% on or before 365D Nil after 365D
Taurus Mutual Fund,Taurus Ethical Fund-Reg(G),EQ-MLC,Unrated,84.1,2.45,20-Mar-09,S&P BSE 500 Shariah - TRI,85.88,89.1,73.42,-0.67,8.26,1.01,-5.04,19.8,17.92,13.14,14.03,119,49,60725,44.75,28.28,24.68,Capital Goods,-,-,-,-0.96,-0.31,-0.48,0.81,17.28,Equity : Multi Cap,0.07,20.3,1% on or before 365D Nil after 365D
Taurus Mutual Fund,Taurus Flexi Cap Fund-Reg(G),EQ-FLEX,1,254,2.64,29-Jan-94,S&P BSE 500 - TRI,150.9,162.37,127.14,-3.76,7.25,-0.03,-3.51,19.91,11.66,5.82,9.67,143,45,36824,52.51,18.1,28.82,Construction,-,-,2.9,1.39,-0.2,-0.3,0.93,19,Equity : Flexi Cap,-2.7,16.46,1% on or before 365D Nil after 365D
Taurus Mutual Fund,Taurus Infrastructure Fund-Reg(G),EQ-INFRA,Unrated,5.5,2.49,5-Mar-07,Nifty Infrastructure - TRI,39.95,42.15,33.31,-2.49,7.93,0.02,-0.82,30.75,18.25,10.18,12.49,176,50,41480,44.05,20.46,33.24,Automobile and Ancillaries,-,-,-,3.98,-0.05,-0.08,0.9,19.65,Equity : Sectoral - Infrastructure,5.4,20.87,0.50% on or before 7D Nil after 7D
Taurus Mutual Fund,Taurus Largecap Equity Fund-Reg(G),EQ-LC,Unrated,34.8,2.61,28-Feb-95,S&P BSE 100 - TRI,106.71,114.77,87.42,-4.01,9.83,3.28,-1.09,19.67,12.56,7.57,9.8,121,29,82519,81.68,13.43,4.57,Construction,-,-,-,4.26,-0.06,-0.1,0.99,19.57,Equity : Large Cap,-3.51,14.3,1% on or before 365D Nil after 365D
Taurus Mutual Fund,Taurus Nifty 50 Index Fund-Reg(G),EQ-INDX,Unrated,1.8,1.07,10-Jun-10,NIFTY 50 - TRI,33.47,34.68,29.14,-0.36,7.28,2.75,-4.6,22.31,15.41,12.26,12.01,15,50,399147,99.04,-,-,Financials,-,-,-,0.13,-0.3,-0.48,0.97,17.79,Equity : Index Funds,-2.76,15.7,0.50% on or before 7D Nil after 7D
Taurus Mutual Fund,Taurus Tax Shield Fund-Reg(G),EQ-ELSS,Unrated,60.6,2.44,31-Mar-96,S&P BSE 500 - TRI,115.22,118.15,100.32,0.9,8.46,1.59,-4,18.99,13.85,9.86,12.1,158,26,110190,67.76,3.93,19.94,Financials,-,-,-,0.33,-0.26,-0.4,0.88,17.3,Equity : Tax Saving (ELSS),-1.86,16.69,Nil
Taurus Mutual Fund,Templeton India Equity Income Fund(G),EQ-DIV,Unrated,1255,2.31,18-May-06,Nifty Dividend Opportunities 50,82.39,86.08,76.72,-1.38,1.06,-2.12,-2.14,32.54,21.47,12.22,14.46,30.6,34,106623,57.31,10.9,8.44,Energy,-,-,-,2.09,-0.1,-0.17,0.64,14.33,Equity : Thematic - Dividend Yield,-1.06,18.75,1% on or before 1Y
Taurus Mutual Fund,Templeton India Value Fund(G),EQ-VAL,4,758.2,2.5,5-Sep-03,NIFTY500 Value 50 - TRI,433.82,450.78,360.06,-1.54,10.73,4.68,2.77,40.72,22.7,10.12,14.07,30.49,39,94670,66.37,6.66,17.98,Financials,-,-,-,7.84,0.16,0.24,0.89,18.21,Equity : Value / Contra,3.04,21.88,1% on or before 1Y
Trust Mutual Fund,TRUSTMF Banking & PSU Debt Fund-Reg(G),DT-B&PSU,2,414.9,0.71,1-Feb-21,CRISIL Banking and PSU Debt Index,1047.41,1050.45,1028.87,0.02,0.86,0.47,1.18,-,-,-,-,0,-,-,-,-,-,-,3.09,2.11,7.43,-1.46,-1,-1.21,0.31,1.61,Debt : Banking & PSU,2.42,5.6,Nil
Trust Mutual Fund,TRUSTMF Liquid Fund-Reg(G),DT-LIQ,Unrated,197.1,0.25,23-Apr-21,Crisil Liquid Fund Index,1056.81,1056.81,1015.41,0.45,1.3,2.36,4.08,-,-,-,-,0,-,-,-,-,-,-,0.03,0.03,6.13,0.55,4.78,6.81,0.01,0.12,Debt : Liquid,4.1,3.86,0.007% for Day 1 0.0065% on Day 2 0.0060% on Day 3 0.0055% on Day 4 0.0050% on Day 5 0.0045% on Day 6 NIL on or after 7D
Trust Mutual Fund,TRUSTMF Money Market Fund-Reg(G),DT-MM,Unrated,168,0.32,17-Aug-22,CRISIL Money Market Index,1008.98,1008.98,1000,0.41,-,-,-,-,-,-,-,0,-,-,-,-,-,-,0.38,0.38,6.69,-,-,-,-,-,Debt : Money Market,3.75,4.5,Nil
Trust Mutual Fund,TRUSTMF Overnight Fund-Reg(G),DT-ON,Unrated,94.1,0.12,18-Jan-22,CRISIL Overnight Index,1032.61,1032.61,1000.19,0.47,1.32,2.38,-,-,-,-,-,0,-,-,-,-,-,-,0.01,0.01,6.13,-,-,-,-,-,Debt : Overnight,4.1,3.6,Nil
Trust Mutual Fund,TRUSTMF Short Term Fund-Reg(G),DT-SD,Unrated,96,0.73,6-Aug-21,Crisil Short Term Bond Fund Index,1032.15,1034.35,1008.98,0.04,0.86,1.24,2.21,-,-,-,-,0,-,-,-,-,-,-,2.04,1.78,7.22,-0.38,-0.49,-0.66,0.22,0.98,Debt : Short Duration,2.89,5.39,Nil
Union Mutual Fund,Union Arbitrage Fund-Reg(G),HY-ARB,Unrated,78.3,0.98,20-Feb-19,Nifty 50 Arbitrage,11.68,11.68,11.3,0.44,1.09,1.69,3.29,3.47,3.87,-,-,0,45,259493,64.05,3.22,0.74,Financials,0.17,0.16,6.15,0.5,0.53,1.07,0.03,0.91,Hybrid : Arbitrage,3.56,3.65,0.25% on or before 1M Nil after 1M
Union Mutual Fund,Union Balanced Advantage Fund-Reg(G),HY-DYN,4,1845.7,2.11,29-Dec-17,NIFTY 50 Hybrid Composite Debt 50:50 Index,15.15,15.37,14.09,-0.13,3.77,2.16,-0.39,10.09,11.2,-,-,0,64,263399,65.32,2.2,0.2,Financials,0.91,0.76,6.44,-2.6,-0.44,-0.71,0.53,6.58,Hybrid : Dynamic Asset Allocation,1.18,10.47,1% on or before 15D Nil after 15D
Union Mutual Fund,Union Corporate Bond Fund-Reg(G),DT-CORP,2,389.9,0.7,25-May-18,CRISIL Corporate Bond Composite Index,12.51,12.55,12.33,-0.1,0.56,0.55,1.48,2.6,5.29,-,-,0,-,-,-,-,-,-,2.42,2.02,7.35,-1.13,-0.96,-1.15,0.24,1.31,Debt : Corporate Bond,2.2,5.79,1% on or before 15D Nil after 15D
Union Mutual Fund,Union Dynamic Bond(G),DT-DYN,3,94.5,1.51,13-Feb-12,CRISIL Dynamic Debt Index,19.11,19.45,18.85,-0.1,0.54,0.54,-0.54,0.98,4.18,4.89,6.07,0,-,-,-,-,-,-,4.2,3.29,7.08,-3.3,-1.8,-2.38,0.41,1.95,Debt : Dynamic Bond,2.02,5.08,1% on or before 15D Nil after 15D
Union Mutual Fund,Union Equity Savings Fund-Reg(G),HY-EQ,2,153.4,1.94,9-Aug-18,Crisil Equity Savings Index,13.31,13.45,12.63,0,2.7,1.14,-0.97,7.4,7.23,-,-,0,71,221040,60.74,6.09,0.93,Financials,0.38,0.35,6.42,-3.38,-0.66,-1.06,0.41,5.47,Hybrid : Equity Oriented,1.35,8.53,1% on or before 15D Nil after 15D
Union Mutual Fund,Union Flexi Cap Fund-Reg(G),EQ-FLEX,4,1285.8,2.29,10-Jun-11,S&P BSE 500 - TRI,33.39,35.59,28.71,-0.6,7.48,2.74,-6.4,24.68,18.48,12.47,12.46,42,51,188997,69.07,21.66,3.09,Financials,-,-,-,-3,-0.47,-0.72,0.89,16.83,Equity : Flexi Cap,-2.7,16.46,1% on or before 15D Nil after 15D
Union Mutual Fund,Union Focused Fund-Reg(G),EQ-MLC,Unrated,324,2.56,5-Aug-19,S&P BSE 500 - TRI,17.96,18.98,15.43,-0.22,6.41,3.82,-4.27,23.63,18.55,-,-,49,24,210548,72.1,21.66,2.11,Financials,-,-,-,-1.18,-0.36,-0.56,0.86,16.57,Equity : Multi Cap,0.07,20.3,1% on or before 15D Nil after 15D
Union Mutual Fund,Union Gilt Fund-Reg(G),DT-GILT,Unrated,157.1,1.14,8-Aug-22,CRISIL Dynamic Gilt Index,9.99,10.07,9.95,-0.06,-,-,-,-,-,-,-,0,-,-,-,-,-,-,4.56,3.65,7.16,-,-,-,-,-,Debt : Gilt,1.22,5.04,Nil
Union Mutual Fund,Union Hybrid Equity Fund-Reg(G),HY-EQ,Unrated,565.8,2.51,18-Dec-20,CRISIL Hybrid 35+65 - Aggressive Index,12.56,13.19,11.14,-0.48,5.91,2.2,-4.71,-,-,-,-,0,51,189481,54.28,16.98,2.43,Financials,0.81,0.75,6.87,-6.35,-0.52,-0.79,0.89,13.24,Hybrid : Equity Oriented,1.35,8.53,1% on or before 15D Nil after 15D
Union Mutual Fund,Union Large & Midcap Fund-Reg(G),EQ-L&M,Unrated,389.8,2.52,6-Dec-19,S&P BSE 250 LargeMidCap Index - TRI,16.85,17.79,14.22,-1.06,7.77,4.48,-5.51,25.26,-,-,-,54,68,101377,52.37,41.11,2.49,Financials,-,-,-,-1.86,-0.39,-0.58,0.87,17.4,Equity : Large & Mid Cap,-1.58,18.24,1% on or before 15D Nil after 15D
Union Mutual Fund,Union Largecap Fund-Reg(G),EQ-LC,3,232.2,2.59,11-May-17,S&P BSE 100 - TRI,16.26,17.61,14.25,-0.61,6.28,0.87,-8.4,20.98,14.02,9.07,-,62,43,331320,94.27,2.95,-,Financials,-,-,-,-4.41,-0.55,-0.85,0.94,17.62,Equity : Large Cap,-3.51,14.3,1% on or before 15D Nil after 15D
Union Mutual Fund,Union Liquid Fund(G),DT-LIQ,4,944.8,0.17,15-Jun-11,Crisil Liquid Fund Index,2085.38,2085.38,2001.56,0.46,1.32,2.4,4.19,3.7,4.04,4.47,6.3,0,-,-,-,-,-,-,0.13,0.13,6.33,0.08,0.96,0.87,0.01,0.07,Debt : Liquid,4.1,3.86,0.007% for Day 1 0.0065% on Day 2 0.0060% on Day 3 0.0055% on Day 4 0.0050% on Day 5 0.0045% on Day 6 NIL on or after 7D
Union Mutual Fund,Union Long Term Equity Fund(G),EQ-ELSS,4,549.7,2.51,23-Dec-11,S&P BSE 500 - TRI,42.6,44.18,36.22,-0.49,8.49,3.86,-3.56,26.38,19.45,12.83,13.24,62,61,182050,72.5,18.42,5.32,Financials,-,-,-,0.5,-0.26,-0.4,0.91,17.29,Equity : Tax Saving (ELSS),-1.86,16.69,Nil
Union Mutual Fund,Union Medium Duration Fund-Reg(G),DT-MD,2,190.2,0.9,14-Sep-20,CRISIL Medium Term Debt Index,10.57,10.67,10.37,-0.22,0.57,0.3,0.35,2.16,-,-,-,0,-,-,-,-,-,-,3.8,3.1,7.43,-2.22,-1.12,-1.5,0.54,2.21,Debt : Medium Duration,1.38,5.02,1% on or before 15D Nil after 15D
Union Mutual Fund,Union Midcap Fund-Reg(G),EQ-MID,Unrated,551.4,2.55,23-Mar-20,S&P BSE 150 MidCap - TRI,28.99,29.9,23.65,-0.82,9.1,6.25,-2.33,35.16,-,-,-,57,57,29091,11.09,71.15,14,Automobile and Ancillaries,-,-,-,1.86,-0.14,-0.21,0.8,18.24,Equity : Mid Cap,0.53,23.53,1% on or before 15D Nil after 15D
Union Mutual Fund,Union Money Market Fund-Reg(G),DT-MM,Unrated,100,0.92,26-Aug-21,CRISIL Money Market Index,1037.41,1037.41,1003.65,0.37,1.05,1.93,3.37,-,-,-,-,0,-,-,-,-,-,-,0.33,0.31,6.38,0.68,3.32,6.99,0.01,0.21,Debt : Money Market,3.75,4.5,NIL
Union Mutual Fund,Union Overnight Fund-Reg(G),DT-ON,3,275.7,0.18,27-Mar-19,CRISIL Overnight Index,1144.44,1144.44,1099.91,0.46,1.32,2.36,4.05,3.53,3.55,-,-,0,-,-,-,-,-,-,0.01,0.01,5.73,-0.03,-0.61,-0.31,-,0.04,Debt : Overnight,4.1,3.6,Nil
Union Mutual Fund,Union Retirement Fund-Reg(G),HY-SOL,Unrated,58.9,2.54,22-Sep-22,S&P BSE 500 - TRI,9.88,10,9.58,-,-,-,-,-,-,-,-,-,60,171151,70.93,19.74,6.28,Financials,-,-,-,-,-,-,-,-,Hybrid : Solution Oriented,-1.53,19.02,Nil
Union Mutual Fund,Union Small Cap Fund-Reg(G),EQ-SML,4,1096.1,2.34,10-Jun-14,S&P BSE 250 Small Cap - TRI,31.46,31.84,24.93,0.64,11.7,6.55,5.12,40.31,32.48,15.25,-,70,60,11498,0.96,26.41,68.08,Capital Goods,-,-,-,8.72,0.24,0.35,0.78,18.76,Equity : Small Cap,2.94,30.51,1% on or before 15D Nil after 15D
Union Mutual Fund,Union Value Discovery Fund-Reg(G),EQ-VAL,3,141.6,2.55,5-Dec-18,NIFTY500 Value 50 - TRI,17.09,17.66,14.54,-0.76,6.36,2.28,-4.16,26.03,18.27,-,-,59,41,143016,68.75,17.89,9.58,Financials,-,-,-,0.73,-0.24,-0.37,0.91,17.84,Equity : Value / Contra,3.04,21.88,1% on or before 15D Nil after 15D
UTI Mutual Fund,UTI Arbitrage Fund-Reg(G),HY-ARB,4,4110.3,0.93,29-Jun-06,Nifty 50 Arbitrage,29.02,29.02,27.97,0.42,1.05,1.86,3.61,3.76,4,4.93,6.02,1108,118,155266,51.28,10.42,4.21,Financials,0.45,0.45,6.37,0.83,0.91,1.83,-0.02,0.92,Hybrid : Arbitrage,3.56,3.65,Nil upto 10% of units and 0.25% for excess units on or before 21D Nil after 21D
UTI Mutual Fund,UTI Banking & PSU Debt Fund-Reg(G),DT-B&PSU,2,519.5,0.56,3-Feb-14,CRISIL Banking and PSU Debt Index,17.95,18.11,16.47,-0.3,0.73,7.89,9.03,6.02,7.16,5.24,-,0,-,-,-,-,-,-,4.28,3.46,7.47,6.5,0.99,5.87,0.32,6.41,Debt : Banking & PSU,2.42,5.6,Nil
UTI Mutual Fund,UTI Banking and Financial Services Fund-Reg(G),EQ-FIN,1,790.7,2.67,30-Jul-05,Nifty Financial Services - TRI,121.92,128.25,99.36,-1.92,12.8,7.1,-2.66,26.56,9.35,4.8,10.46,21,25,218045,83.51,4.49,10.24,Financials,-,-,-,3.38,-0.12,-0.19,1.07,20.99,Equity : Sectoral - Financial Services,-1.79,11.01,1% on or before 30D Nil after 30D
UTI Mutual Fund,UTI Bond Fund-Reg(G),DT-M&LD,1,276.2,1.63,17-Jun-98,NIFTY Medium to Long Term Debt Index,59.92,60.46,54.33,-0.22,1.43,9.46,8.33,9.27,6.25,2.9,6.08,0,-,-,-,-,-,-,6.81,3.98,7.19,6.07,0.68,3.53,0.55,8.61,Debt : Medium to Long Duration,1.11,4.88,NIL
UTI Mutual Fund,UTI CCF - Savings Plan,HY-SOL,2,4143.9,1.75,12-Jul-93,CRISIL Short Term Debt Hybrid 60+40 Fund Index,30.77,31.44,28.49,-0.48,3.62,2.23,0.89,13.52,10.65,6.76,10.03,43,57,103261,25.18,8.62,5.63,Financials,6.1,3.9,7.42,-0.93,-0.17,-0.27,0.59,7.26,Hybrid : Solution Oriented,-1.53,19.02,Nil
UTI Mutual Fund,UTI CCF- Investment Plan(G),HY-SOL,5,677.9,2.68,8-Mar-04,NIFTY 500 - TRI,59.25,64.38,50.42,-0.79,7.51,1.19,-6.61,24.77,17.51,10.07,13.27,25,55,103877,62.86,21.44,13.91,Financials,-,0.01,7.5,-6.73,-0.41,-0.63,0.98,17.59,Hybrid : Solution Oriented,-1.53,19.02,Nil
UTI Mutual Fund,UTI Core Equity Fund-Reg(G),EQ-L&M,4,1434.2,2.55,20-May-09,NIFTY LargeMidcap 250 - TRI,99.74,104.9,85.56,-1.6,5.94,2.89,-5.08,30.89,19.19,10,12.38,36,62,74996,45.77,40.73,10.31,Financials,-,-,-,-0.53,-0.31,-0.47,0.89,17.65,Equity : Large & Mid Cap,-1.58,18.24,1% before 1Y Nil on or after 1Y
UTI Mutual Fund,UTI Corporate Bond Fund-Reg(G),DT-CORP,4,3140.1,0.57,8-Aug-18,CRISIL Corporate Bond Composite Index,13.39,13.4,13.06,0.09,0.95,1.37,2.49,3.34,5.97,-,-,0,-,-,-,-,-,-,1.87,1.53,7.12,-0.1,-0.19,-0.25,0.22,1.03,Debt : Corporate Bond,2.2,5.79,Nil
UTI Mutual Fund,UTI Credit Risk Fund-Reg(G),DT-CR,1,472.1,1.62,19-Nov-12,CRISIL Short Term Credit Risk Fund,14.04,14.04,13.63,0.19,1.21,1.52,2.93,12.18,-3.36,-1.94,-,0,-,-,-,-,-,-,2.5,1.79,8.02,0.43,0.26,0.35,0.22,1.24,Debt : Credit Risk,3.6,5.53,Nil upto 10% of units and 1% for remaining units on or before 12M Nil after 12M
UTI Mutual Fund,UTI Dividend Yield Fund-Reg(G),EQ-DIV,Unrated,2789.5,2.11,3-May-05,NIFTY 500 - TRI,101.06,112.28,90.59,-0.25,4.41,-4.29,-11.03,22.2,15.48,10.88,11.66,16,47,102495,69.11,14.62,13.79,Technology,-,-,-,-7.28,-0.69,-1.05,0.82,17.04,Equity : Thematic - Dividend Yield,-1.06,18.75,1% before 1Y Nil on or after 1Y
UTI Mutual Fund,UTI Dynamic Bond Fund-Reg(G),DT-DYN,2,329.3,1.56,23-Jun-10,CRISIL Dynamic Debt Index,25.45,25.5,23.23,-0.08,1.11,9.21,8.97,10.31,8.83,4.99,7.5,0,-,-,-,-,-,-,1.99,1.52,6.67,6.48,0.82,7.85,0.2,7.76,Debt : Dynamic Bond,2.02,5.08,NIL
UTI Mutual Fund,UTI Equity Savings Fund-Reg(G),HY-EQ,2,253.3,1.5,30-Aug-18,Crisil Equity Savings Index,13.56,13.69,12.69,0.01,3.73,2.42,1.71,12.98,9.8,-,-,391,33,270586,64.21,1.28,-,Financials,4.34,3.21,6.57,-0.35,-0.08,-0.13,0.36,6.6,Hybrid : Equity Oriented,1.35,8.53,Nil upto 10% of units and 1% for remaining units on or before 12M NIL after 12M
UTI Mutual Fund,UTI Flexi Cap Fund-Reg(G),EQ-FLEX,4,25786.6,1.77,1-Aug-05,NIFTY 500 - TRI,239.2,278.78,206.49,-1.16,6.77,-1.99,-13.93,21.65,18.38,13.75,14.77,8,60,96987,63.2,24.47,8.84,Financials,-,-,-,-11.29,-0.89,-1.35,0.91,18.24,Equity : Flexi Cap,-2.7,16.46,Nil upto 10% of units and 1% for remaining units on or before 1Y Nil after 1Y
UTI Mutual Fund,UTI Floater Fund-Reg(G),DT-FL,3,1956.7,0.85,30-Oct-18,CRISIL Low Duration Debt Index,1243.76,1243.76,1209.4,0.28,1.12,1.87,2.73,3.25,4.71,-,-,0,-,-,-,-,-,-,0.68,0.57,6.87,0.1,0.13,0.19,0.08,0.55,Debt : Floater,3.09,5.61,Nil
UTI Mutual Fund,UTI Focused Equity Fund-Reg(G),EQ-FLEX,Unrated,2802,1.95,25-Aug-21,NIFTY 500 - TRI,10.25,10.67,8.73,-0.69,7.25,5.09,-3.32,-,-,-,-,25.94,30,125756,69.71,26.92,2.13,Financials,-,-,-,-0.1,-0.28,-0.44,0.85,17.05,Equity : Flexi Cap,-2.7,16.46,1% upto 1Y Nil on or after 1Y
UTI Mutual Fund,UTI Gilt Fund with 10 year Constant Duration-Reg(G),DT-GL10Y,Unrated,91.1,-,1-Aug-22,Crisil 10 Yr Gilt Index,10.06,10.24,10,-0.64,-,-,-,-,-,-,-,0,-,-,-,-,-,-,9.16,6.5,7.35,-,-,-,-,-,Debt : Gilt (10 Yr Constant Duration),-1.27,4.6,Nil
UTI Mutual Fund,UTI Gilt Fund-Reg(G),DT-GILT,2,518.9,0.93,21-Jan-02,CRISIL Dynamic Gilt Index,51.24,51.33,50.05,-0.01,1.68,1.9,1.69,2.52,4.88,5.99,8.24,0,-,-,-,-,-,-,2.39,1.76,6.38,-0.96,-0.77,-1.24,0.3,1.44,Debt : Gilt,1.22,5.04,Nil
UTI Mutual Fund,UTI Gold ETF,GOLD-ETF,Unrated,721.6,-,10-Apr-07,Gold-India,42.91,47.62,41.14,1.75,-1.44,-6.84,4.81,-2.07,7.83,9.92,3.8,14.13,-,-,-,-,-,-,-,-,-,1.21,0.1,0.18,-0.37,13.62,Gold : ETFs,-3.32,12.35,Nil
UTI Mutual Fund,UTI Gold ETF FoF-Reg(G),GOLD-MF,Unrated,-,-,-,Gold-India,-,-,-,-,-,-,-,-,-,-,-,-,-,-,-,-,-,-,-,-,-,-,-,-,-,-,Gold : MFs,3.72,7.87,1% on or before 15D Nil after 15D
UTI Mutual Fund,UTI Healthcare Fund-Reg(G),EQ-PHRM,3,713.6,2.48,1-Aug-05,S&P BSE Health Care - TRI,150.36,169.48,135.86,3.33,3.01,-4.76,-11.8,7.89,23.97,12.08,12.89,35,31,36367,43,28.05,27.53,Healthcare,-,-,-,-11.77,-0.97,-1.57,0.57,15.33,Equity : Sectoral - Pharma,-7.13,24.5,1% on or before 30D Nil after 30D
UTI Mutual Fund,UTI Hybrid Equity Fund-Reg(G),HY-EQ,4,4331.5,1.99,2-Jan-95,CRISIL Hybrid 35+65 - Aggressive Index,255.53,262.77,227.25,-0.78,5.28,3.31,-1.7,24.29,16.45,9.02,11.69,34,62,125506,49.99,13.31,8.5,Financials,5.55,3.54,7.38,-2.47,-0.22,-0.34,0.74,13.22,Hybrid : Equity Oriented,1.35,8.53,Nil for 10% of units and 1% for remaining units on or before 12M Nil after 12M
UTI Mutual Fund,UTI India Consumer Fund-Reg(G),EQ-CONS,2,468.9,2.85,30-Jul-07,Nifty India Consumption - TRI,40.11,41.72,33.69,-0.78,7.6,6.09,-1.82,24.05,14.21,10.26,11.65,18,38,124804,70.58,22.54,4.71,FMCG,-,-,-,1.56,-0.17,-0.26,0.81,17.15,Equity : Thematic - Consumption,7.84,17.57,1% on or before 30D Nil after 30D
UTI Mutual Fund,UTI Infrastructure Fund-Reg(G),EQ-INFRA,2,1469.4,2.3,19-Apr-04,Nifty Infrastructure - TRI,81.31,85.48,66.51,-2.97,9.47,4.31,1.09,35.5,16.04,8.53,10.72,8,42,81042,60.06,23.08,13.99,Infrastructure,-,-,-,5.52,0.04,0.05,0.88,18.27,Equity : Sectoral - Infrastructure,5.4,20.87,1% on or before 30D Nil after 30D
UTI Mutual Fund,UTI Liquid Cash Plan-Reg(G),DT-LIQ,3,27441.8,0.23,10-Dec-03,Crisil Liquid Fund Index,3556.66,3556.66,3413.5,0.46,1.33,2.39,4.19,3.7,4,5.25,6.73,0,-,-,-,-,-,-,0.14,0.14,6.31,0.08,0.92,0.86,0.01,0.07,Debt : Liquid,4.1,3.86,0.007% for Day 1 0.0065% on Day 2 0.0060% on Day 3 0.0055% on Day 4 0.0050% on Day 5 0.0045% on Day 6 NIL after 7D
UTI Mutual Fund,UTI LT Equity Fund (Tax Saving)-Reg(G),EQ-ELSS,4,2931.5,2.07,1-Aug-05,NIFTY 500 - TRI,142.76,154.56,121.18,-0.74,7.71,1.5,-6.16,25.28,18.14,11.55,13.28,28,55,103536,63.01,21.51,14.03,Financials,-,-,-,-1.74,-0.38,-0.58,0.91,17.66,Equity : Tax Saving (ELSS),-1.86,16.69,Nil
UTI Mutual Fund,UTI Mastershare-Reg(G),EQ-LC,4,10394.3,2.03,3-Aug-05,S&P BSE 100 - TRI,192.31,207.72,167.18,-0.53,6.52,1,-6.45,22.06,16.11,11.84,13.03,25,52,222462,78.64,9.41,2.36,Financials,-,-,-,-2.04,-0.41,-0.65,0.93,17.47,Equity : Large Cap,-3.51,14.3,Nil upto 10% of units and 1% for remaining units on or before 1Y Nil after 1Y
UTI Mutual Fund,UTI Medium Term Fund-Reg(G),DT-MD,Unrated,58.9,1.61,31-Mar-15,CRISIL Medium Term Debt Index,15.07,15.14,14.75,-0.06,1.05,1.23,1.42,4.14,2.63,3.78,-,0,-,-,-,-,-,-,3.9,3.02,7.31,-1.16,-0.8,-1.1,0.41,1.7,Debt : Medium Duration,1.38,5.02,Nil upto 10% of units and 1% for remaining units on or before 12M Nil after 12M
UTI Mutual Fund,UTI Mid Cap Fund-Reg(G),EQ-MID,4,7251.8,2.12,30-Jul-05,Nifty Midcap 150 - TRI,192.48,198.43,157.66,-0.52,9.49,5.02,-1.25,32.34,25.99,12.59,18.99,17,73,27194,11.03,68.28,17.14,Financials,-,-,-,2.95,-0.1,-0.15,0.86,18.65,Equity : Mid Cap,0.53,23.53,1% on or before 1Y Nil after 1Y
UTI Mutual Fund,UTI MNC Fund-Reg(G),EQ-MNC,Unrated,2534.9,2.14,14-Oct-98,NIFTY MNC - TRI,274.38,287.28,239.75,-1.46,2.95,5.23,-4.18,16.94,11.36,8.67,14.48,6,36,56528,36.23,58.06,4.32,FMCG,-,-,-,-1.36,-0.34,-0.53,0.71,15.62,Equity : Thematic - MNC,-1.1,14.53,1% on or before 1Y Nil after 1Y
UTI Mutual Fund,UTI Money Market Fund-Reg(G),DT-MM,3,6771.4,0.26,9-Jul-09,CRISIL Money Market Index,2526.09,2526.09,2423.93,0.4,1.25,2.24,4.22,4,4.81,6.05,7.16,0,-,-,-,-,-,-,0.4,0.4,6.83,1.56,4.68,7.59,0.04,0.33,Debt : Money Market,3.75,4.5,Nil
UTI Mutual Fund,UTI Multi Asset Fund-Reg(G),HY-MULTI,Unrated,878.9,1.86,17-Dec-08,S&P BSE 200,44.53,45.61,39.56,-0.12,6.17,1.85,-0.42,10.24,9.25,6.4,6.83,286,46,63979,36.22,19.55,9.77,Technology,7.01,4.72,6.82,-2.22,-0.24,-0.39,0.46,10.25,Hybrid : Multi Asset Allocation,1.62,13.98,Nil for 10% of units and 1% for remaining units on or before 12M Nil after 12M
UTI Mutual Fund,UTI Nifty 50 ETF,EQ-ETF,Unrated,36871.3,-,1-Sep-15,NIFTY 50 - TRI,1861.49,1924.23,1619.51,-0.25,7.72,2.76,-4.12,22.92,15.63,12.64,-,10.98,52,397408,100,-,-,Financials,-,-,-,0.88,-0.25,-0.41,0.99,18.16,Equity : ETFs,-3.32,12.35,null
UTI Mutual Fund,UTI Nifty 50 Index Fund-Reg(G),EQ-INDX,5,8353.6,0.3,4-Mar-00,NIFTY 50 - TRI,117.63,121.85,102.42,-0.26,7.66,2.63,-4.38,22.64,15.38,12.39,12.64,7,51,397412,100.1,-,-,Financials,-,-,-,0.58,-0.27,-0.44,0.99,18.16,Equity : Index Funds,-2.76,15.7,Nil
UTI Mutual Fund,UTI Nifty Bank ETF,EQ-ETF,Unrated,162.1,-,3-Sep-20,NIFTY BANK - TRI,40.71,41.82,32.81,-1.14,14.23,10.56,2.25,29.53,-,-,-,29.97,12,363664,93.64,6.35,-,Financials,1,-,-,8.97,0.13,0.21,1.1,22.44,Equity : ETFs,-3.32,12.35,null
UTI Mutual Fund,UTI Nifty Midcap 150 Quality 50 Index Fund-Reg(G),EQ-INDX,Unrated,116,0.87,11-Apr-22,NIFTY Midcap150 Quality 50 - TRI,9.6,10.16,8.42,-2.17,5.49,-1.37,-,-,-,-,-,25.62,50,28625,16.46,68.32,15.36,Chemicals,-,-,-,-,-,-,-,-,Equity : Index Funds,-2.76,15.7,Nil
UTI Mutual Fund,UTI Nifty Next 50 Index Fund-Reg(G),EQ-INDX,4,1975.3,0.79,28-Jun-18,NIFTY NEXT 50 - TRI,14.96,16.22,12.63,-4.87,6.36,-2.92,-5.73,23.82,14.43,-,-,51,50,83358,88.36,11.95,-,Financials,-,-,-,-1.11,-0.31,-0.46,0.95,20.6,Equity : Index Funds,-2.76,15.7,Nil
UTI Mutual Fund,UTI Nifty200 Momentum 30 Index Fund-Reg(G),EQ-INDX,Unrated,1973.4,0.91,10-Mar-21,Nifty200 Momentum 30 - TRI,13.14,14.45,10.74,-1.49,13.63,-2.45,-12.04,-,-,-,-,119.46,30,137248,86.28,13.83,-,Energy,-,-,-,-4.61,-0.46,-0.7,1.1,23.4,Equity : Index Funds,-2.76,15.7,Nil
UTI Mutual Fund,UTI Overnight Fund-Reg(G),DT-ON,4,10370,0.12,9-Dec-03,CRISIL Overnight Index,2957.89,2957.89,2841.71,0.47,1.33,2.39,4.09,3.57,3.63,4.36,6.22,0,-,-,-,-,-,-,-,-,5.75,-,0.11,0.06,-,0.04,Debt : Overnight,4.1,3.6,Nil
UTI Mutual Fund,UTI Regular Savings Fund-Reg(G),HY-DT(CO),3,1591.8,1.8,16-Dec-03,NIFTY 50 Hybrid Composite Debt 15:85 Index,52.57,53.26,49.69,-0.35,2.78,1.9,0.54,11.24,8.68,6.31,8.78,96,59,109500,16.63,4.54,3.27,Financials,5.33,3.58,7.47,-1.94,-0.47,-0.73,0.59,4.74,Hybrid : Debt Oriented (Conservative),0.59,9.76,NIL upto 10% of units and 1% for remaining units on or before 12M NIL after 12M
UTI Mutual Fund,UTI Retirement Benefit Pension,HY-SOL,2,3634.5,1.74,27-Dec-94,CRISIL Short Term Debt Hybrid 60+40 Fund Index,35.16,35.84,32.8,-0.58,3.2,2.6,0.69,15.1,11.99,6.7,9.22,47,62,124880,26.52,7.2,4.56,Financials,6.26,4.06,7.33,-1.11,-0.2,-0.31,0.59,7.17,Hybrid : Solution Oriented,-1.53,19.02,Nil
UTI Mutual Fund,UTI S&P BSE Low Volatility Index Fund-Reg(G),EQ-INDX,Unrated,104.8,0.9,3-Mar-22,S&P BSE Low Volatility Index - TRI,10.57,11,9.52,-0.08,2.09,2.92,-,-,-,-,-,68.65,30,88795,60.54,31.12,9.54,FMCG,-,-,-,-,-,-,-,-,Equity : Index Funds,-2.76,15.7,Nil
UTI Mutual Fund,UTI S&P BSE Sensex ETF,EQ-ETF,Unrated,24362.3,-,1-Sep-15,S&P BSE SENSEX - TRI,626.41,643.14,542.74,0.21,8.41,4.07,-3.39,22.21,15.77,13.88,-,7.57,30,483564,100,-,-,Financials,9.19,6.18,6.83,1.71,-0.21,-0.34,1,18.27,Equity : ETFs,-3.32,12.35,null
UTI Mutual Fund,UTI S&P BSE Sensex Index Fund-Reg(G),EQ-INDX,Unrated,127.3,0.3,31-Jan-22,S&P BSE SENSEX - TRI,10.29,10.55,8.93,0.17,8.3,3.99,-,-,-,-,-,31.34,30,483567,100.1,-,-,Financials,-,-,-,-,-,-,-,-,Equity : Index Funds,-2.76,15.7,NIL
UTI Mutual Fund,UTI S&P BSE Sensex Next 50 ETF,EQ-ETF,Unrated,6,-,8-Mar-19,S&P BSE Sensex Next 50 - TRI,51.08,54.48,42.84,-3.34,6.66,-3.01,-2.2,29.91,17.27,-,-,33.89,51,70763,70.54,29.36,-,Financials,-,-,-,3.12,-0.11,-0.16,0.98,21.52,Equity : ETFs,-3.32,12.35,null
UTI Mutual Fund,UTI Small Cap Fund-Reg(G),EQ-SML,Unrated,2338.4,2.25,22-Dec-20,Nifty Smallcap 250 - TRI,15.81,16.4,13.05,-0.17,9.86,2.12,3.56,-,-,-,-,10.53,77,10347,-,22.02,74.46,Financials,-,-,-,7.28,0.17,0.25,0.77,18.3,Equity : Small Cap,2.94,30.51,1% on or before 1Y Nil after 1Y
UTI Mutual Fund,UTI ST Income Fund-Reg(G),DT-SD,4,2179.2,0.96,18-Sep-07,Crisil Short Term Bond Fund Index,25.98,25.99,25.27,0.18,1.19,1.75,2.85,5.99,7.51,4.6,6.86,0,-,-,-,-,-,-,1.46,1.2,7.23,0.28,0.23,0.31,0.17,0.9,Debt : Short Duration,2.89,5.39,Nil
UTI Mutual Fund,UTI Transportation & Logistics Fund-Reg(G),EQ-AUTO,Unrated,1922.3,2.37,16-Apr-04,Nifty Transportation & Logistics - TRI,150.66,160.23,114.05,-3.51,3.01,14.89,8.1,30.59,17.98,5.18,17.19,12,33,77174,68.29,18.76,9.68,Automobile and Ancillaries,-,-,-,13.46,0.35,0.54,0.99,22.84,Equity : Sectoral - Auto,-2.64,16.25,1% on or before 30D Nil after 30D
UTI Mutual Fund,UTI Treasury Advantage Fund-Reg(G),DT-LOWD,4,2522.1,0.43,23-Apr-07,CRISIL Low Duration Debt Index,2916.39,2916.39,2811.42,0.33,1.14,2.06,3.73,6.45,6.89,4.6,6.7,0,-,-,-,-,-,-,0.72,0.61,6.92,1.13,2.31,3.41,0.08,0.48,Debt : Low Duration,3.28,4.97,Nil
UTI Mutual Fund,UTI ULIP(G),HY-DT(BA),Unrated,5245.4,1.71,1-Oct-71,NIFTY 50 Hybrid Composite Debt 50:50 Index,32.44,33.68,30.27,-0.69,3.22,0.43,-3.44,11.06,9.66,6.08,8.51,28,74,101390,25.86,9.82,3.13,Financials,6.07,3.97,7.45,-5.75,-0.83,-1.29,0.68,7.36,Hybrid : Debt Oriented (Balanced),-0.28,9.69,2% on or before maturityNil after maturity
UTI Mutual Fund,UTI Ultra Short Term Fund-Reg(G),DT-USD,3,2059.8,0.94,29-Aug-03,CRISIL Ultra Short Term Debt Index,3530.59,3530.59,3410.51,0.33,1.07,1.89,3.52,4.95,5.17,5.1,6.87,0,-,-,-,-,-,-,0.41,0.4,6.87,0.88,2.56,3.96,0.04,0.33,Debt : Ultra Short Duration,3.68,4.48,Nil
UTI Mutual Fund,UTI Value Opp Fund-Reg(G),EQ-VAL,3,6788.6,1.98,20-Jul-05,NIFTY 500 - TRI,101.52,105.24,86.58,-1.1,7.67,3.05,-3.12,25.7,18.66,12.43,12.53,25,59,108738,66.84,17.66,13.17,Financials,-,-,-,1.18,-0.22,-0.34,0.89,17.15,Equity : Value / Contra,3.04,21.88,Nil upto 10% of units and 1% for remaining units on or before 1Y Nil after 1Y
UTI Mutual Fund,UTI-Nifty Next 50 ETF,EQ-ETF,Unrated,890.7,-,4-Aug-17,NIFTY NEXT 50 - TRI,44.09,47.76,37.12,-4.81,6.56,-2.6,-5.03,24.73,15.3,8.88,-,46.15,57,83383,88.03,11.92,-,Financials,-,-,-,-0.35,-0.27,-0.41,0.95,20.61,Equity : ETFs,-3.32,12.35,Nil
WhiteOak Capital Mutual Fund,WOC Flexi Cap Fund-Reg(G),EQ-FLEX,Unrated,757.3,2.32,-,S&P BSE 500 - TRI,10.47,10.55,10,1.34,-,-,-,-,-,-,-,-,72,93730,57.4,22.16,15.26,Financials,-,-,-,16.3,1.52,2.57,0.83,13.72,Equity : Flexi Cap,-2.7,16.46,1% on or before 1M Nil after 1M
WhiteOak Capital Mutual Fund,WOC Liquid Fund-Reg(G),DT-LIQ,Unrated,114.7,0.41,17-Jan-19,Crisil Liquid Fund Index,1170.18,1170.18,1127.79,0.43,1.23,2.22,3.76,3.33,3.58,-,-,0,-,-,-,-,-,-,0.15,0.14,6.18,0.28,2.13,3.33,0.01,0.13,Debt : Liquid,4.1,3.86,0.007% for Day 1 0.0065% on Day 2 0.0060% on Day 3 0.0055% on Day 4 0.0050% on Day 5 0.0045% on Day 6 NIL on or after 7D
WhiteOak Capital Mutual Fund,WOC Mid Cap Fund-Reg(G),EQ-MID,Unrated,362,2.43,7-Sep-22,S&P BSE 150 MidCap - TRI,10.2,10.21,9.79,1.86,-,-,-,-,-,-,-,-,58,25959,15.8,60.4,21.24,Financials,-,-,-,-,-,-,-,-,Equity : Mid Cap,0.53,23.53,1% on or before 1M Nil after 1M
WhiteOak Capital Mutual Fund,WOC Overnight Fund-Reg(G),DT-ON,Unrated,13.2,0.27,23-Aug-19,CRISIL Overnight Index,1117.77,1117.77,1075.73,0.49,1.3,2.32,3.91,3.43,3.48,-,-,0,-,-,-,-,-,-,0.01,0.01,6.02,0.4,4.08,5.51,-,0.1,Debt : Overnight,4.1,3.6,Nil
WhiteOak Capital Mutual Fund,WOC Tax Saver Fund-Reg(G),EQ-ELSS,Unrated,-,-,14-Oct-22,S&P BSE 500 - TRI,10.19,10.19,10,-,-,-,-,-,-,-,-,-,-,-,-,-,-,-,-,-,-,-,-,-,-,-,Equity : Tax Saving (ELSS),-1.86,16.69,Nil
WhiteOak Capital Mutual Fund,WOC Ultra Short Term Fund-Reg(G),DT-USD,Unrated,71.9,1.03,6-Jun-19,CRISIL Ultra Short Term Debt Index,1143.34,1143.34,1107.98,0.36,1.02,1.78,3.19,3.58,3.73,-,-,0,-,-,-,-,-,-,0.35,0.33,6.48,0.5,1.89,3.25,0.03,0.27,Debt : Ultra Short Duration,3.68,4.48,Nil
